Icon,Title EN,Title PT,Description EN,Description PT,Exclusive EN,Exclusive PT,Type EN,Type PT
https://raw.githubusercontent.com/fantasfor/soulmasktalents/main/imgs/thumb_317.png,Slow Pace,Passo Lento,"Slow paced, Movement Speed -[5,10,15]%.","Passos lentos, a Velocidade de Movimento é reduzida em -[5,10,15]%.",,Nenhum,Normal,Normal
https://raw.githubusercontent.com/fantasfor/soulmasktalents/main/imgs/thumb_319.png,Attack Weakening,Enfraquecimento de Ataque,"Can't even catch a pig with any success. ATK -[3,6,9]%.","Não consegue nem agarrar um porco. ATQ diminui em -[3,6,9]%.",,Nenhum,Normal,Normal
https://raw.githubusercontent.com/fantasfor/soulmasktalents/main/imgs/thumb_331.png,Poor Hearing,Audição Ruim,"Poor hearing. Not sensitive to sounds. Can only hear sounds [5,10,15] decibels louder than the average person.","Audição ruim. Não é sensível a sons. Só pode ouvir sons [5,10,15] decibéis mais altos do que a pessoa média.",,Nenhum,Normal,Normal
https://raw.githubusercontent.com/fantasfor/soulmasktalents/main/imgs/thumb_334.png,Rapid Absorption (Food),Absorção Rápida (Alimento),"A voracious eater with a fast metabolism, Satiety Consumption +[10,30,50]%.","Consumo de Alimentos aumentado em +[10,30,50]% devido a um alto metabolismo.",,Nenhum,Normal,Normal
https://raw.githubusercontent.com/fantasfor/soulmasktalents/main/imgs/thumb_346.png,Soft Leather - Weak Blunt Strike,Pele Amolecida - Vulnerabilidade à Concussão,"Not very sturdy against blunt attacks. The DMG taken from blunt-type attacks increases by [15,20,25]%.","Não é muito resistente contra ataques contundentes. O dano sofrido de ataques do tipo contundente aumenta em [15,20,25]%.",,Nenhum,Normal,Normal
https://raw.githubusercontent.com/fantasfor/soulmasktalents/main/imgs/thumb_348.png,Poor in Melee Combat,Inaptidão em Combate Corpo-a-Corpo,"Weak in melee fight, reducing damage dealt to enemies within 5 meters by [5,10,15]%.","Fraco em luta corpo a corpo, reduzindo o dano causado a inimigos a menos de 5 metros em [5,10,15]%.",,Nenhum,Normal,Normal
https://raw.githubusercontent.com/fantasfor/soulmasktalents/main/imgs/thumb_352.png,Slow Shooting,Tiros Lentos,"Mastered some poor shooting skills of bows. Charge time of bows +[30,50,80]%.","Dominou algumas habilidades ruins de tiro com arcos. O tempo de carregamento total dos arcos é estendido em +[30,50,80]%.",,Nenhum,Normal,Normal
https://raw.githubusercontent.com/fantasfor/soulmasktalents/main/imgs/thumb_354.png,Add Insult to Injury,Sal na Ferida,"Anemia can be life-threatening. When HP falls below 30%, loses an additional [10,15,20]% HP within 10 seconds. (CD: 50s)","A anemia pode ser fatal. Quando o PV cai abaixo de [10,15,20]%, perde 10% adicionais de PV em 10 segundos. (CD: 50s)",,Nenhum,Normal,Normal
https://raw.githubusercontent.com/fantasfor/soulmasktalents/main/imgs/thumb_356.png,Flame of Friendship,Chama da Amizade,"Ignite your body and soul with your friends! When you catch fire, spread the flames to nearby allies within [1,2,3]m.","Incendiar-se com seus amigos pode ser divertido. Quando o corpo está em chamas, o fogo é transmitido para aliados em um raio de [1,2,3] metro.",,Nenhum,Normal,Normal
https://raw.githubusercontent.com/fantasfor/soulmasktalents/main/imgs/thumb_318.png,Weak Attack,Ataque Fraco,"Launches a weak attack, Attack Speed -[5,10,15]%.","Lança um ataque fraco, reduzindo a Velocidade de Ataque em -[5,10,15]%.",,Nenhum,Normal,Normal
https://raw.githubusercontent.com/fantasfor/soulmasktalents/main/imgs/thumb_320.png,Weakened DEF,DEF Enfraquecida,"Dropped guard, reducing DEF by [3,6,9]%.","Guarda baixa, reduzindo a DEF em [3,6,9]%.",,Nenhum,Normal,Normal
https://raw.githubusercontent.com/fantasfor/soulmasktalents/main/imgs/thumb_321.png,Injury Worsening,Piora de Lesão,"Has a weak body that is more susceptible to injury, DMG taken +[3,6,9]%.","Tem um corpo fraco que é mais suscetível a lesões, aumentando o Dano sofrido em +[3,6,9]%.",,Nenhum,Normal,Normal
https://raw.githubusercontent.com/fantasfor/soulmasktalents/main/imgs/thumb_322.png,Poor Health,Saúde Precária,"Looks weaker than most people, Max HP -[3,6,9]%.","Parece mais fraco do que a maioria das pessoas, diminuindo o PV Máximo em -[3,6,9]%.",,Nenhum,Normal,Normal
https://raw.githubusercontent.com/fantasfor/soulmasktalents/main/imgs/thumb_323.png,Heavy Footsteps,Passos Pesados,"Takes heavy steps, increasing the volume footfall noise by [40,70,100]%.","Passos pesados, aumentando o ruído dos passos em [40,70,100]%.",,Nenhum,Normal,Normal
https://raw.githubusercontent.com/fantasfor/soulmasktalents/main/imgs/thumb_324.png,World-shaking,Agitação Mundial,"Able to detect the sounds of approaching objects before they are seen. The volume of all sounds is amplified by [40,70,100]%.","Consegue detectar os sons de objetos se aproximando antes de serem vistos. O volume de todos os sons é amplificado em [40,70,100]%.",,Nenhum,Normal,Normal
https://raw.githubusercontent.com/fantasfor/soulmasktalents/main/imgs/thumb_325.png,Suspicious Behavior,Comportamento Suspeito,"Acts in a high-profile manner, Vigilance +[20,40,60]% when spotted by enemies.","Age de maneira chamativa, aumentando a Vigilância do inimigo em +[20,40,60]% ao ser avistado.",,Nenhum,Normal,Normal
https://raw.githubusercontent.com/fantasfor/soulmasktalents/main/imgs/thumb_326.png,Slow-witted,Lerdeza,"When self-awareness dominates the body, the likelihood of the body taking self-protective reactions to danger is reduced by [10,15,20]%.","Quando a autoconsciência domina o corpo, a probabilidade de o corpo tomar reações autoprotetoras ao perigo é reduzida em [10,15,20]%.",,Nenhum,Normal,Normal
https://raw.githubusercontent.com/fantasfor/soulmasktalents/main/imgs/thumb_327.png,No Load Wanted,Inaptição para Carga,"Carries weight without any skill. Max Load -[20,40,60]%.","Carrega peso sem a menor habilidade, reduzindo a Carga Máxima em -[20,40,60]%.",,Nenhum,Normal,Normal
https://raw.githubusercontent.com/fantasfor/soulmasktalents/main/imgs/thumb_328.png,Prone to Hunger,Propensão à Fome,"Small appetite, can only eat a little food. Max Satiety -[20,30,40]%.","Pouco apetite, só pode comer um pouco de alimentos. Saciedade Máxima é reduzida em -[20,30,40]%.",,Nenhum,Normal,Normal
https://raw.githubusercontent.com/fantasfor/soulmasktalents/main/imgs/thumb_329.png,Prone to Thirst,Propensão à Sede,"Small appetite, can only drink a little water. Max Hydration -[20,30,40]%.","Pouco apetite, só pode beber um pouco de água. Hidratação Máxima é reduzida em -[20,30,40]%.",,Nenhum,Normal,Normal
https://raw.githubusercontent.com/fantasfor/soulmasktalents/main/imgs/thumb_330.png,Short Sight,Visão Curta,"Bad vision, view distance -[3,5,10] meters.","Visão ruim, a distância de visão é encurtada em -[3,5,10] metros.",,Nenhum,Normal,Normal
https://raw.githubusercontent.com/fantasfor/soulmasktalents/main/imgs/thumb_332.png,Thick Blood,Sangue Grosso,"Poor self-healing ability. Natural HP Recovery -[30,50,70]%.","Pobre capacidade de autocura. A recuperação natural de PV é reduzida em -[30,50,70]%.",,Nenhum,Normal,Normal
https://raw.githubusercontent.com/fantasfor/soulmasktalents/main/imgs/thumb_333.png,Stamina Depleted,Vigor Esgotado,"A slacker. Stamina Recovery -[20,30,50]%.","Preguiçoso. A recuperação de Vigor é reduzida em -[20,30,50]%.",,Nenhum,Normal,Normal
https://raw.githubusercontent.com/fantasfor/soulmasktalents/main/imgs/thumb_335.png,Rapid Absorption (Water),Absorção Rápida (Água),"Drinks a lot water and excrete quickly. Water consumption +[10,30,50]%.","Bebe muito e digere rapidamente, aumentando o consumo de hidratação em +[10,30,50]%.",,Nenhum,Normal,Normal
https://raw.githubusercontent.com/fantasfor/soulmasktalents/main/imgs/thumb_336.png,Slow Growth,Crescimento Lento,"Can barely learn anything new from previous experiences. Growth EXP gained -[20,40,60]%.","Mal consegue aprender com experiências anteriores, reduzindo a quantidade de EXP de Crescimento ganha em -[20,40,60]%.",,Nenhum,Normal,Normal
https://raw.githubusercontent.com/fantasfor/soulmasktalents/main/imgs/thumb_337.png,Single Blade DMG Reduction,Redução de Dano da Lâmina de Uma Mão,"Using a single-handed blade produces less threat. Single-blade DMG -[10,15,20]%.","Usar uma lâmina de uma mão é menos ameaçador. O dano causado pela lâmina diminui em -[10,15,20]%.",,Nenhum,Normal,Normal
https://raw.githubusercontent.com/fantasfor/soulmasktalents/main/imgs/thumb_338.png,Spear DMG Reduction,Redução de Dano da Lança,"Using a spear produces less threat. Spear DMG -[10,15,20]%.","Usar uma lança é menos ameaçador. O dano causado pela lança diminui em -[10,15,20]%.",,Nenhum,Normal,Normal
https://raw.githubusercontent.com/fantasfor/soulmasktalents/main/imgs/thumb_339.png,Bow DMG Reduction,Redução de Dano do Arco,"Using a bow produces less threat. Bow DMG -[10,15,20]%.","Usar um arco é menos ameaçador. O dano causado pelo arco diminui em -[10,15,20]%.",,Nenhum,Normal,Normal
https://raw.githubusercontent.com/fantasfor/soulmasktalents/main/imgs/thumb_340.png,Hammer DMG Reduction,Redução de Dano do Martelo,"Using hammers produces less threat. Hammer DMG -[10,15,20]%.","Usar um martelo é menos ameaçador. O dano causado pelo martelo diminui em -[10,15,20]%.",,Nenhum,Normal,Normal
https://raw.githubusercontent.com/fantasfor/soulmasktalents/main/imgs/thumb_341.png,Gauntlets DMG Reduction,Redução de Dano das Manoplas,"Using a pair of gauntlets produces less threat. Gauntlets DMG -[10,15,20]%.","Usar um par de manoplas é menos ameaçador. O dano causado pelas manoplas diminui em -[10,15,20]%.",,Nenhum,Normal,Normal
https://raw.githubusercontent.com/fantasfor/soulmasktalents/main/imgs/thumb_342.png,Giant Sword DMG Reduction,Redução de Dano da Espada Gigante,"Using a giant sword produces less threat. Giant Sword DMG -[10,15,20]%.","Usar uma espada gigante é menos ameaçador. O dano causado pela espada gigante diminui em -[10,15,20]%.",,Nenhum,Normal,Normal
https://raw.githubusercontent.com/fantasfor/soulmasktalents/main/imgs/thumb_343.png,Dual-blade DMG Reduction,Redução de Dano da Lâmina de Duas Mãos,"Using a dual-blade produces less threat. Dual-blade DMG -[10,15,20]%.","Usar uma lâmina de duas mãos é menos ameaçador. O dano causado pela lâmina de duas mãos diminui em -[10,15,20]%.",,Nenhum,Normal,Normal
https://raw.githubusercontent.com/fantasfor/soulmasktalents/main/imgs/thumb_344.png,Soft Leather - Weak Pierce,Pele Amolecida - Vulnerabilidade à Perfuração,"Not very sturdy against Pierce attacks. The DMG taken from piercing-type attacks increases by [15,20,25]%.","Não é muito resistente contra ataques perfurantes. O dano sofrido de ataques do tipo perfurante aumenta em [15,20,25]%.",,Nenhum,Normal,Normal
https://raw.githubusercontent.com/fantasfor/soulmasktalents/main/imgs/thumb_345.png,Soft Leather - Weak Slash,Pele Amolecida - Vulnerabilidade à Corte,"Not very sturdy against slash attacks. The DMG taken from slash-type attacks increases by [15,20,25]%.","Não é muito resistente contra ataques cortantes. O dano sofrido de ataques do tipo cortante aumenta em [15,20,25]%.",,Nenhum,Normal,Normal
https://raw.githubusercontent.com/fantasfor/soulmasktalents/main/imgs/thumb_347.png,Clumsy,Desajeitado,"Has techniques that are too rough, resulting in a [10,20,30]% increase in Stamina cost for actions that require Stamina.","Tem técnicas muito rudimentares, resultando em um aumento de [10,20,30]% no custo de Vigor para ações que requerem Vigor.",,Nenhum,Normal,Normal
https://raw.githubusercontent.com/fantasfor/soulmasktalents/main/imgs/thumb_349.png,Poor in Remote Attack,Inaptidão em Ataque à Distância,"Weak in ranged attack, reducing damage dealt to enemies 20 meters away by [5,10,15]%.","Fraco em ataque à distância, reduzindo o dano causado a inimigos a mais de 20 metros de distância em [5,10,15]%.",,Nenhum,Normal,Normal
https://raw.githubusercontent.com/fantasfor/soulmasktalents/main/imgs/thumb_350.png,Born with Bad Luck,Azarado de Nascimento,"The God of Misfortune casts its shadow, reducing the trigger chance of all talents by [10,15,20]%.","O Deus do Infortúnio lança sua sombra, reduzindo a chance de ativação de todos os talentos em [10,15,20]%.",,Nenhum,Normal,Normal
https://raw.githubusercontent.com/fantasfor/soulmasktalents/main/imgs/thumb_351.png,Clumsy Footsteps,Passos Desajeitados,"Mastered some poor movement skills of bows. Movement Speed -[30,50,80]% when aiming with bows.","Dominou algumas habilidades ruins de movimentação com arcos. A Velocidade de Movimento é reduzida em -[30,50,80]% ao mirar com arcos.",,Nenhum,Normal,Normal
https://raw.githubusercontent.com/fantasfor/soulmasktalents/main/imgs/thumb_353.png,Slow Reload,Recarga Lenta,"It's just so hard to learn. Crossbow Tower, and Ballista Reload Time +[20,35,50]%","Não adianta, não consegue aprender. Ao usar a Torre de Flechas ou a Balista de Cerco, a o tempo de recarga é aumentado em +[20,35,50]%.",,Nenhum,Normal,Normal
https://raw.githubusercontent.com/fantasfor/soulmasktalents/main/imgs/thumb_355.png,Flame Fear,Temor às Chamas,"When the body is ignited, amplifies the Burn effects and the unit deals [20,25,30]% less damage.","Quando o corpo está em chamas, o efeito das queimaduras se intensifica e o dano causado por si mesmo é reduzido em [20,25,30]%.",,Nenhum,Normal,Normal
https://raw.githubusercontent.com/fantasfor/soulmasktalents/main/imgs/thumb_357.png,Slow Bandaging,Bandagem Lenta,"The forever laughingstock at the Tribe's bandaging competition. Bandage Time +[30,40,50]%.","Sempre motivo de risos nas competições de bandagem da tribo. O tempo de bandagem é aumentado em +[30,40,50]%.",,Nenhum,Normal,Normal
https://raw.githubusercontent.com/fantasfor/soulmasktalents/main/imgs/thumb_358.png,Devious Heart,Má Intenção,"Adepts at spreading rumors and manipulating hearts with a sinister mindset, when betraying the tribe, they may take away [1,2,3] Tribesmen with low Recognition.","Habilidoso em manipular e espalhar boatos, ao trair a tribo pode levar consigo [1,2,3] membros da tribo de baixo reconhecimento.",,Nenhum,Normal,Normal
https://raw.githubusercontent.com/fantasfor/soulmasktalents/main/imgs/thumb_197.png,Origin - Porter,Origem - Faz-tudo,"Proficiency growth rate for learning weaving, potting, wood & stone, leatherworking, and kilning +[50,60,75]%.","Muitas das habilidades e sabedoria da tribo são passadas de artesão para artesão. Com essa tradição, a taxa de crescimento da proficiência em tecelagem, trabalho com madeira e pedra, curtume, cerâmica e forno aumenta em +[50,60,75]%.",,Nenhum,Origin,Origem
https://raw.githubusercontent.com/fantasfor/soulmasktalents/main/imgs/thumb_365.png,Origin - Chore Warm-up,Origem - Ineficiência Artesanal,"Proficiency growth rate for learning weaving, wood planing, stone cutting, leatherworking, potting, and kilning -[25,35,50]%.","Vindo de uma família de péssimos artesões, desde jovem, a taxa de crescimento da proficiência em tecelagem, trabalho em madeira e pedra, curtimento, cerâmica e forno é reduzida em -[25,35,50]%.",,Nenhum,Origin,Origem
https://raw.githubusercontent.com/fantasfor/soulmasktalents/main/imgs/thumb_368.png,Origin - Manual Warm-up,Origem - Ineficiência Manual,"Proficiency growth rate for learning craftsmanship, alchemy, weapon crafting, armor crafting and cooking -[25,35,50]%.","Devido à completa ausência do gene de artífice herdado da família, a taxa de crescimento da proficiência em artesanato, alquimia, fabricação de armas, fabricação de armaduras e culinária diminui em -[25,35,50]%.",,Nenhum,Origin,Origem
https://raw.githubusercontent.com/fantasfor/soulmasktalents/main/imgs/thumb_194.png,Origin - Laborer,Origem - Trabalhador,"Proficiency growth rate for logging, mining, planting, and harvesting +[50,60,75]%.","Vem de uma família com muitos artesãos habilidosos, mas pouco inclinados ao trabalho árduo. Influenciados pelos familiares, a taxa de crescimento da proficiência em corte de madeira, mineração, plantio e colheita é reduzida em 25%.",,Nenhum,Origin,Origem
https://raw.githubusercontent.com/fantasfor/soulmasktalents/main/imgs/thumb_200.png,Origin - Craftsman,Origem - Artesão,"Proficiency growth rate for learning craftsmanship, alchemy, weapon crafting, armor crafting and cooking +[50,60,75]%.","Nascido em uma família de artesãos, desde jovem absorveu conhecimentos em artesanato, fabricação de armas e armaduras, alquimia e culinária. A taxa de crescimento da proficiência nessas habilidades aumenta em +[50,60,75]%.",,Nenhum,Origin,Origem
https://raw.githubusercontent.com/fantasfor/soulmasktalents/main/imgs/thumb_203.png,Origin - Fighting,Origem - Luta,"Proficiency growth rate for blade, dual-blade, hammer, great sword, and gauntlets +[50,60,75]%.","Nascido em uma família de guerreiros, foi exposto desde cedo ao aprendizado de habilidades com lâmina, lâmina de duas mãos, martelos, espadas grandes e manoplas. Como resultado, a taxa de crescimento da proficiência nessas armas aumenta em +[50,60,75]%.",,Nenhum,Origin,Origem
https://raw.githubusercontent.com/fantasfor/soulmasktalents/main/imgs/thumb_206.png,Origin - Hunting,Origem - Caça,"Proficiency growth rate for bow, spear, blade, dual-blade, and gauntlets +[50,60,75]%.","Nascido em uma família de caçadores, desde jovem, aprendeu o uso do arco, lança, lâmina, lâmina de duas mãos e manoplas. Como resultado, a taxa de crescimento da proficiência nessas armas aumenta em +[50,60,75]%.",,Nenhum,Origin,Origem
https://raw.githubusercontent.com/fantasfor/soulmasktalents/main/imgs/thumb_209.png,Origin - Guard,Origem - Guarda,"Proficiency growth rate for great sword, blade, spear, shield, and bow +[50,60,75]%.","Já serviu como guarda do templo em várias ocasiões, sendo amplamente reconhecido por sua habilidade marcial excepcional. Como resultado, a taxa de crescimento de proficiência para espadas grandes, lâmina, escudos, lanças e arcos aumenta em +[50,60,75]%.",,Nenhum,Origin,Origem
https://raw.githubusercontent.com/fantasfor/soulmasktalents/main/imgs/thumb_362.png,Origin - Work Warm-up,Origem - Ineficiência em Trabalho Árduo,"Proficiency growth rate for logging, mining, planting, and harvesting -[25,35,50]%.","Vem de uma família com muitos artesãos habilidosos, mas pouco inclinados ao trabalho árduo. Influenciados pelos familiares, a taxa de crescimento da proficiência em corte de madeira, mineração, plantio e colheita é reduzida em -[25,35,50]%.",,Nenhum,Origin,Origem
https://raw.githubusercontent.com/fantasfor/soulmasktalents/main/imgs/thumb_371.png,Origin - Obsessed with Fighting,Origem - Obsessão por Luta,"Proficiency growth rate for spear, bow, and shield -[25,35,50]%.","Atento aos detalhes. A taxa de crescimento da proficiência em tecelagem, cerâmica e curtume aumenta em -[25,35,50]%.",,Nenhum,Origin,Origem
https://raw.githubusercontent.com/fantasfor/soulmasktalents/main/imgs/thumb_374.png,Origin - Obsessed with Hunting,Origem - Obsessão por Caça,"Proficiency growth rate for great sword, shield, and hammer decreases by [25,35,50]%.","Na juventude, exibiu um certo talento para caça, resultando em um crescimento exagerado nessa área, mas negligenciando o desenvolvimento de outras habilidades. A taxa de crescimento da proficiência em espadas grandes, escudos e martelos é reduzida em [25,35,50]%.",,Nenhum,Origin,Origem
https://raw.githubusercontent.com/fantasfor/soulmasktalents/main/imgs/thumb_377.png,Origin - Obsessed with Guarding,Origem - Obsessão pela Guarda,"Proficiency growth rate for dual-blade, gauntlets, and hammer -[25,35,50]%.","Foi duramente criticado pelos membros da tribo por sua falta de habilidades defensivas. Por isso, concentrou-se excessivamente no aprimoramento da habilidade defensiva, negligenciando as habilidades com lâmina de duas mãos, manoplas e martelos. A taxa de crescimento da proficiência nessas habilidades é reduzida em -[25,35,50]%.",,Nenhum,Origin,Origem
https://raw.githubusercontent.com/fantasfor/soulmasktalents/main/imgs/thumb_154.png,Personality: Gentle,Personalidade: Gentil,Has a gentle nature and is pretty normal in both life and combat. It's unlikely he'll do anything peculiar.,Tem uma natureza gentil e é bastante normal na vida e no combate. É improvável que faça algo notável.,,Nenhum,Personality,Personalidade
https://raw.githubusercontent.com/fantasfor/soulmasktalents/main/imgs/thumb_155.png,Personality: Cautious,Personalidade: Cauteloso,Has a cautious nature and is pretty proper in both life and combat. It's unlikely this person will do anything peculiar.,Tem uma natureza cautelosa e é bastante comedido na vida e no combate. É improvável que esta pessoa faça algo notável.,,Nenhum,Personality,Personalidade
https://raw.githubusercontent.com/fantasfor/soulmasktalents/main/imgs/thumb_156.png,Personality: Aggressive,Personalidade: Agressivo,"Boasts a radical personality that is contagious; strong and determined in both life and combat, and courageously moves forward without giving up.","Sua personalidade radical é contagiosa. É forte e determinado na vida e no combate, avançando corajosamente sem desistir.",,Nenhum,Personality,Personalidade
https://raw.githubusercontent.com/fantasfor/soulmasktalents/main/imgs/thumb_157.png,Personality: Manic,Personalidade: Maníaco,Prone to both mania and rage; lives a brash life and fights with reckless abandon; has huge destructive power.,É propenso à mania e à raiva. Vive uma vida impetuosa e luta com abandono imprudente. Tem um grande poder destrutivo.,,Nenhum,Personality,Personalidade
https://raw.githubusercontent.com/fantasfor/soulmasktalents/main/imgs/thumb_158.png,Personality: Lazy,Personalidade: Preguiçoso,"Lazy with no interest in progress. Feebly sits and waits for work in both life and combat. Simultaneously, is not easily influenced by others.","Preguiçoso e sem interesse em progredir. Fica sentado esperando o trabalho chegar tanto na vida quanto em combate. Ao mesmo tempo, não é facilmente influenciado por outros.",,Nenhum,Personality,Personalidade
https://raw.githubusercontent.com/fantasfor/soulmasktalents/main/imgs/thumb_159.png,Personality: Coward,Personalidade: Covarde,"When you're all panicky or too scared to stand up for yourself, things can go downhill real quick in both life and combat.","Quando está em pânico ou com muito medo de se defender, as coisas podem piorar rapidamente na vida e no combate.",,Nenhum,Personality,Personalidade
https://raw.githubusercontent.com/fantasfor/soulmasktalents/main/imgs/thumb_244.png,Likes staple food,Gosta de alimentos básicos,"Feels content and gains [20,40] Mood when consuming food that provides satiety. For the next 15 minutes, the rate of mood decline decreases by [30,50]% and mood-improvement effects increase by [75,100]%.","Sente-se satisfeito e ganha 40 de Humor ao consumir alimentos que proporcionam saciedade. Pelos próximos 15 minutos, a taxa de queda do humor diminui em [20,40] e os efeitos de melhoria do humor aumentam em [30,50]%.",,Nenhum,Preferences,Preferências
https://raw.githubusercontent.com/fantasfor/soulmasktalents/main/imgs/thumb_247.png,Love meat,Uma predileção por carne,"A meat enthusiast who is satisfied when consuming meat and gains 60 Mood. For the next 15 minutes, the rate of mood decline decreases by 70%, and mood-improvement effects increase by 125%. (During this time, it can lead to a state of elation.)","Entusiasta da carne, fica satisfeito ao consumir carne e ganha 60 de Humor. Pelos próximos 15 minutos, a taxa de queda do humor diminui em 70% e os efeitos de melhoria do humor aumentam em 125%. (Durante este período, é possível alcançar um estado de euforia.)",,Nenhum,Preferences,Preferências
https://raw.githubusercontent.com/fantasfor/soulmasktalents/main/imgs/thumb_262.png,Likes snow,Gosta de Neve,"Loves winter in particular and gains [20,40] Mood when it snows. For the next 15 minutes, the rate of mood decline decreases by [30,50]%, and mood-improvement effects increase by [75,100]%.","Tem uma afinidade com dias nevados e recebe 40 pontos de Humor quando neva. Além disso, durante 15 minutos, a taxa de queda de Humor diminui em [20,40] e os pontos de Humor adquiridos aumentam em [30,50]%.",,Nenhum,Preferences,Preferências
https://raw.githubusercontent.com/fantasfor/soulmasktalents/main/imgs/thumb_267.png,Love baths,Uma predileção por banhos,"Likes baths and gains 60 Mood when having a bath. For the next 15 minutes, the rate of mood decline decreases by 70%, and mood-improvement effects increase by 125%. (During this time, it can lead to a state of elation.)","Gosta de banhos e sente um aumento de 60 de Humor ao tomar banho. Pelos próximos 15 minutos, a taxa de queda do humor diminui em 70% e os efeitos de melhoria do humor aumentam em 125%. (Durante este período, é possível alcançar um estado de euforia.)",,Nenhum,Preferences,Preferências
https://raw.githubusercontent.com/fantasfor/soulmasktalents/main/imgs/thumb_268.png,Likes leather gear,Gosta de equipamentos de couro,"Likes the texture of leather and gains [20,40] Mood when equipped with leather gear. For the next 15 minutes, the rate of mood decline decreases by [30,50]%, and mood-improvement effects increase by [75,100]%.","Gosta da textura do couro e ganha 40 de Humor ao usar equipamentos de couro. Pelos próximos 15 minutos, a taxa de queda do humor diminui em [20,40] e os efeitos de melhoria do humor aumentam em [30,50]%.",,Nenhum,Preferences,Preferências
https://raw.githubusercontent.com/fantasfor/soulmasktalents/main/imgs/thumb_274.png,Likes stone weapons,Gosta de armas de pedra,"Likes stone weapons and gains [20,40] Mood when equipped with stone weapons. For the next 15 minutes, the rate of mood decline decreases by [30,50]%, and mood-improvement effects increase by [75,100]%.","Gosta de armas de pedra e ganha 40 de Humor ao usar armas de pedra. Pelos próximos 15 minutos, a taxa de queda do humor diminui em [20,40] e os efeitos de melhoria do humor aumentam em [30,50]%.",,Nenhum,Preferences,Preferências
https://raw.githubusercontent.com/fantasfor/soulmasktalents/main/imgs/thumb_289.png,Love to be by water,Uma predileção por estar perto da água,"With a unique reliance on water bodies, gains 60 Mood when living near a water body. For the next 15 minutes, the rate of mood decline decreases by 70%, and mood-improvement effects increase by 125%. (During this time, it can lead to a state of elation.)","Com uma dependência única de corpos d'água, ganha 60 de Humor ao viver perto de um corpo d'água. Pelos próximos 15 minutos, a taxa de queda do humor diminui em 70% e os efeitos de melhoria do humor aumentam em 125%. (Durante este período, é possível alcançar um estado de euforia.)",,Nenhum,Preferences,Preferências
https://raw.githubusercontent.com/fantasfor/soulmasktalents/main/imgs/thumb_298.png,Likes scorching heat,Gosta de calor escaldante,"A special physiological response to scorching heat that gives [20,40] Mood. For the next 15 minutes, the rate of mood decline decreases by [30,50]%, and mood-improvement effects increase by [75,100]%.","Uma resposta fisiológica especial ao calor escaldante que dá 40 de Humor. Pelos próximos 15 minutos, a taxa de queda do humor diminui em [20,40] e os efeitos de melhoria do humor aumentam em [30,50]%.",,Nenhum,Preferences,Preferências
https://raw.githubusercontent.com/fantasfor/soulmasktalents/main/imgs/thumb_310.png,Likes defecation,Gosta de defecar,"Likes defecating and gains [20,40] Mood when doing so. For the next 15 minutes, the rate of mood decline decreases by [30,50]%, and mood-improvement effects increase by [75,100]%.","Gosta de defecar e ganhar 40 pontos de Humor ao fazê-lo. Por 15 minutos, a taxa de queda de Humor é reduzida em [20,40] e os pontos de Humor adquiridos aumentam em [30,50]%.",,Nenhum,Preferences,Preferências
https://raw.githubusercontent.com/fantasfor/soulmasktalents/main/imgs/thumb_396.png,Dislikes sauced meat,Não gosta de carne ao molho,"Eating sauced meat lowers 6 Mood. For the next 5 minutes, the rate of mood decline increases by 100%, and mood-improving effects decrease by 60%. (In the duration, enters a state of melancholy)","Comer carne ao molho diminui 6 de Humor. Pelos próximos 5 minutos, a taxa de queda do humor aumenta em 100% e os efeitos de melhoria do humor diminuem em 60%. (Neste período, entra em um estado de melancolia.)",,Nenhum,Preferences,Preferências
https://raw.githubusercontent.com/fantasfor/soulmasktalents/main/imgs/thumb_405.png,Aversion to Sunny Days,Aversão a dias ensolarados,"Feels aversion to sunlight and Mood drops by [2,4] in sunny days. For the next 5 minutes, the rate of mood decline increases by [50,75]% and mood-improvement effects decrease by [20,40]%.","O tempo ensolarado causa desconforto, diminuindo 2 de Humor em dias ensolarados. Pelos próximos 5 minutos, a taxa de queda do humor aumenta em [2,4], e os efeitos de melhoria do humor diminuem em [50,75]%.",,Nenhum,Preferences,Preferências
https://raw.githubusercontent.com/fantasfor/soulmasktalents/main/imgs/thumb_408.png,Dislikes rain,Não gosta de dias chuvosos,"Get irritated in rainy days and Mood drops by 6 when it rains. For the next 5 minutes, the rate of mood decline increases by 100% and mood-improvement effects decrease by 60%. (In the duration, enters a state of melancholy)","O tempo chuvoso causa irritação, diminuindo 6 pontos de Humor em dias chuvosos. Pelos próximos 5 minutos, a taxa de queda do humor aumenta em 100%, e os efeitos de melhoria do humor diminuem em 60%. (Neste período, entra em um estado de melancolia.)",,Nenhum,Preferences,Preferências
https://raw.githubusercontent.com/fantasfor/soulmasktalents/main/imgs/thumb_414.png,Dislikes baths,Não gosta de banhos,"Dislikes the feeling of being soaked by water and loses 6 Mood when having a bath. For the next 5 minutes, the rate of mood decline increases by 100% and mood-improvement effects decrease by 60%. (In the duration, enters a state of melancholy)","Odeia a sensação de estar molhado. Perde 6 pontos de Humor ao tomar banho. Por 5 minutos, a taxa de queda de Humor é aumentada em 100% e os pontos de Humor adquiridos reduzem em 60%. (Neste período, entra em um estado de melancolia.)",,Nenhum,Preferences,Preferências
https://raw.githubusercontent.com/fantasfor/soulmasktalents/main/imgs/thumb_420.png,Dislikes cloth gear,Não gosta de trajes de pano,"Dislikes low-quality costumes and Mood drops by 6 when equipped with cloth gear. For the next 5 minutes, the rate of mood decline increases by 100% and mood-improvement effects decrease by 60%. (In the duration, enters a state of melancholy)","Não gosta de trajes de baixa qualidade. Perde 6 de Humor ao equipar trajes de pano. Pelos próximos 5 minutos, a taxa de queda do humor aumenta em 100% e os efeitos de melhoria do humor diminuem em 60%. (Neste período, entra em um estado de melancolia.)",,Nenhum,Preferences,Preferências
https://raw.githubusercontent.com/fantasfor/soulmasktalents/main/imgs/thumb_426.png,Dislikes bronze weapons,Não gosta de armas de bronze,"Loses 6 Mood when equipped with bronze weapons. For the next 5 minutes, the rate of mood decline increases by 100% and mood-improvement effects decrease by 60%. (In the duration, enters a state of melancholy)","Perde 6 de Humor ao equipar armas de bronze. Pelos próximos 5 minutos, a taxa de queda do humor aumenta em 100% e os efeitos de melhoria do humor diminuem em 60%. (Neste período, entra em um estado de melancolia.)",,Nenhum,Preferences,Preferências
https://raw.githubusercontent.com/fantasfor/soulmasktalents/main/imgs/thumb_451.png,Aversion to monkey,Desgosto por macacos,"Gets annoyed by naughty monkeys, and loses [2,4] Mood when there's a monkey nearby. For the next 5 minutes, the rate of mood decline increases by [50,75]% and mood-improvement effects decrease by [20,40]%.","Se irrita com macacos travessos e por isso perde 2 pontos de Humor na presença deles. Por 5 minutos, a taxa de queda de Humor é aumentada em [2,4] e os pontos de Humor adquiridos reduzem em [50,75]%.",,Nenhum,Preferences,Preferências
https://raw.githubusercontent.com/fantasfor/soulmasktalents/main/imgs/thumb_245.png,Love staple food,Uma predileção por alimentos básicos,"Feels satisfaction and gains 60 Mood when consuming staple food. For the next 15 minutes, the rate of mood decline decreases by 70%, and mood-improvement effects increase by 125%. (During this time, it can lead to a state of elation.)","Sente satisfação e ganha 60 de Humor ao consumir alimentos básicos. Pelos próximos 15 minutos, a taxa de queda do humor diminui em 70%, e os efeitos de melhoria do humor aumentam em 125%. (Durante este período, é possível alcançar um estado de euforia.)",,Nenhum,Preferences,Preferências
https://raw.githubusercontent.com/fantasfor/soulmasktalents/main/imgs/thumb_246.png,Likes meat,Gosta de carne,"Likes meat and gains [20,40] Mood when consuming it. For the next 15 minutes, the rate of mood decline decreases by [30,50]%, and mood-improvement effects increase by [75,100]%.","Gosta de carne e ganha 40 de Humor ao consumi-la. Pelos próximos 15 minutos, a taxa de queda do humor diminui em [20,40] e os efeitos de melhoria do humor aumentam em [30,50]%.",,Nenhum,Preferences,Preferências
https://raw.githubusercontent.com/fantasfor/soulmasktalents/main/imgs/thumb_248.png,Likes sauced meat,Gosta de carne ao molho,"Likes sauced meat and gains [20,40] Mood when consuming it. For the next 15 minutes, the rate of mood decline decreases by [30,50]%, and mood-improvement effects increase by [75,100]%.","Gosta de carne ao molho e ganha 40 de Humor ao consumi-la. Pelos próximos 15 minutos, a taxa de queda do humor diminui em [20,40] e os efeitos de melhoria do humor aumentam em [30,50]%.",,Nenhum,Preferences,Preferências
https://raw.githubusercontent.com/fantasfor/soulmasktalents/main/imgs/thumb_249.png,Love sauced meat,Uma predileção por carne ao molho,"Passionate about sauced meat and gains 60 Mood when consuming it. For the next 15 minutes, the rate of mood decline decreases by 70%, and mood-improvement effects increase by 125%. (During this time, it can lead to a state of elation.)","Apaixonado por carne ao molho e ganha 60 de Humor ao consumi-la. Pelos próximos 15 minutos, a taxa de queda do humor diminui em 70% e os efeitos de melhoria do humor aumentam em 125%. (Durante este período, é possível alcançar um estado de euforia.)",,Nenhum,Preferences,Preferências
https://raw.githubusercontent.com/fantasfor/soulmasktalents/main/imgs/thumb_250.png,Likes tomatoes,Gosta de tomates,"Likes tomatoes and gains [20,40] Mood when consuming it. For the next 15 minutes, the rate of mood decline decreases by [30,50]%, and mood-improvement effects increase by [75,100]%.","Gosta de tomates e ganha 40 de Humor ao consumi-los. Pelos próximos 15 minutos, a taxa de queda do humor diminui em [20,40] e os efeitos de melhoria do humor aumentam em [30,50]%.",,Nenhum,Preferences,Preferências
https://raw.githubusercontent.com/fantasfor/soulmasktalents/main/imgs/thumb_251.png,Love tomatoes,Uma predileção por tomates,"A tomato enthusiast who gains 60 Mood when consuming tomatoes. For the next 15 minutes, the rate of mood decline decreases by 70%, and mood-improvement effects increase by 125%. (In the duration, enters a state of elation)","Entusiasta de tomates, ganha 60 de Humor ao consumir tomates. Pelos próximos 15 minutos, a taxa de queda do humor diminui em 70% e os efeitos de melhoria do humor aumentam em 125%. (Durante este período, é possível alcançar um estado de euforia.)",,Nenhum,Preferences,Preferências
https://raw.githubusercontent.com/fantasfor/soulmasktalents/main/imgs/thumb_252.png,Likes fruits & vegetables,Gosta de frutas e vegetais,"Likes fruits & vegetables and gains [20,40] Mood when consuming it. For the next 15 minutes, the rate of mood decline decreases by [30,50]%, and mood-improvement effects increase by [75,100]%.","Gosta de frutas e vegetais e ganha 40 de Humor ao consumi-los. Pelos próximos 15 minutos, a taxa de queda do humor diminui em [20,40] e os efeitos de melhoria do humor aumentam em [30,50]%.",,Nenhum,Preferences,Preferências
https://raw.githubusercontent.com/fantasfor/soulmasktalents/main/imgs/thumb_253.png,Love fruits & vegetables,Uma predileção por frutas e vegetais,"A fruits & vegetables enthusiast who gains 60 Mood when consuming fruits or vegetables. For the next 15 minutes, the rate of mood decline decreases by 70%, and mood-improvement effects increase by 125%. (During this time, it can lead to a state of elation.)","Entusiasta de frutas e vegetais, ganha 60 de Humor ao consumir frutas ou vegetais. Pelos próximos 15 minutos, a taxa de queda do humor diminui em 70% e os efeitos de melhoria do humor aumentam em 125%. (Durante este período, é possível alcançar um estado de euforia.)",,Nenhum,Preferences,Preferências
https://raw.githubusercontent.com/fantasfor/soulmasktalents/main/imgs/thumb_254.png,Likes tobacco,Gosta de tabaco,"Likes the scent of tobacco and gains [20,40] Mood when smoking. For the next 15 minutes, the rate of mood decline decreases by [30,50]%, and mood-improvement effects increase by [75,100]%.","Gosta do cheiro de tabaco e ganha 40 de Humor ao fumar. Pelos próximos 15 minutos, a taxa de queda do humor diminui em [20,40] e os efeitos de melhoria do humor aumentam em [30,50]%.",,Nenhum,Preferences,Preferências
https://raw.githubusercontent.com/fantasfor/soulmasktalents/main/imgs/thumb_255.png,Love tobacco,Uma predileção por tabaco,"A tobacco enthusiast who gains 60 Mood when smoking tobacco. For the next 15 minutes, the rate of mood decline decreases by 70%, and mood-improvement effects increase by 125%. (In the duration, enters a state of elation)","Entusiasta de tabaco, ganha 60 de Humor ao fumar tabaco. Pelos próximos 15 minutos, a taxa de queda do humor diminui em 70% e os efeitos de melhoria do humor aumentam em 125%. (Durante este período, é possível alcançar um estado de euforia.)",,Nenhum,Preferences,Preferências
https://raw.githubusercontent.com/fantasfor/soulmasktalents/main/imgs/thumb_256.png,Likes drinking,Gosta de beber,"Likes alcohol and gains [20,40] Mood when drinking. For the next 15 minutes, the rate of mood decline decreases by [30,50]%, and mood-improvement effects increase by [75,100]%.","Adora beber e se sente à vontade quando bebe. Ganha 40 pontos de Humor, e a taxa de diminuição do Humor reduz em [20,40] por 15 minutos e aumenta em [30,50]% ao ganhar pontos de Humor.",,Nenhum,Preferences,Preferências
https://raw.githubusercontent.com/fantasfor/soulmasktalents/main/imgs/thumb_257.png,Love drinking,Uma predileção por bebida,"Passionate about alcohol and gains 60 Mood when drinking. For the next 15 minutes, the rate of mood decline decreases by 70%, and mood-improvement effects increase by 125%. (During this time, it can lead to a state of elation.)","Gosta de beber e ganha 60 de Humor ao beber. Pelos próximos 15 minutos, a taxa de queda do humor diminui em 70% e os efeitos de melhoria do humor aumentam em 125%. (Durante este período, é possível alcançar um estado de euforia.)",,Nenhum,Preferences,Preferências
https://raw.githubusercontent.com/fantasfor/soulmasktalents/main/imgs/thumb_258.png,Likes sunny days,Gosta de dias ensolarados,"Likes sunlight and gains [20,40] Mood in sunny days. For the next 15 minutes, the rate of mood decline decreases by [30,50]%, and mood-improvement effects increase by [75,100]%.","Dias de sol traz conforto físico e mental, concedendo 40 pontos de Humor. Além disso, durante 15 minutos, a taxa de queda de Humor diminui em [20,40] e os pontos de Humor adquiridos aumentam em [30,50]%.",,Nenhum,Preferences,Preferências
https://raw.githubusercontent.com/fantasfor/soulmasktalents/main/imgs/thumb_259.png,Love Sunny Days,Predileção por dias ensolarados,"Likes sunlight and gains 60 Mood in sunny days. For the next 15 minutes, the rate of mood decline decreases by 70%, and mood-improvement effects increase by 125% (During this time, it can lead to a state of elation).","Dias de sol traz conforto físico e mental, concedendo 60 pontos de Humor. Além disso, durante 15 minutos, a taxa de queda de Humor diminui em 70% e os pontos de Humor adquiridos aumentam em 125%. (Durante este período, é possível alcançar um estado de euforia.)",,Nenhum,Preferences,Preferências
https://raw.githubusercontent.com/fantasfor/soulmasktalents/main/imgs/thumb_260.png,Likes rain,Gosta de Chuva,"Loves rain in particular and gains [20,40] Mood when it rains. For the next 15 minutes, the rate of mood decline decreases by [30,50]%, and mood-improvement effects increase by [75,100]%.","Tem uma afinidade com dias chuvosos e recebe 40 pontos de Humor quando chove. Além disso, durante 15 minutos, a taxa de queda de Humor diminui em [20,40] e os pontos de Humor adquiridos aumentam em [30,50]%.",,Nenhum,Preferences,Preferências
https://raw.githubusercontent.com/fantasfor/soulmasktalents/main/imgs/thumb_261.png,Love Rain,Predileção por Chuva,"Loves rain in particular and gains 60 Mood when it rains. For the next 15 minutes, the rate of mood decline decreases by 70%, and mood-improvement effects increase by 125%. (During this time, it can lead to a state of elation.)","Tem uma afinidade com dias chuvosos e recebe 60 pontos de Humor quando chove. Além disso, durante 15 minutos, a taxa de queda de Humor diminui em 70% e os pontos de Humor adquiridos aumentam em 125%. (Durante este período, é possível alcançar um estado de euforia.)",,Nenhum,Preferences,Preferências
https://raw.githubusercontent.com/fantasfor/soulmasktalents/main/imgs/thumb_263.png,Love Snow,Predileção por neve,"Loves winter in particular and gains 60 Mood when it snows. For the next 15 minutes, the rate of mood decline decreases by 70%, and mood-improvement effects increase by 125%. (During this time, it can lead to a state of elation.)","Tem uma afinidade com dias nevados e recebe 60 pontos de Humor quando neva. Além disso, durante 15 minutos, a taxa de queda de Humor diminui em 70% e os pontos de Humor adquiridos aumentam em 125%. (Durante este período, é possível alcançar um estado de euforia.)",,Nenhum,Preferences,Preferências
https://raw.githubusercontent.com/fantasfor/soulmasktalents/main/imgs/thumb_264.png,Likes dancing,Gosta de dançar,"Seems to forget about troubles and gains [20,40] Mood when dancing. For the next 15 minutes, the rate of mood decline decreases by [30,50]%, and mood-improvement effects increase by [75,100]%.","Parece esquecer das preocupações ao dançar, ganhando 40 pontos de Humor. Por 15 minutos, a taxa de queda de Humor é reduzida em [20,40] e os pontos de Humor adquiridos aumentam em [30,50]%.",,Nenhum,Preferences,Preferências
https://raw.githubusercontent.com/fantasfor/soulmasktalents/main/imgs/thumb_265.png,Love dancing,Adora dançar,"Finds real freedom when dancing to the rhythm, and gains 60 Mood when dancing. For the next 15 minutes, the rate of mood decline decreases by 70%, and mood-improvement effects increase by 125%. (During this time, it can lead to a state of elation.)","Ao se mover com o ritmo, é quando a verdadeira liberdade é alcançada. Ganha 60 pontos de Humor ao dançar. Além disso, durante 15 minutos, a taxa de queda de Humor diminui em 70% e os pontos de Humor adquiridos aumentam em 125%. (Durante este período, é possível alcançar um estado de euforia.)",,Nenhum,Preferences,Preferências
https://raw.githubusercontent.com/fantasfor/soulmasktalents/main/imgs/thumb_266.png,Likes Baths,Gosta de banhos,"Likes baths and gains [20,40] Mood when having a bath. For the next 15 minutes, the rate of mood decline decreases by [30,50]%, and mood-improvement effects increase by [75,100]%, which can lead to a state of elation.","Gosta de tomar banho e ganha 40 de Humor ao fazê-lo. Pelos próximos 15 minutos, a taxa de queda do humor diminui em [20,40] e os efeitos de melhoria do humor aumentam em [30,50]%.",,Nenhum,Preferences,Preferências
https://raw.githubusercontent.com/fantasfor/soulmasktalents/main/imgs/thumb_269.png,Love leather gear,Uma predileção por equipamentos de couro,"A leather enthusiast who gains 60 Mood when equipped with leather gear. For the next 15 minutes, the rate of mood decline decreases by 70%, and mood-improvement effects increase by 125%. (During this time, it can lead to a state of elation.)","Um entusiasta do couro que ganha 60 de Humor ao usar equipamentos de couro. Pelos próximos 15 minutos, a taxa de queda do humor diminui em 70% e os efeitos de melhoria do humor aumentam em 125%. (Durante este período, é possível alcançar um estado de euforia.)",,Nenhum,Preferences,Preferências
https://raw.githubusercontent.com/fantasfor/soulmasktalents/main/imgs/thumb_270.png,Likes bone weapons,Gosta de armas de osso,"Likes bone weapons and gains [20,40] Mood when equipped with bone weapons. For the next 15 minutes, the rate of mood decline decreases by [30,50]%, and mood-improvement effects increase by [75,100]%.","Gosta de armas de osso e ganha 40 de Humor ao usar armas de osso. Pelos próximos 15 minutos, a taxa de queda do humor diminui em [20,40] e os efeitos de melhoria do humor aumentam em [30,50]%.",,Nenhum,Preferences,Preferências
https://raw.githubusercontent.com/fantasfor/soulmasktalents/main/imgs/thumb_271.png,Love bone weapons,Uma predileção por armas de osso,"A bone weapon enthusiast who gains 60 Mood when equipped with bone weapons. For the next 15 minutes, the rate of mood decline decreases by 70%, and mood-improvement effects increase by 125%. (During this time, it can lead to a state of elation.)","Um entusiasta de armas de osso que ganha 60 de Humor ao usar armas de osso. Pelos próximos 15 minutos, a taxa de queda do humor diminui em 70% e os efeitos de melhoria do humor aumentam em 125%. (Durante este período, é possível alcançar um estado de euforia.)",,Nenhum,Preferences,Preferências
https://raw.githubusercontent.com/fantasfor/soulmasktalents/main/imgs/thumb_272.png,Likes cloth wears,Gosta de roupas de tecido,"Likes the texture of cloth and gains [20,40] Mood when equipped with cloth gear. For the next 15 minutes, the rate of mood decline decreases by [30,50]%, and mood-improvement effects increase by [75,100]%.","Gosta da textura de tecidos e ganha 40 de Humor ao usar equipamentos de tecido. Pelos próximos 15 minutos, a taxa de queda do humor diminui em [20,40] e os efeitos de melhoria do humor aumentam em [30,50]%.",,Nenhum,Preferences,Preferências
https://raw.githubusercontent.com/fantasfor/soulmasktalents/main/imgs/thumb_273.png,Love cloth gear,Uma predileção por roupas de tecido,"A cloth enthusiast. Gains 60 Mood when equipped with cloth gear. For the next 15 minutes, the rate of mood decline decreases by 70%, and mood-improvement effects increase by 125%. (During this time, it can lead to a state of elation.)","Um entusiasta de tecidos. Ganha 60 de Humor ao usar equipamentos de tecido. Pelos próximos 15 minutos, a taxa de queda do humor diminui em 70% e os efeitos de melhoria do humor aumentam em 125%. (Durante este período, é possível alcançar um estado de euforia.)",,Nenhum,Preferences,Preferências
https://raw.githubusercontent.com/fantasfor/soulmasktalents/main/imgs/thumb_275.png,Love stone weapons,Uma predileção por armas de pedra,"A stone weapon enthusiast who gains 60 Mood when equipped with stone weapons. For the next 15 minutes, the rate of mood decline decreases by 70%, and mood-improvement effects increase by 125%. (During this time, it can lead to a state of elation.)","Um entusiasta de armas de pedra que ganha 60 de Humor ao usar armas de pedra. Pelos próximos 15 minutos, a taxa de queda do humor diminui em 70% e os efeitos de melhoria do humor aumentam em 125%. (Durante este período, é possível alcançar um estado de euforia.)",,Nenhum,Preferences,Preferências
https://raw.githubusercontent.com/fantasfor/soulmasktalents/main/imgs/thumb_276.png,Likes bronze armor,Gosta de armaduras de bronze,"Likes the safety of bronze armor and gains [20,40] Mood when wearing it. For the next 15 minutes, the rate of mood decline decreases by [30,50]%, and mood-improvement effects increase by [75,100]%.","Gosta da segurança proporcionada pela armadura de bronze e ganha 40 de Humor ao usá-la. Pelos próximos 15 minutos, a taxa de queda do humor diminui em [20,40] e os efeitos de melhoria do humor aumentam em [30,50]%.",,Nenhum,Preferences,Preferências
https://raw.githubusercontent.com/fantasfor/soulmasktalents/main/imgs/thumb_277.png,Love bronze armor,Uma predileção por armaduras de bronze,"Passionate about bronze armor and gains 60 Mood when equipped with it. For the next 15 minutes, the rate of mood decline decreases by 70%, and mood-improvement effects increase by 125%. (During this time, it can lead to a state of elation.)","Apaixonado por armaduras de bronze e ganha 60 de Humor ao usar uma. Pelos próximos 15 minutos, a taxa de queda do humor diminui em 70% e os efeitos de melhoria do humor aumentam em 125%. (Durante este período, é possível alcançar um estado de euforia.)",,Nenhum,Preferences,Preferências
https://raw.githubusercontent.com/fantasfor/soulmasktalents/main/imgs/thumb_278.png,Likes bronze weapons,Gosta de armas de bronze,"Likes bronze weapons and gains [20,40] Mood when equipped with bronze weapons. For the next 15 minutes, the rate of mood decline decreases by [30,50]%, and mood-improvement effects increase by [75,100]%.","Gosta de armas de bronze e ganha 40 de Humor ao usar armas de bronze. Pelos próximos 15 minutos, a taxa de queda do humor diminui em [20,40] e os efeitos de melhoria do humor aumentam em [30,50]%.",,Nenhum,Preferences,Preferências
https://raw.githubusercontent.com/fantasfor/soulmasktalents/main/imgs/thumb_279.png,Love bronze weapons,Uma predileção por armas de bronze,"A bronze weapon enthusiast who gains 60 Mood when equipped with bronze weapons. For the next 15 minutes, the rate of mood decline decreases by 70%, and mood-improvement effects increase by 125%. (During this time, it can lead to a state of elation.)","Um entusiasta de armas de bronze que ganha 60 de Humor ao usar armas de bronze. Pelos próximos 15 minutos, a taxa de queda do humor diminui em 70% e os efeitos de melhoria do humor aumentam em 125%. (Durante este período, é possível alcançar um estado de euforia.)",,Nenhum,Preferences,Preferências
https://raw.githubusercontent.com/fantasfor/soulmasktalents/main/imgs/thumb_280.png,Likes to lie down,Gosta de ficar sem fazer nada,"Sleep is particularly important. When resting, feels a sense of well-being and gains [20,40] Mood. For the next 15 minutes, the rate of mood decline decreases by [30,50]% and mood-improvement effects increase by [75,100]%.","O sono é particularmente importante. Ao descansar, sente-se bem e ganha 40 de Humor. Pelos próximos 15 minutos, a taxa de queda do humor diminui em [20,40] e os efeitos de melhoria do humor aumentam em [30,50]%.",,Nenhum,Preferences,Preferências
https://raw.githubusercontent.com/fantasfor/soulmasktalents/main/imgs/thumb_281.png,Love lying down,Uma predileção por ficar sem fazer nada,"Likes sleeping and gains 60 Mood when resting. For the next 15 minutes, the rate of mood decline decreases by 70%, and mood-improvement effects increase by 125%. (During this time, it can lead to a state of elation.)","Gosta de dormir e ganha 60 de Humor ao descansar. Pelos próximos 15 minutos, a taxa de queda do humor diminui em 70% e os efeitos de melhoria do humor aumentam em 125%. (Durante este período, é possível alcançar um estado de euforia.)",,Nenhum,Preferences,Preferências
https://raw.githubusercontent.com/fantasfor/soulmasktalents/main/imgs/thumb_282.png,Likes living in herds,Gosta de viver em comunidade,"Likes living in crowded places and gains [20,40] Mood with over 10 people in the tribe. For the next 15 minutes, the rate of mood decline decreases by [30,50]%, and mood-improvement effects increase by [75,100]%.","Gosta de viver em lugares populosos e ganha 40 de Humor com mais de 10 pessoas na tribo. Pelos próximos 15 minutos, a taxa de queda do humor diminui em [20,40] e os efeitos de melhoria do humor aumentam em [30,50]%.",,Nenhum,Preferences,Preferências
https://raw.githubusercontent.com/fantasfor/soulmasktalents/main/imgs/thumb_283.png,Love communal living,Uma predileção por vida em comunidade,"Passionate about communal living and gains 60 Mood when there are more than 10 people in the tribe. For the next 15 minutes, the rate of mood decline decreases by 70%, and mood-improvement effects increase by 125%. (During this time, it can lead to a state of elation.)","Apaixonado por vida em comunidade e ganha 60 de Humor quando há mais de 10 pessoas na tribo. Pelos próximos 15 minutos, a taxa de queda do humor diminui em 70% e os efeitos de melhoria do humor aumentam em 125%. (Durante este período, é possível alcançar um estado de euforia.)",,Nenhum,Preferences,Preferências
https://raw.githubusercontent.com/fantasfor/soulmasktalents/main/imgs/thumb_284.png,Likes outstanding leaders,Gosta de líderes excepcionais,"When the leader is of purple or higher quality, the barbarian gains [20,40] Mood. For the next 15 minutes, the rate of mood decline decreases by [30,50]% and mood-improvement effects increase by [75,100]%.","Quando o líder é de qualidade roxa ou superior, o selvagem ganha 40 de Humor. Pelos próximos 15 minutos, a taxa de queda do humor diminui em [20,40] e os efeitos de melhoria do humor aumentam em [30,50]%.",,Nenhum,Preferences,Preferências
https://raw.githubusercontent.com/fantasfor/soulmasktalents/main/imgs/thumb_285.png,Love outstanding leaders,Uma predileção por líderes excepcionais,"When the leader is of purple or higher quality, the barbarian gains 60 Mood. For the next 15 minutes, the rate of mood decline decreases by 70% and mood-improvement effects increase by 125%. (During this time, it can lead to a state of elation.)","Quando o líder é de qualidade roxa ou superior, o selvagem ganha 60 de Humor. Pelos próximos 15 minutos, a taxa de queda do humor diminui em 70% e os efeitos de melhoria do humor aumentam em 125%. (Durante este período, é possível alcançar um estado de euforia.)",,Nenhum,Preferences,Preferências
https://raw.githubusercontent.com/fantasfor/soulmasktalents/main/imgs/thumb_286.png,Likes alpaca and llama,Gosto por Alpacas e Lhamas,"Loves being around alpacas or llamas. Gains [20,40] Mood periodically when there's an alpaca or llama nearby. For the next 15 minutes, the rate of mood decline decreases by [30,50]%, and mood-improvement effects increase by [75,100]%.","Fica feliz com a presença de alpacas ou lhamas. A cada intervalo ganha 40 pontos de humor e, por 15 minutos, a taxa de queda de humor é reduzida em [20,40]. Ao ganhar humor, o ganho é aumentado em [30,50]%.",,Nenhum,Preferences,Preferências
https://raw.githubusercontent.com/fantasfor/soulmasktalents/main/imgs/thumb_287.png,Loves alpaca and llama,Amor por Alpacas e Lhamas,"Loves being around alpacas or llamas. Gains 60 Mood periodically when there's an alpaca or llama nearby. For the next 15 minutes, the rate of mood decline decreases by 70%, and mood-improvement effects increase by 125%. (Leads to a state of elation.)","Ama alpacas e lhamas. Quando estiver perto delas, ganha 60 pontos de humor a cada intervalo e, por 15 minutos, a taxa de queda de humor é reduzida em 70%. Ao ganhar humor, o ganho é aumentado em 125%. (Durante este período, é possível alcançar um estado de euforia.)",,Nenhum,Preferences,Preferências
https://raw.githubusercontent.com/fantasfor/soulmasktalents/main/imgs/thumb_288.png,Likes to be by water,Gosta de estar perto da água,"Likes to be by water and gains [20,40] Mood when living near a water body. For the next 15 minutes, the rate of mood decline decreases by [30,50]%, and mood-improvement effects increase by [75,100]%.","Gosta de estar perto da água e ganha 40 de Humor ao viver perto de um corpo d'água. Pelos próximos 15 minutos, a taxa de queda do humor diminui em [20,40] e os efeitos de melhoria do humor aumentam em [30,50]%.",,Nenhum,Preferences,Preferências
https://raw.githubusercontent.com/fantasfor/soulmasktalents/main/imgs/thumb_290.png,Likes mild cold,Gosta de frio ameno,"A special physiological response to mild cold that gives [20,40] Mood. For the next 15 minutes, the rate of mood decline decreases by [30,50]%, and mood-improvement effects increase by [75,100]%.","Uma resposta fisiológica especial ao frio ameno que dá 40 de Humor. Pelos próximos 15 minutos, a taxa de queda do humor diminui em [20,40] e os efeitos de melhoria do humor aumentam em [30,50]%.",,Nenhum,Preferences,Preferências
https://raw.githubusercontent.com/fantasfor/soulmasktalents/main/imgs/thumb_291.png,Love mild cold,Uma predileção por frio ameno,"Due to a special preference, gains 60 Mood when feeling the mild cold. For the next 15 minutes, the rate of mood decline decreases by 70%, and mood-improvement effects increase by 125%. (During this time, it can lead to a state of elation.)","Devido a uma preferência especial, ganha 60 de Humor ao sentir o frio ameno. Pelos próximos 15 minutos, a taxa de queda do humor diminui em 70% e os efeitos de melhoria do humor aumentam em 125%. (Durante este período, é possível alcançar um estado de euforia.)",,Nenhum,Preferences,Preferências
https://raw.githubusercontent.com/fantasfor/soulmasktalents/main/imgs/thumb_292.png,Likes mild heat,Gosta de calor ameno,"A special physiological response to mild heat that gives [20,40] Mood. For the next 15 minutes, the rate of mood decline decreases by [30,50]%, and mood-improvement effects increase by [75,100]%.","Uma resposta fisiológica especial ao calor ameno que dá 40 de Humor. Pelos próximos 15 minutos, a taxa de queda do humor diminui em [20,40] e os efeitos de melhoria do humor aumentam em [30,50]%.",,Nenhum,Preferences,Preferências
https://raw.githubusercontent.com/fantasfor/soulmasktalents/main/imgs/thumb_293.png,Love mild heat,Uma predileção por calor ameno,"Due to a special preference, gains 60 Mood when feeling the mild heat. For the next 15 minutes, the rate of mood decline decreases by 70%, and mood-improvement effects increase by 125%. (During this time, it can lead to a state of elation.)","Devido a uma preferência especial, ganha 60 de Humor ao sentir o calor ameno. Pelos próximos 15 minutos, a taxa de queda do humor diminui em 70% e os efeitos de melhoria do humor aumentam em 125%. (Durante este período, é possível alcançar um estado de euforia.)",,Nenhum,Preferences,Preferências
https://raw.githubusercontent.com/fantasfor/soulmasktalents/main/imgs/thumb_294.png,Likes comfortable temperatures,Gosta de temperaturas confortáveis,"Gains [20,40] Mood when enjoying pleasant weather. For the next 15 minutes, the rate of mood decline decreases by [30,50]%, and mood-improvement effects increase by [75,100]%.","Ganha 40 de Humor ao desfrutar de temperaturas confortáveis. Pelos próximos 15 minutos, a taxa de queda do humor diminui em [20,40] e os efeitos de melhoria do humor aumentam em [30,50]%.",,Nenhum,Preferences,Preferências
https://raw.githubusercontent.com/fantasfor/soulmasktalents/main/imgs/thumb_295.png,Love comfortable temperatures,Uma predileção por temperaturas confortáveis,"Passionate about comfortable temperatures. When in such environments, mood increases by 60. For the next 15 minutes, the rate of mood decline decreases by 70%, and mood-improvement effects increase by 125%. (During this time, it can lead to a state of elation.)","Apaixonado por temperaturas confortáveis. Quando nesses ambientes, o humor aumenta em 60. Pelos próximos 15 minutos, a taxa de queda do humor diminui em 70% e os efeitos de melhoria do humor aumentam em 125%. (Durante este período, é possível alcançar um estado de euforia.)",,Nenhum,Preferences,Preferências
https://raw.githubusercontent.com/fantasfor/soulmasktalents/main/imgs/thumb_296.png,Likes the cold,Gosta de frio,"A special physiological response to cold that gives [20,40] Mood. For the next 15 minutes, the rate of mood decline decreases by [30,50]%, and mood-improvement effects increase by [75,100]%.","Uma resposta fisiológica especial ao frio que dá 40 de Humor. Pelos próximos 15 minutos, a taxa de queda do humor diminui em [20,40] e os efeitos de melhoria do humor aumentam em [30,50]%.",,Nenhum,Preferences,Preferências
https://raw.githubusercontent.com/fantasfor/soulmasktalents/main/imgs/thumb_297.png,Love the cold,Uma predileção por frio,"Due to a special preference, gains 60 Mood when feeling the cold. For the next 15 minutes, the rate of mood decline decreases by 70%, and mood-improvement effects increase by 125%. (During this time, it can lead to a state of elation.)","Devido a uma preferência especial, ganha 60 de Humor ao sentir frio. Pelos próximos 15 minutos, a taxa de queda do humor diminui em 70% e os efeitos de melhoria do humor aumentam em 125%. (Durante este período, é possível alcançar um estado de euforia.)",,Nenhum,Preferences,Preferências
https://raw.githubusercontent.com/fantasfor/soulmasktalents/main/imgs/thumb_299.png,Love scorching heat,Uma predileção por calor escaldante,"Due to a special preference, gains 60 Mood when feeling the scorching heat. For the next 15 minutes, the rate of mood decline decreases by 70%, and mood-improvement effects increase by 125%. (During this time, it can lead to a state of elation.)","Devido a uma preferência especial, ganha 60 de Humor ao sentir o calor escaldante. Pelos próximos 15 minutos, a taxa de queda do humor diminui em 70% e os efeitos de melhoria do humor aumentam em 125%. (Durante este período, é possível alcançar um estado de euforia.)",,Nenhum,Preferences,Preferências
https://raw.githubusercontent.com/fantasfor/soulmasktalents/main/imgs/thumb_300.png,Likes legendary leaders,Gosta de líderes lendários,"When the leader is of red or higher quality, the barbarian gains [20,40] Mood. For the next 15 minutes, the rate of mood decline decreases by [30,50]% and mood-improvement effects increase by [75,100]%.","Quando o líder é de qualidade vermelha ou superior, o selvagem ganha 40 de Humor. Pelos próximos 15 minutos, a taxa de queda do humor diminui em [20,40] e os efeitos de melhoria do humor aumentam em [30,50]%.",,Nenhum,Preferences,Preferências
https://raw.githubusercontent.com/fantasfor/soulmasktalents/main/imgs/thumb_301.png,Love legendary leaders,Uma predileção por líderes lendários,"When the leader is of red quality, the barbarian gains 60 Mood. For the next 15 minutes, the rate of mood decline decreases by 70% Mood-improvement effects increase by 125%. (During this time, it can lead to a state of elation.)","Quando o líder é de qualidade vermelha ou superior, o selvagem ganha 60 de Humor. Pelos próximos 15 minutos, a taxa de queda do humor diminui em 70% e os efeitos de melhoria do humor aumentam em 125%. (Durante este período, é possível alcançar um estado de euforia.)",,Nenhum,Preferences,Preferências
https://raw.githubusercontent.com/fantasfor/soulmasktalents/main/imgs/thumb_302.png,Likes panther,Gosta de leopardos,"Feels elated when there's a panther nearby and gains [20,40] Mood at a fixed interval. For the next 15 minutes, the rate of mood decline decreases by [30,50]%, and mood-improvement effects increase by [75,100]%.","Sente-se alegre ao estar próximo de leopardos, recebendo 40 pontos de Humor a cada intervalo de tempo. Por 15 minutos, a taxa de queda de Humor é reduzida em [20,40] e os pontos de Humor adquiridos aumentam em [30,50]%.",,Nenhum,Preferences,Preferências
https://raw.githubusercontent.com/fantasfor/soulmasktalents/main/imgs/thumb_303.png,Passionate about panther,Adora leopardos,"Loves panthers in particular and gains 60 Mood at a fixed interval when there's a panther nearby. For the next 15 minutes, the rate of mood decline decreases by 70%, and mood-improvement effects increase by 125%. (During this time, it can lead to a state of elation.)","Sente uma grande afeição por leopardos, recebendo 60 pontos de Humor a cada intervalo de tempo na presença deles. Além disso, durante 15 minutos, a taxa de queda de Humor diminui em 70% e os pontos de Humor adquiridos aumentam em 125%. (Durante este período, é possível alcançar um estado de euforia.)",,Nenhum,Preferences,Preferências
https://raw.githubusercontent.com/fantasfor/soulmasktalents/main/imgs/thumb_304.png,Likes parrot,Gosta de papagaios,"Feels elated when there's a parrot nearby and gains [20,40] Mood at a fixed interval. For the next 15 minutes, the rate of mood decline decreases by [30,50]%, and mood-improvement effects increase by [75,100]%.","Sente-se alegre ao estar próximo de papagaios, recebendo 40 pontos de Humor a cada intervalo de tempo. Por 15 minutos, a taxa de queda de Humor é reduzida em [20,40] e os pontos de Humor adquiridos aumentam em [30,50]%.",,Nenhum,Preferences,Preferências
https://raw.githubusercontent.com/fantasfor/soulmasktalents/main/imgs/thumb_305.png,Passionate about parrot,Adora papagaios,"Gets captivated by the alluring parrots, and gains 60 Mood at a fixed interval when there's a parrot nearby. For the next 15 minutes, the rate of mood decline decreases by 70%, and mood-improvement effects increase by 125%. (During this time, it can lead to a state of elation.)","Papagaios são criaturas exuberantes e fascinantes. Na presença deles, recebe 60 pontos de Humor a cada intervalo de tempo. Além disso, durante 15 minutos, a taxa de queda de Humor diminui em 70% e os pontos de Humor adquiridos aumentam em 125%. (Durante este período, é possível alcançar um estado de euforia.)",,Nenhum,Preferences,Preferências
https://raw.githubusercontent.com/fantasfor/soulmasktalents/main/imgs/thumb_306.png,Likes monkey,Gosta de macacos,"Gains [20,40] Mood at a fixed interval when there's a monkey nearby. For the next 15 minutes, the rate of mood decline decreases by [30,50]%, and mood-improvement effects increase by [75,100]%.","Sente-se alegre ao estar próximo de macacos, recebendo 40 pontos de Humor a cada intervalo de tempo. Por 15 minutos, a taxa de queda de Humor é reduzida em [20,40] e os pontos de Humor adquiridos aumentam em [30,50]%.",,Nenhum,Preferences,Preferências
https://raw.githubusercontent.com/fantasfor/soulmasktalents/main/imgs/thumb_307.png,Passionate about monkey,Adora macacos,"Always amused by funny monkeys, and gains 60 Mood at a fixed interval when there's a monkey nearby. For the next 15 minutes, the rate of mood decline decreases by 70%, and mood-improvement effects increase by 125%. (During this time, it can lead to a state of elation.)","Macacos são criaturas engraçadas e divertidas. Na presença deles, recebe 60 pontos de Humor a cada intervalo de tempo. Além disso, durante 15 minutos, a taxa de queda de Humor diminui em 70% e os pontos de Humor adquiridos aumentam em 125%. (Durante este período, é possível alcançar um estado de euforia.)",,Nenhum,Preferences,Preferências
https://raw.githubusercontent.com/fantasfor/soulmasktalents/main/imgs/thumb_308.png,Likes ostrich,Gosta de avestruzes,"Feels elated when there's an ostrich nearby and gains [20,40] Mood at a fixed interval. For the next 15 minutes, the rate of mood decline decreases by [30,50]%, and mood-improvement effects increase by [75,100]%.","Sente-se alegre ao estar próximo de avestruzes, recebendo 40 pontos de Humor a cada intervalo de tempo. Por 15 minutos, a taxa de queda de Humor é reduzida em [20,40] e os pontos de Humor adquiridos aumentam em [30,50]%.",,Nenhum,Preferences,Preferências
https://raw.githubusercontent.com/fantasfor/soulmasktalents/main/imgs/thumb_309.png,Passionate about ostrich,Adora avestruzes,"Loves ostrich in particular and gains 60 Mood at a fixed interval when there's an ostrich nearby. For the next 15 minutes, the rate of mood decline decreases by 70%, and mood-improvement effects increase by 125%. (During this time, it can lead to a state of elation.)","Sente uma grande afeição por avestruzes, recebendo 60 pontos de Humor a cada intervalo de tempo na presença deles. Além disso, durante 15 minutos, a taxa de queda de Humor diminui em 70% e os pontos de Humor adquiridos aumentam em 125%. (Durante este período, é possível alcançar um estado de euforia.)",,Nenhum,Preferences,Preferências
https://raw.githubusercontent.com/fantasfor/soulmasktalents/main/imgs/thumb_311.png,Loves defecation,Adora defecar,"Due to a special preference, feels satisfied and gains 60 Mood when defecating. For the next 15 minutes, the rate of mood decline decreases by 70%, and mood-improvement effects increase by 125%. (During this time, it can lead to a state of elation.)","Sente um prazer especial ao defecar, ganhando 60 pontos de humor ao fazê-lo. Por 15 minutos, a taxa de queda de Humor é reduzida em 70% e os pontos de Humor adquiridos aumentam em 125%. (Durante este período, é possível alcançar um estado de euforia.)",,Nenhum,Preferences,Preferências
https://raw.githubusercontent.com/fantasfor/soulmasktalents/main/imgs/thumb_312.png,Unusual liking,Gostos Peculiares,"How come it's liked this way? Being covered in feces adds to the excitement; gains 20 Mood when consuming it, and for the next 15 minutes, the rate of mood decline decreases by 30%, and mood-improvement effects increase by 75%. (During this time, it can lead to a state of elation.)","O que é isso? Como alguém consegue gostar desse cheiro? Ficar coberto de fezes deixa você mais animado. Ao consumir, ganha 20 pontos de humor e a taxa de queda do humor diminui em 30% por 15 minutos, com um aumento de 75% ao ganhar pontos de humor.",,Nenhum,Preferences,Preferências
https://raw.githubusercontent.com/fantasfor/soulmasktalents/main/imgs/thumb_313.png,Yummy!,Esse cheiro mesmo,"Yeah, this flavor is the one - insanely stimulating and totally addictive. Being covered in feces adds to the excitement; gains 40 Mood when consuming it, and for the next 15 minutes, the rate of mood decline decreases by 50%, and mood-improvement effects increase by 100%.","Hmm, esse cheiro... Estimulante, mas também inebriante. Ficar coberto de fezes deixa você mais animado. Ao consumir, ganha 40 pontos de humor e a taxa de queda do humor diminui em 50% por 15 minutos, com um aumento de 100% ao ganhar pontos de humor.",,Nenhum,Preferences,Preferências
https://raw.githubusercontent.com/fantasfor/soulmasktalents/main/imgs/thumb_314.png,Terrifying Hobbies,Gostos Macabros,"The taste is hard to talk about, yet irresistible. Being covered in feces adds to the excitement; gains 60 Mood when consuming it, and for the next 15 minutes, the rate of mood decline decreases by 70%, and mood-improvement effects increase by 125%. (During this time, it can lead to a state of elation.)","Difícil de admitir, mas é irresistível. Ficar coberto de fezes deixa você mais animado. Ao consumir, ganha 60 pontos de humor e a taxa de queda do humor diminui em 70% por 15 minutos, com um aumento de 125% ao ganhar pontos de humor. (Durante este período, é possível alcançar um estado de euforia.)",,Nenhum,Preferences,Preferências
https://raw.githubusercontent.com/fantasfor/soulmasktalents/main/imgs/thumb_391.png,Aversion to staple food,Aversão a alimentos básicos,"Feels nauseous and loses [2,4] Mood when consuming staple food. For the next 5 minutes, the rate of mood decline increases by [50,75]%, and mood-improving effects decrease by [20,40]%.","Sente náuseas e perde 2 de Humor ao consumir alimentos básicos. Pelos próximos 5 minutos, a taxa de queda do humor aumenta em [2,4] e os efeitos de melhoria do humor diminuem em [50,75]%.",,Nenhum,Preferences,Preferências
https://raw.githubusercontent.com/fantasfor/soulmasktalents/main/imgs/thumb_392.png,Dislikes staple food,Não gosta de alimentos básicos,"Feels nauseous and loses 6 Mood when consuming staple food. For the next 5 minutes, the rate of mood decline increases by 100%, and mood-improving effects decrease by 60%. (In the duration, enters a state of melancholy)","Sente náuseas e perde 6 de Humor ao consumir alimentos básicos. Pelos próximos 5 minutos, a taxa de queda do humor aumenta em 100%, e os efeitos de melhoria do humor diminuem em 60%. (Neste período, entra em um estado de melancolia.)",,Nenhum,Preferences,Preferências
https://raw.githubusercontent.com/fantasfor/soulmasktalents/main/imgs/thumb_393.png,Aversion to meat,Aversão à carne,"Eating meat lowers [2,4] Mood. For the next 5 minutes, the rate of mood decline increases by [50,75]%, and mood-improving effects decrease by [20,40]%.","Comer carne diminui 2 de Humor. Pelos próximos 5 minutos, a taxa de queda do humor aumenta em [2,4], e os efeitos de melhoria do humor diminuem em [50,75]%.",,Nenhum,Preferences,Preferências
https://raw.githubusercontent.com/fantasfor/soulmasktalents/main/imgs/thumb_394.png,Dislikes meat,Não gosta de carne,"Eating meat lowers 6 Mood. For the next 5 minutes, the rate of mood decline increases by 100%, and mood-improving effects decrease by 60%. (In the duration, enters a state of melancholy)","Comer carne diminui 6 de Humor. Pelos próximos 5 minutos, a taxa de queda do humor aumenta em 100%, e os efeitos de melhoria do humor diminuem em 60%. (Neste período, entra em um estado de melancolia.)",,Nenhum,Preferences,Preferências
https://raw.githubusercontent.com/fantasfor/soulmasktalents/main/imgs/thumb_395.png,Aversion to sauced meat,Aversão à carne ao molho,"Eating sauced meat lowers [2,4] Mood. For the next 5 minutes, the rate of mood decline increases by [50,75]%, and mood-improving effects decrease by [20,40]%.","Comer carne ao molho diminui 2 de Humor. Pelos próximos 5 minutos, a taxa de queda do humor aumenta em [2,4] e os efeitos de melhoria do humor diminuem em [50,75]%.",,Nenhum,Preferences,Preferências
https://raw.githubusercontent.com/fantasfor/soulmasktalents/main/imgs/thumb_397.png,Aversion to tomatoes,Aversão a tomates,"Eating tomatoes lowers [2,4] Mood. For the next 5 minutes, the rate of mood decline increases by [50,75]%, and mood-improving effects decrease by [20,40]%.","Comer tomates diminui 2 de Humor. Pelos próximos 5 minutos, a taxa de queda do humor aumenta em [2,4] e os efeitos de melhoria do humor diminuem em [50,75]%.",,Nenhum,Preferences,Preferências
https://raw.githubusercontent.com/fantasfor/soulmasktalents/main/imgs/thumb_398.png,Dislikes tomatoes,Não gosta de tomates,"Eating tomatoes lowers 6 Mood. For the next 5 minutes, the rate of mood decline increases by 100%, and mood-improving effects decrease by 60%. (In the duration, enters a state of melancholy)","Comer tomates diminui 6 de Humor. Pelos próximos 5 minutos, a taxa de queda do humor aumenta em 100% e os efeitos de melhoria do humor diminuem em 60%. (Neste período, entra em um estado de melancolia.)",,Nenhum,Preferences,Preferências
https://raw.githubusercontent.com/fantasfor/soulmasktalents/main/imgs/thumb_399.png,Aversion to fruits & vegetables,Aversão a frutas e vegetais,"Eating fruits or vegetables lowers [2,4] Mood. For the next 5 minutes, the rate of mood decline increases by [50,75]%, and mood-improving effects decrease by [20,40]%.","Comer frutas ou vegetais diminui 2 de Humor. Pelos próximos 5 minutos, a taxa de queda do humor aumenta em [2,4] e os efeitos de melhoria do humor diminuem em [50,75]%.",,Nenhum,Preferences,Preferências
https://raw.githubusercontent.com/fantasfor/soulmasktalents/main/imgs/thumb_400.png,Dislikes fruits & vegetables,Não gosta de frutas e vegetais,"Eating fruits or vegetables lowers 6 Mood. For the next 5 minutes, the rate of mood decline increases by 100%, and mood-improving effects decrease by 60%. (In the duration, enters a state of melancholy)","Comer frutas ou vegetais diminui 6 de Humor. Pelos próximos 5 minutos, a taxa de queda do humor aumenta em 100% e os efeitos de melhoria do humor diminuem em 60%. (Neste período, entra em um estado de melancolia.)",,Nenhum,Preferences,Preferências
https://raw.githubusercontent.com/fantasfor/soulmasktalents/main/imgs/thumb_401.png,Aversion to tobacco,Aversão ao tabaco,"Feels aversion to tobacco and Mood drops by [2,4] when smoking. For the next 5 minutes, the rate of mood decline increases by [50,75]% and mood-improvement effects decrease by [20,40]%.","Sente aversão ao tabaco e o Humor diminui 2 ao fumar. Pelos próximos 5 minutos, a taxa de queda do humor aumenta em [2,4] e os efeitos de melhoria do humor diminuem em [50,75]%.",,Nenhum,Preferences,Preferências
https://raw.githubusercontent.com/fantasfor/soulmasktalents/main/imgs/thumb_402.png,Dislikes tobacco,Não gosta do tabaco,"Dislikes the scent of tobacco and Mood drops by 6 when smoking. For the next 5 minutes, the rate of mood decline increases by 100% and mood-improvement effects decrease by 60%. (In the duration, enters a state of melancholy)","Não gosta do cheiro do tabaco e o Humor diminui 6 ao fumar. Pelos próximos 5 minutos, a taxa de queda do humor aumenta em 100% e os efeitos de melhoria do humor diminuem em 60%. (Neste período, entra em um estado de melancolia.)",,Nenhum,Preferences,Preferências
https://raw.githubusercontent.com/fantasfor/soulmasktalents/main/imgs/thumb_403.png,Aversion to alcohol,Aversão ao álcool,"Dislike of alcohol causes mood to drop by [2,4] when drinking. For the next 5 minutes, the rate of mood decline increases by [50,75]% and Mood gain decreases by [20,40]%.","Aversão ao álcool que faz com que o Humor diminua em 2 ao beber. Pelos próximos 5 minutos, a taxa de queda do humor aumenta em [2,4] e o ganho de Humor diminui em [50,75]%.",,Nenhum,Preferences,Preferências
https://raw.githubusercontent.com/fantasfor/soulmasktalents/main/imgs/thumb_404.png,Dislikes alcohol,Não gosta de álcool,"Extremely sensitive to the scent of alcohol, Mood drops by 6 when drinking. For the next 5 minutes, the rate of mood decline increases by 100% and mood-improvement effects decrease by 60%. (In the duration, enters a state of melancholy)","Extremamente sensível ao cheiro do álcool, o Humor diminui em 6 ao beber. Pelos próximos 5 minutos, a taxa de queda do humor aumenta em 100% e os efeitos de melhoria do humor diminuem em 60%.(Neste período, entra em um estado de melancolia.)",,Nenhum,Preferences,Preferências
https://raw.githubusercontent.com/fantasfor/soulmasktalents/main/imgs/thumb_406.png,Dislikes sunny days,Não gosta de dias ensolarados,"Feels aversion to sunlight and Mood drops by 6 in sunny days. For the next 5 minutes, the rate of mood decline increases by 100% and mood-improvement effects decrease by 60% (In the duration, enters a state of melancholy).","O tempo ensolarado causa desconforto, diminuindo 6 de Humor em dias ensolarados. Pelos próximos 5 minutos, a taxa de queda do humor aumenta em 100%, e os efeitos de melhoria do humor diminuem em 60%. (Neste período, entra em um estado de melancolia.)",,Nenhum,Preferences,Preferências
https://raw.githubusercontent.com/fantasfor/soulmasktalents/main/imgs/thumb_407.png,Aversion to Rain,Aversão a dias chuvosos,"Get irritated in rainy days and Mood drops by [2,4] when it rains. For the next 5 minutes, the rate of mood decline increases by [50,75]% and mood-improvement effects decrease by [20,40]%.","O tempo chuvoso causa irritação, diminuindo 2 pontos de Humor em dias chuvosos. Pelos próximos 5 minutos, a taxa de queda do humor aumenta em [2,4], e os efeitos de melhoria do humor diminuem em [50,75]%.",,Nenhum,Preferences,Preferências
https://raw.githubusercontent.com/fantasfor/soulmasktalents/main/imgs/thumb_409.png,Aversion to Snow,Aversão a dias de neve,"Feels aversion to everything in snowy days and Mood drops by [2,4] when it snows. For the next 5 minutes, the rate of mood decline increases by [50,75]% and mood-improvement effects decrease by [20,40]%.","Tudo relacionado a dias de neve é irritante, diminuindo 2 pontos de Humor em dias com neve. Pelos próximos 5 minutos, a taxa de queda do humor aumenta em [2,4], e os efeitos de melhoria do humor diminuem em [50,75]%.",,Nenhum,Preferences,Preferências
https://raw.githubusercontent.com/fantasfor/soulmasktalents/main/imgs/thumb_410.png,Dislikes snow,Não gosta de dias de neve,"Feels aversion to everything in snowy days and Mood drops by 6 when it snows. For the next 5 minutes, the rate of mood decline increases by 100%, and mood-improvement effects decrease by 60%. (In the duration, enters a state of melancholy)","Tudo relacionado a dias de neve é irritante, diminuindo 6 pontos de Humor em dias com neve. Pelos próximos 5 minutos, a taxa de queda do humor aumenta em 100%, e os efeitos de melhoria do humor diminuem em 60%. (Neste período, entra em um estado de melancolia.)",,Nenhum,Preferences,Preferências
https://raw.githubusercontent.com/fantasfor/soulmasktalents/main/imgs/thumb_411.png,Aversion to dancing,Desgosto pela dança,"Feels aversion to dancing due to uncoordinated limbs, and loses [2,4] Mood when dancing. For the next 5 minutes, the rate of mood decline increases by [50,75]% and mood-improvement effects decrease by [20,40]%.","Não gosta de dançar por falta de coordenação motora. Perde 2 pontos de Humor ao dançar. Por 5 minutos, a taxa de queda de Humor é aumentada em [2,4] e os pontos de Humor adquiridos reduzem em [50,75]%.",,Nenhum,Preferences,Preferências
https://raw.githubusercontent.com/fantasfor/soulmasktalents/main/imgs/thumb_412.png,Dislikes dancing,Aversão à dança,"Hates dancing due to uncoordinated limbs, and loses 6 Mood when dancing. For the next 5 minutes, the rate of mood decline increases by 100%, and mood-improvement effects decrease by 60%. (In the duration, enters a state of melancholy)","Odeia dançar por falta de coordenação motora. Perde 6 pontos de Humor ao dançar. Por 5 minutos, a taxa de queda de Humor é aumentada em 100% e os pontos de Humor adquiridos reduzem em 60%. (Neste período, entra em um estado de melancolia.)",,Nenhum,Preferences,Preferências
https://raw.githubusercontent.com/fantasfor/soulmasktalents/main/imgs/thumb_413.png,Aversion to Baths,Aversão a banhos,"Feels aversion to baths and Mood drops by [2,4] when having a bath. For the next 5 minutes, the rate of mood decline increases by [50,75]% and mood-improvement effects decrease by [20,40]%.","Sente aversão a banhos, o Humor cai em 2 ao tomar banho. Pelos próximos 5 minutos, a taxa de queda do humor aumenta em [2,4] e os efeitos de melhoria do humor diminuem em [50,75]%.",,Nenhum,Preferences,Preferências
https://raw.githubusercontent.com/fantasfor/soulmasktalents/main/imgs/thumb_415.png,Aversion to leather gear,Aversão a equipamentos de couro,"Loses [2,4] Mood when equipped with leather gear. For the next 5 minutes, the rate of mood decline increases by [50,75]% and mood-improvement effects decrease by [20,40]%.","Perde 2 de Humor ao equipar equipamentos de couro. Pelos próximos 5 minutos, a taxa de queda do humor aumenta em [2,4] e os efeitos de melhoria do humor diminuem em [50,75]%.",,Nenhum,Preferences,Preferências
https://raw.githubusercontent.com/fantasfor/soulmasktalents/main/imgs/thumb_416.png,Dislikes leather gear,Não gosta de equipamentos de couro,"Loses 6 Mood when equipped with leather gear. For the next 5 minutes, the rate of mood decline increases by 100% and mood-improvement effects decrease by 60%. (In the duration, enters a state of melancholy)","Perde 6 de Humor ao equipar equipamentos de couro. Pelos próximos 5 minutos, a taxa de queda do humor aumenta em 100% e os efeitos de melhoria do humor diminuem em 60%. (Neste período, entra em um estado de melancolia.)",,Nenhum,Preferences,Preferências
https://raw.githubusercontent.com/fantasfor/soulmasktalents/main/imgs/thumb_417.png,Aversion to bone weapons,Aversão a armas de osso,"Loses [2,4] Mood when equipped with bone weapons. For the next 5 minutes, the rate of mood decline increases by [50,75]% and mood-improvement effects decrease by [20,40]%.","Perde 2 de Humor ao equipar armas de osso. Pelos próximos 5 minutos, a taxa de queda do humor aumenta em [2,4] e os efeitos de melhoria do humor diminuem em [50,75]%.",,Nenhum,Preferences,Preferências
https://raw.githubusercontent.com/fantasfor/soulmasktalents/main/imgs/thumb_418.png,Dislikes bone weapons,Não gosta de armas de osso,"Loses 6 Mood when equipped with bone weapons. For the next 5 minutes, the rate of mood decline increases by 100% and mood-improvement effects decrease by 60%. (In the duration, enters a state of melancholy)","Perde 6 de Humor ao equipar armas de osso. Pelos próximos 5 minutos, a taxa de queda do humor aumenta em 100% e os efeitos de melhoria do humor diminuem em 60%. (Neste período, entra em um estado de melancolia.)",,Nenhum,Preferences,Preferências
https://raw.githubusercontent.com/fantasfor/soulmasktalents/main/imgs/thumb_419.png,Aversion to cloth gear,Aversão a trajes de pano,"Feels aversion to low-quality costumes and Mood drops by [2,4] when equipped with cloth gear. For the next 5 minutes, the rate of mood decline increases by [50,75]% and mood-improvement effects decrease by [20,40]%.","Sente aversão ao tabaco e o Humor diminui 2 ao fumar. Pelos próximos 5 minutos, a taxa de queda do humor aumenta em [2,4] e os efeitos de melhoria do humor diminuem em [50,75]%.",,Nenhum,Preferences,Preferências
https://raw.githubusercontent.com/fantasfor/soulmasktalents/main/imgs/thumb_421.png,Aversion to stone weapons,Aversão a armas de pedra,"Dislikes poorly made weapons. Mood drops by [2,4] when equipped with stone weapons. For the next 5 minutes, the rate of mood decline increases by [50,75]% and Mood gain decreases by [20,40]%.","Não gosta de armas rudimentares. Perde 2 de Humor ao equipar armas de pedra. Pelos próximos 5 minutos, a taxa de queda do humor aumenta em [2,4] e o ganho de Humor diminui em [50,75]%.",,Nenhum,Preferences,Preferências
https://raw.githubusercontent.com/fantasfor/soulmasktalents/main/imgs/thumb_422.png,Dislikes stone weapons,Não gosta de armas de pedra,"Dislikes poorly made weapons. Mood drops by 6 when equipped with stone weapons. For the next 5 minutes, the rate of mood decline increases by 100% and Mood gain decreases by 60%. (In the duration, enters a state of melancholy)","Não gosta de armas rudimentares. Perde 6 de Humor ao equipar armas de pedra. Pelos próximos 5 minutos, a taxa de queda do humor aumenta em 100% e o ganho de Humor diminui em 60%. (Neste período, entra em um estado de melancolia.)",,Nenhum,Preferences,Preferências
https://raw.githubusercontent.com/fantasfor/soulmasktalents/main/imgs/thumb_423.png,Aversion to bronze armor,Aversão a armaduras de bronze,"Loses [2,4] Mood when equipped with bronze armor. For the next 5 minutes, the rate of mood decline increases by [50,75]% and mood-improvement effects decrease by [20,40]%.","Perde 2 de Humor ao equipar armaduras de bronze. Pelos próximos 5 minutos, a taxa de queda do humor aumenta em [2,4] e os efeitos de melhoria do humor diminuem em [50,75]%.",,Nenhum,Preferences,Preferências
https://raw.githubusercontent.com/fantasfor/soulmasktalents/main/imgs/thumb_424.png,Dislikes bronze armor,Não gosta de armaduras de bronze,"Loses 6 Mood when equipped with bronze armor. For the next 5 minutes, the rate of mood decline increases by 100% and mood-improvement effects decrease by 60%. (In the duration, enters a state of melancholy)","Perde 6 de Humor ao equipar armaduras de bronze. Pelos próximos 5 minutos, a taxa de queda do humor aumenta em 100% e os efeitos de melhoria do humor diminuem em 60%. (Neste período, entra em um estado de melancolia.)",,Nenhum,Preferences,Preferências
https://raw.githubusercontent.com/fantasfor/soulmasktalents/main/imgs/thumb_425.png,Aversion to bronze weapons,Aversão a armas de bronze,"Loses [2,4] Mood when equipped with bronze weapons. For the next 5 minutes, the rate of mood decline increases by [50,75]% and mood-improvement effects decrease by [20,40]%.","Perde 2 de Humor ao equipar armas de bronze. Pelos próximos 5 minutos, a taxa de queda do humor aumenta em [2,4] e os efeitos de melhoria do humor diminuem em [50,75]%.",,Nenhum,Preferences,Preferências
https://raw.githubusercontent.com/fantasfor/soulmasktalents/main/imgs/thumb_427.png,Aversion to waking up,Aversão a acordar,"Feels down when waking up and loses [2,4] Mood. For the next 5 minutes, the rate of mood decline increases by [50,75]% and mood-improvement effects decrease by [20,40]%.","Fica triste ao acordar e perde 2 de Humor. Pelos próximos 5 minutos, a taxa de queda do humor aumenta em [2,4] e os efeitos de melhoria do humor diminuem em [50,75]%.",,Nenhum,Preferences,Preferências
https://raw.githubusercontent.com/fantasfor/soulmasktalents/main/imgs/thumb_428.png,Dislikes waking up,Não gosta de acordar,"Feels down when waking up and loses 6 Mood. For the next 5 minutes, the rate of mood decline increases by 100% and mood-improvement effects decrease by 60%. (In the duration, enters a state of melancholy)","Fica triste ao acordar e perde 6 de Humor. Pelos próximos 5 minutos, a taxa de queda do humor aumenta em 100% e os efeitos de melhoria do humor diminuem em 60%. (Neste período, entra em um estado de melancolia.)",,Nenhum,Preferences,Preferências
https://raw.githubusercontent.com/fantasfor/soulmasktalents/main/imgs/thumb_429.png,Aversion to communal living,Aversão a viver em comunidade,"Hates being in a tribe with more than 10 people, and Mood drops by [2,4]. For the next 5 minutes, the rate of mood decline increases by [50,75]% and mood-improvement effects decrease by [20,40]%.","Odeia estar em uma tribo com mais de 10 pessoas e perde 2 de Humor. Pelos próximos 5 minutos, a taxa de queda do humor aumenta em [2,4] e os efeitos de melhoria do humor diminuem em [50,75]%.",,Nenhum,Preferences,Preferências
https://raw.githubusercontent.com/fantasfor/soulmasktalents/main/imgs/thumb_430.png,Dislikes communal living,Não gosta de viver em comunidade,"Hates being in a crowded place, Mood drops by 6 when in a tribe with more than 10 members. For the next 5 minutes, the rate of mood decline increases by 100% and mood-improvement effects decrease by 60%. (In the duration, enters a state of melancholy)","Odeia estar em um lugar populoso, perde 6 de Humor quando em uma tribo com mais de 10 membros. Pelos próximos 5 minutos, a taxa de queda do humor aumenta em 100% e os efeitos de melhoria do humor diminuem em 60%. (Neste período, entra em um estado de melancolia.)",,Nenhum,Preferences,Preferências
https://raw.githubusercontent.com/fantasfor/soulmasktalents/main/imgs/thumb_431.png,Aversion to Mediocre Leader,Aversão a líder medíocre,"This barbarian feels aversion and loses [2,4] Mood when led by a leader of Red or lower quality. For the next 5 minutes, the rate of mood decline increases by [50,75]% and mood-improvement effects decrease by [20,40]%.","Este selvagem sente aversão e perde 2 de Humor quando liderado por um líder de qualidade vermelha ou inferior. Pelos próximos 5 minutos, a taxa de queda do humor aumenta em [2,4] e os efeitos de melhoria do humor diminuem em [50,75]%.",,Nenhum,Preferences,Preferências
https://raw.githubusercontent.com/fantasfor/soulmasktalents/main/imgs/thumb_432.png,Dislikes Mediocre Leader,Não gosta de líder medíocre,"This barbarian feels resentful and loses 6 Mood when led by a leader of Red or lower quality. For the next 5 minutes, the rate of mood decline increases by 100% and mood-improvement effects decrease by 60%. (In the duration, enters a state of melancholy)","Este selvagem sente ressentimento e perde 6 de Humor quando liderado por um líder de qualidade vermelha ou inferior. Pelos próximos 5 minutos, a taxa de queda do humor aumenta em 100% e os efeitos de melhoria do humor diminuem em 60%. (Neste período, entra em um estado de melancolia.)",,Nenhum,Preferences,Preferências
https://raw.githubusercontent.com/fantasfor/soulmasktalents/main/imgs/thumb_433.png,Aversion to alpaca and llama,Desgosto por alpacas e lhamas,"Feels aversion to alpacas and llamas, and loses [2,4] Mood when there's an alpaca or llama nearby. For the next 5 minutes, the rate of mood decline increases by [50,75]% and mood-improvement effects decrease by [20,40]%.","Detesta alpacas e lhamas. Quando perto delas, perde 2 pontos de humor a cada intervalo e, por 5 minutos, a taxa de queda de humor aumenta em [2,4]. Ao ganhar humor, o ganho é reduzido em [50,75]%.",,Nenhum,Preferences,Preferências
https://raw.githubusercontent.com/fantasfor/soulmasktalents/main/imgs/thumb_434.png,Extremely dislikes alpaca and llama,Ódio por Alpacas e Lhamas,"Finds everything about alpaca unbearable, and loses 6 Mood when there's an alpaca or llama nearby. For the next 5 minutes, the rate of mood decline increases by 100% and mood-improvement effects decrease by 60%. (Enters a state of melancholy)","Tudo nas alpacas e lhamas é insuportável. Quando perto delas, perde 6 de humor a cada intervalo e, por 5 minutos, a taxa de queda de humor aumenta em 100%. Ao ganhar humor, o ganho é reduzido em 60%. (Neste período, entra em um estado de melancolia.)",,Nenhum,Preferences,Preferências
https://raw.githubusercontent.com/fantasfor/soulmasktalents/main/imgs/thumb_435.png,Aversion to water bodies,Aversão a corpos d'água,"When living by the water, loses [2,4] mood. For the next 5 minutes, the rate of mood decline increases by [50,75]% and mood-improvement effects decrease by [20,40]%.","Ao viver perto da água, perde 2 de humor. Pelos próximos 5 minutos, a taxa de queda do humor aumenta em [2,4] e os efeitos de melhoria do humor diminuem em [50,75]%.",,Nenhum,Preferences,Preferências
https://raw.githubusercontent.com/fantasfor/soulmasktalents/main/imgs/thumb_436.png,Dislikes water bodies,Não gosta de corpos d'água,"When living by the water, loses 6 Mood. For the next 5 minutes, the rate of mood decline increases by 100% and mood-improvement effects decrease by 60%. (In the duration, enters a state of melancholy)","Ao viver perto da água, perde 6 de Humor. Pelos próximos 5 minutos, a taxa de queda do humor aumenta em 100% e os efeitos de melhoria do humor diminuem em 60%. (Neste período, entra em um estado de melancolia.)",,Nenhum,Preferences,Preferências
https://raw.githubusercontent.com/fantasfor/soulmasktalents/main/imgs/thumb_437.png,Aversion to mild cold,Aversão ao frio ameno,"When in a mild cold environment, loses [2,4] Mood. For the next 5 minutes, the rate of mood decline increases by [50,75]% and mood-improvement effects decrease by [20,40]%.","Em um ambiente de frio ameno, perde 2 de Humor. Pelos próximos 5 minutos, a taxa de queda do humor aumenta em [2,4] e os efeitos de melhoria do humor diminuem em [50,75]%.",,Nenhum,Preferences,Preferências
https://raw.githubusercontent.com/fantasfor/soulmasktalents/main/imgs/thumb_438.png,Dislikes mild cold,Não gosta de frio ameno,"With the sensitivity to temperature, Mood drops by 6 when in a mild cold environment. For the next 5 minutes, the rate of mood decline increases by 100% and mood-improvement effects decrease by 60%. (In the duration, enters a state of melancholy)","Com sensibilidade à temperatura, o Humor cai 6 quando em um ambiente de frio ameno. Pelos próximos 5 minutos, a taxa de queda do humor aumenta em 100% e os efeitos de melhoria do humor diminuem em 60%. (Neste período, entra em um estado de melancolia.)",,Nenhum,Preferences,Preferências
https://raw.githubusercontent.com/fantasfor/soulmasktalents/main/imgs/thumb_439.png,Aversion to mild heat,Aversão ao calor ameno,"When in a mild heat environment, loses [2,4] Mood. For the next 5 minutes, the rate of mood decline increases by [50,75]% and mood-improvement effects decrease by [20,40]%.","Em um ambiente de calor ameno, perde 2 de Humor. Pelos próximos 5 minutos, a taxa de queda do humor aumenta em [2,4] e os efeitos de melhoria do humor diminuem em [50,75]%.",,Nenhum,Preferences,Preferências
https://raw.githubusercontent.com/fantasfor/soulmasktalents/main/imgs/thumb_440.png,Dislikes mild heat,Não gosta de calor ameno,"With the sensitivity to temperature, Mood drops by 6 when in a mild heat environment. For the next 5 minutes, the rate of mood decline increases by 100% and mood-improvement effects decrease by 60%. (In the duration, enters a state of melancholy)","Com sensibilidade à temperatura, o Humor cai 6 quando em um ambiente de calor ameno. Pelos próximos 5 minutos, a taxa de queda do humor aumenta em 100% e os efeitos de melhoria do humor diminuem em 60%. (Neste período, entra em um estado de melancolia.)",,Nenhum,Preferences,Preferências
https://raw.githubusercontent.com/fantasfor/soulmasktalents/main/imgs/thumb_441.png,Aversion to comfortable temperatures,Aversão a temperaturas confortáveis,"When in a pleasant environment, loses [2,4] Mood. For the next 5 minutes, the rate of mood decline increases by [50,75]% and mood-improvement effects decrease by [20,40]%.","Em um ambiente de temperatura confortável, perde 2 de Humor. Pelos próximos 5 minutos, a taxa de queda do humor aumenta em [2,4] e os efeitos de melhoria do humor diminuem em [50,75]%.",,Nenhum,Preferences,Preferências
https://raw.githubusercontent.com/fantasfor/soulmasktalents/main/imgs/thumb_442.png,Dislikes comfortable temperatures,Não gosta de temperaturas confortáveis,"With the sensitivity to temperature, Mood drops by 6 when in a pleasant environment. For the next 5 minutes, the rate of mood decline increases by 100% and mood-improvement effects decrease by 60%. (In the duration, enters a state of melancholy)","Com sensibilidade à temperatura, o Humor cai 6 em um ambiente de temperatura confortável. Pelos próximos 5 minutos, a taxa de queda do humor aumenta em 100% e os efeitos de melhoria do humor diminuem em 60%. (Neste período, entra em um estado de melancolia.)",,Nenhum,Preferences,Preferências
https://raw.githubusercontent.com/fantasfor/soulmasktalents/main/imgs/thumb_443.png,Aversion to the cold,Aversão ao frio,"When in a cold environment, loses [2,4] Mood. For the next 5 minutes, the rate of mood decline increases by [50,75]% and mood-improvement effects decrease by [20,40]%.","Em um ambiente frio, perde 2 de Humor. Pelos próximos 5 minutos, a taxa de queda do humor aumenta em [2,4] e os efeitos de melhoria do humor diminuem em [50,75]%.",,Nenhum,Preferences,Preferências
https://raw.githubusercontent.com/fantasfor/soulmasktalents/main/imgs/thumb_444.png,Dislikes the cold,Não gosta do frio,"With the sensitivity to temperature, Mood drops by 6 when in a cold environment. For the next 5 minutes, the rate of mood decline increases by 100% and mood-improvement effects decrease by 60%. (In the duration, enters a state of melancholy)","Com sensibilidade à temperatura, o Humor cai 6 em um ambiente frio. Pelos próximos 5 minutos, a taxa de queda do humor aumenta em 100% e os efeitos de melhoria do humor diminuem em 60%. (Neste período, entra em um estado de melancolia.)",,Nenhum,Preferences,Preferências
https://raw.githubusercontent.com/fantasfor/soulmasktalents/main/imgs/thumb_445.png,Aversion to scorching heat,Aversão ao calor escaldante,"In a scorching heat environment, loses [2,4] Mood. For the next 5 minutes, the rate of mood decline increases by [50,75]% and mood-improvement effects decrease by [20,40]%.","Em um ambiente de calor escaldante, perde 2 de Humor. Pelos próximos 5 minutos, a taxa de queda do humor aumenta em [2,4] e os efeitos de melhoria do humor diminuem em [50,75]%.",,Nenhum,Preferences,Preferências
https://raw.githubusercontent.com/fantasfor/soulmasktalents/main/imgs/thumb_446.png,Dislikes scorching heat,Não gosta de calor escaldante,"With the sensitivity to temperature, Mood drops by 6 when in a scorching heat environment. For the next 5 minutes, the rate of mood decline increases by 100% and mood-improvement effects decrease by 60%. (In the duration, enters a state of melancholy)","Com sensibilidade à temperatura, o Humor cai 6 em um ambiente de calor escaldante. Pelos próximos 5 minutos, a taxa de queda do humor aumenta em 100% e os efeitos de melhoria do humor diminuem em 60%. (Neste período, entra em um estado de melancolia.)",,Nenhum,Preferences,Preferências
https://raw.githubusercontent.com/fantasfor/soulmasktalents/main/imgs/thumb_447.png,Aversion to panther,Desgosto por leopardos,"Gets terrified by panthers, and loses [2,4] Mood when there's a panther nearby. For the next 5 minutes, the rate of mood decline increases by [50,75]% and mood-improvement effects decrease by [20,40]%.","Possui um grande medo de leopardos e por isso perde 2 pontos de Humor na presença deles. Por 5 minutos, a taxa de queda de Humor é aumentada em [2,4] e os pontos de Humor adquiridos reduzem em [50,75]%.",,Nenhum,Preferences,Preferências
https://raw.githubusercontent.com/fantasfor/soulmasktalents/main/imgs/thumb_448.png,Dislikes panther,Aversão a leopardos,"Holds fear deep inside and loses 6 Mood when there's a panther nearby. For the next 5 minutes, the rate of mood decline increases by 100% and mood-improvement effects decrease by 60%. (In the duration, enters a state of melancholy)","Possui um medo irracional de leopardos e por isso perde 6 pontos de Humor na presença deles. Por 5 minutos, a taxa de queda de Humor é aumentada em 100% e os pontos de Humor adquiridos reduzem em 60%. (Neste período, entra em um estado de melancolia.)",,Nenhum,Preferences,Preferências
https://raw.githubusercontent.com/fantasfor/soulmasktalents/main/imgs/thumb_449.png,Aversion to parrot,Desgosto por papagaios,"Gets irritated by annoying parrots, and loses [2,4] Mood when there's a parrot nearby. For the next 5 minutes, the rate of mood decline increases by [50,75]% and mood-improvement effects decrease by [20,40]%.","Se irrita facilmente com papagaios e por isso perde 2 pontos de Humor na presença deles. Por 5 minutos, a taxa de queda de Humor é aumentada em [2,4] e os pontos de Humor adquiridos reduzem em [50,75]%.",,Nenhum,Preferences,Preferências
https://raw.githubusercontent.com/fantasfor/soulmasktalents/main/imgs/thumb_450.png,Dislikes parrot,Aversão a papagaios,"Feels like choking the parrot to death when hearing its voice, and loses 6 Mood when there's a parrot nearby. For the next 5 minutes, the rate of mood decline increases by 100% and mood-improvement effects decrease by 60%. (In the duration, enters a state of melancholy)","Se enfurece só de ouvir o som de papagaios, perdendo 6 pontos de Humor na presença deles. Por 5 minutos, a taxa de queda de Humor é aumentada em 100% e os pontos de Humor adquiridos reduzem em 60%. (Neste período, entra em um estado de melancolia.)",,Nenhum,Preferences,Preferências
https://raw.githubusercontent.com/fantasfor/soulmasktalents/main/imgs/thumb_452.png,Dislikes monkey,Aversão a macacos,"Hates monkeys deeply and loses 6 Mood when living near them. For the next 5 minutes, the rate of mood decline increases by 100% and mood-improvement effects decrease by 60%. (In the duration, enters a state of melancholy)","Odeia macacos e perde 6 pontos de Humor na presença deles. Por 5 minutos, a taxa de queda de Humor é aumentada em 100% e os pontos de Humor adquiridos reduzem em 60%. (Neste período, entra em um estado de melancolia.)",,Nenhum,Preferences,Preferências
https://raw.githubusercontent.com/fantasfor/soulmasktalents/main/imgs/thumb_453.png,Aversion to ostrich,Desgosto por avestruzes,"Feels aversion to ostrich and loses [2,4] Mood when living near them. For the next 5 minutes, the rate of mood decline increases by [50,75]% and mood-improvement effects decrease by [20,40]%.","Não gosta de avestruzes e por isso perde 2 pontos de Humor na presença deles. Por 5 minutos, a taxa de queda de Humor é aumentada em [2,4] e os pontos de Humor adquiridos reduzem em [50,75]%.",,Nenhum,Preferences,Preferências
https://raw.githubusercontent.com/fantasfor/soulmasktalents/main/imgs/thumb_454.png,Dislikes ostrich,Aversão a avestruzes,"Hates ostriches deeply and loses 6 Mood when there's an ostrich nearby. For the next 5 minutes, the rate of mood decline increases by 100% and mood-improvement effects decrease by 60%. (In the duration, enters a state of melancholy)","Odeia avestruzes e perde 6 pontos de Humor na presença deles.Por 5 minutos, a taxa de queda de Humor é aumentada em 100% e os pontos de Humor adquiridos reduzem em 60%. (Neste período, entra em um estado de melancolia.)",,Nenhum,Preferences,Preferências
https://raw.githubusercontent.com/fantasfor/soulmasktalents/main/imgs/thumb_455.png,Aversion to defecation,Aversão à defecação,"Feels painful and loses [2,4,6] Mood when defecating. For the next 5 minutes, the rate of mood decline increases by [50,75,100]%, and mood-improvement effects decrease by [20,40,60]%.","Defecar é uma tarefa dolorosa, resultando em uma diminuição de 2 pontos no Humor ao fazê-lo. Por 5 minutos, a taxa de queda de Humor é aumentada em [2,4,6] e os pontos de Humor adquiridos reduzem em [50,75,100]%.",,Nenhum,Preferences,Preferências
https://raw.githubusercontent.com/fantasfor/soulmasktalents/main/imgs/thumb_101.png,Overwhelming Force,Força Esmagadora,"Each strike carries tremendous force. When damaging a target, an extra 15 Stamina is consumed to increase the damage by [5,10,15]% and drain [5,7.5,10] Stamina from the target.","Cada golpe é esmagador. Ao causar dano, consome 15 de vigor para aumentar o dano em [5,10,15]% e reduz 7,5 de vigor do inimigo.",Claw,Garra,Positive Gifts,Positivo
https://raw.githubusercontent.com/fantasfor/soulmasktalents/main/imgs/thumb_112.png,Fatal Rhythm,Ritmo Fatal,"Controls the rhythm of the battle, and gains 1 stack of boosts for ATK +[2,3,4]% and Attack Speed +[2,3,4]% when attacking enemies while maintaining over 70% Stamina, lasting for 10 seconds and stacking up to 5 times. (Removes all effects if conditions are not met)","Controle total do ritmo de batalha. Quando ataca inimigos com o vigor acima de 70%, ganha um bônus de +[2,3,4]% no ataque e na velocidade de ataque por 10 segundos, acumulando até 5 vezes. Se o vigor não estiver acima de 70%, todos os efeitos acumulados são removidos.",Claw,Garras,Positive Gifts,Positivo
https://raw.githubusercontent.com/fantasfor/soulmasktalents/main/imgs/thumb_119.png,Morale Dampener,Quebrar o Moral Inimigo,"The ferocious attacks instill fear in enemies' hearts. When hitting the target, has a [5,10,15]% chance to reduce their ATK by 3%, DEF by 2% and Movement Speed by 5% for 15s, stacking up to 5 times.","A ferocidade do ataque intimida os inimigos, acertos têm [5,10,15]% de chance de prejudicar o alvo, reduzindo o ATQ em 3%, DEF em 2% e Velocidade de Movimento em 5%, por 15 segundos; máximo de 5 acúmulos.",Claw,Garra,Positive Gifts,Positivo
https://raw.githubusercontent.com/fantasfor/soulmasktalents/main/imgs/thumb_144.png,Tit for Tat,Dente por Dente,"Endure the pain to retaliate. When attacked, there is a 20% chance of storing and dealing all received damage to enemies for [4,6,8]s. (CD: 30s)","Reage fortemente à dor e, ao ser atacado, tem [4,6,8] de chance de acumular dano por 4s. Durante este período, ao atacar inimigos, libera todo o dano acumulado (CD: 30s)",Claw,Garra,Positive Gifts,Positivo
https://raw.githubusercontent.com/fantasfor/soulmasktalents/main/imgs/thumb_51.png,Raging Inferno,Fúria em Chamas,"Reduces the burn effect caused by flames. When the body is ignited, each attack gains a damage boost equal to the ignition damage taken, stacking up to 10 times.","Reduz o efeito de queimadura causado por chamas. Ao ser incendiado, cada ataque contra inimigos concede um acúmulo de bônus de dano igual ao dano recebido por ignição, acumulando até 10 vezes.",Claw,Garra,Positive Gifts,Positivo
https://raw.githubusercontent.com/fantasfor/soulmasktalents/main/imgs/thumb_57.png,Getting Braver,Mais e Mais Coragem,"[Claw Exclusive] Attack enemies 5m from self for a 15% chance to gain a stack of Crit +[2,3,4]%, Crit Resist +[2,3,4]%, Crit DMG +[2,3,4]%, Movement Speed +[2,3,4]% for 30 seconds, stacking up to 5 times.","Atacar inimigos de perto dentro de 5 m tem 15% de chance de ganhar um acúmulo de bônus que aumenta o Crít., Resistência a Crít., Dano Crít. e Velocidade de Movimento em +[2,3,4]% por 30 segundos, máximo de 5 acúmulos.",Claw,Garra,Positive Gifts,Positivo
https://raw.githubusercontent.com/fantasfor/soulmasktalents/main/imgs/thumb_51.png,Raging Inferno,Fúria em Chamas,"Reduces the burn effect caused by flames. When the body is ignited, each attack gains a damage boost equal to [1.5,2]x the ignition damage taken, stacking up to 10 times.","Reduz o efeito de queimadura causado por chamas. Ao ser incendiado, cada ataque contra inimigos concede um acúmulo de bônus de dano igual a 1,5x o dano por ignição, acumulando até 10 vezes.",Claw,Garra,Positive Gifts,Positivo
https://raw.githubusercontent.com/fantasfor/soulmasktalents/main/imgs/thumb_128.png,Refined Tool,Ferramentas Refinadas,"Crafting tools with inventive skills. Probability of producing high-quality tools +[5,7.5,10]%.","Ferramentas feitas com excelência. Ao fabricar ferramentas, aumenta em 7,5% a chance de criar itens de alta qualidade.",Craftman,Artesãos,Positive Gifts,Positivo
https://raw.githubusercontent.com/fantasfor/soulmasktalents/main/imgs/thumb_136.png,Crafting Speed Up,Aceleração na Criação por Artesão,"Skilled in processing, the time required for completing crafting quests is reduced by [10,20,30]%.","Habilidade em processamento, o tempo necessário para completar missões de artesanato é reduzido em [10,20,30]%.",Craftman,Artesão,Positive Gifts,Positivo
https://raw.githubusercontent.com/fantasfor/soulmasktalents/main/imgs/thumb_137.png,Accelerate Weapon Crafting,Aceleração de Fabricação de Armas,"Experienced in weapon crafting, the time required to complete weapon crafting quests is reduced by [10,20,30]%.","Experiência em fabricação de armas, o tempo necessário para completar missões de fabricação de armas é reduzido em [10,20,30]%.",Craftman,Artesão,Positive Gifts,Positivo
https://raw.githubusercontent.com/fantasfor/soulmasktalents/main/imgs/thumb_138.png,Accelerate Armor Crafting,Aceleração de Fabricação de Armaduras,"Skilled in armor forging, the time required for armor crafting quests is reduced by [10,20,30]%.","Habilidade em artesanato de armaduras tradicionais, o tempo necessário para missões de fabricação de armaduras é reduzido em [10,20,30]%.",Craftman,Artesão,Positive Gifts,Positivo
https://raw.githubusercontent.com/fantasfor/soulmasktalents/main/imgs/thumb_141.png,Accelerate Alchemy,Acelerar Alquimia,"Talented in alchemy, the time required for alchemy quests is reduced by [10,20,30]%.","Talentoso em alquimia, o tempo necessário para missões de alquimia é reduzido em [10,20,30]%.",Craftman,Artesão,Positive Gifts,Positivo
https://raw.githubusercontent.com/fantasfor/soulmasktalents/main/imgs/thumb_142.png,Accelerate Cooking,Acelerar Culinária,"Experienced in cooking, the time required to complete cooking is reduced by [10,20,30]%.","Experiente em culinária, o tempo necessário para cozinhar alimentos é reduzido em [10,20,30]%.",Craftman,Artesão,Positive Gifts,Positivo
https://raw.githubusercontent.com/fantasfor/soulmasktalents/main/imgs/thumb_116.png,Poisoned Body,Corpo Envenenado,"Full of lethal poison, each attack has a [5,10,15]% chance of inflicting a stack of 10-sec Poison effect (DMG Over Time, Stamina Loss, Weak Spirit), stacking up to 5 times.","Com o corpo cheio de veneno letal, cada ataque tem [5,10,15]% de chance de infligir um acúmulo de 10 segundos de Veneno (Sangramento, Perda de Vigor, Espírito Fraco), máximo de 5 acúmulos.",Fang,Presa,Positive Gifts,Positivo
https://raw.githubusercontent.com/fantasfor/soulmasktalents/main/imgs/thumb_146.png,Pouring Rage,Derramamento de Ira,"Accumulate rage and deal a fatal blow. When attacked, there is a 20% chance of storing the received damage for [4,6,8]s, then dealing all stored damage to enemies in 8s. (CD: 30s)","Acumula ira para dar um golpe fatal. Ao ser atacado, tem [4,6,8] de chance de acumular todo o dano recebido por 4s. Nos 8s seguintes ao acúmulo, ao atacar inimigos, libera todo o dano acumulado (CD: 30s)",Fang,Presa,Positive Gifts,Positivo
https://raw.githubusercontent.com/fantasfor/soulmasktalents/main/imgs/thumb_147.png,Strikeback,Reação Tardia,"Strike upon discerning the enemy's maneuver. Dodging 2 enemy attacks (the interval of each attack is less than 6s) in succession grants you the ability to ignore the enemy's defense for [3,5,7]s.","Lê o ataque inimigo para agir oportunamente. Após esquivar com sucesso de 2 ataques do inimigo (com não mais de 6s entre eles), nos próximos 3s, seus ataques ignoram a defesa do inimigo.",Fang,Presa,Positive Gifts,Positivo
https://raw.githubusercontent.com/fantasfor/soulmasktalents/main/imgs/thumb_149.png,Desperate Response,Instinto de Sobrevivência,"When near death, a strong will to survive flares up, capping HP loss at [5,4,3]% per hit once below 30% of max HP. (Will not trigger if damage taken is greater than Max HP)","Quando à beira da morte, um forte instinto de sobrevivência é ativado: ao ter menos de [5,4,3]% dos PV, a cada ataque recebido, perde no máximo 5% do PV máximo, Não é ativado se o dano tomado é maior que o limite de PV.",Fang,Presa,Positive Gifts,Positivo
https://raw.githubusercontent.com/fantasfor/soulmasktalents/main/imgs/thumb_151.png,Blood Staunching,Supressão de Sangramento,"The blood clots unnaturally fast. When hit, there's a [5,10,15]% chance to instantly remove any Bleed effect and become immune to Bleed for 12 seconds. (CD: 30s)","Coagulação acelerada. Ao ser atacado, há [5,10,15]% de chance de remover o efeito de sangramento e impedir novos efeitos de sangramento por 12s. (Recarga: 30s)",Fang,Presa,Positive Gifts,Positivo
https://raw.githubusercontent.com/fantasfor/soulmasktalents/main/imgs/thumb_87.png,Calm and Peaceful,Calmo e Composto,"Fight with grace and elegance. Gain a stat boost after receiving no damage for 12 seconds, ATK +[1,1.5,2]%, Attack Speed +2%, Crit +[2,2,3]%, Crit DMG +[2,3,4]% at the cost of taking slightly higher damage, stacking up to 5 times; taking damage removes 1 stack each time.","Enfrenta o combate com elegância e calma: ao passar 12 segundos sem sofrer dano, você ganha 1 acúmulo que aumenta o ataque em +[2,2,3]%, a velocidade de ataque em +[2,3,4]%, a chance de crítico em 3% e o dano crítico em 4%, mas também aumenta levemente o dano recebido. Pode acumular até 5 vezes. Sofrer dano remove 1 acúmulo.",Fang,Presa,Positive Gifts,Positivo
https://raw.githubusercontent.com/fantasfor/soulmasktalents/main/imgs/thumb_89.png,Logging Pro,Profissional em Corte de Madeira,"Cuts down trees without damaging their roots, greatly reducing the time required for the felled trees to regrow by [20,30,40]%.","Corta árvores sem danificar suas raízes, reduzindo o tempo necessário para as árvores derrubadas regenerarem em [20,30,40]%.",Fang,Presa,Positive Gifts,Positivo
https://raw.githubusercontent.com/fantasfor/soulmasktalents/main/imgs/thumb_90.png,Vein Protection,Proteção de Veios,"Mine minerals without damaging the veins. Mine Regen Time -[20,30,40]%.","Minera sem danificar os veios, reduzindo o Tempo de Regeneração da Mina em -[20,30,40]%.",Fang,Presa,Positive Gifts,Positivo
https://raw.githubusercontent.com/fantasfor/soulmasktalents/main/imgs/thumb_91.png,Planting Pro,Perito em Plantio,"Tends crops meticulously and with extra care. Output of planted and harvested plants +[10,15,20]%.","Cultivador meticuloso de plantações. A produção de plantas plantadas e colhidas por si aumenta em +[10,15,20]%.",Fang,Presa,Positive Gifts,Positivo
https://raw.githubusercontent.com/fantasfor/soulmasktalents/main/imgs/thumb_96.png,Tear Wound,Laceração,"Ruptures the wound. Damage dealt to bleeding targets +[5,10,15]%.","Rutura a ferida, aumentando o dano causado a alvos sangrando em +[5,10,15]%.",Fang,Presa,Positive Gifts,Positivo
https://raw.githubusercontent.com/fantasfor/soulmasktalents/main/imgs/thumb_103.png,Endurance Burst,Explosão de Resistência,"Stop tolerating when you cannot. After successfully defending against enemy attacks, if Stamina is above 60%, recovers Resilience by [10,20,30] and gains a stack of 10% increase in DEF. When reaching more than 5 stacks, enters the burst status that deals [50,75,100]% more damage for 6 seconds.","Pare de tolerar quando não puder. Após defender com sucesso contra-ataques inimigos, se o Vigor estiver acima de [10,20,30], recupera 20 de Resiliência e ganha um acúmulo de [50,75,100]% de aumento na DEF. Ao atingir mais de 5 acúmulos, entra no estado de explosão, que causa 75% a mais de dano por 6 segundos.",Flint,Pederneira,Positive Gifts,Positivo
https://raw.githubusercontent.com/fantasfor/soulmasktalents/main/imgs/thumb_105.png,Insight DEF,DEF de Percepção,"Detects enemy's defensive deficiencies. Ignores the enemy's DEF within [3,5,7] seconds after reflecting the enemy's attack. (CD: 30s)","Detecta deficiências defensivas do inimigo. Ignora a DEF do inimigo dentro de [3,5,7] segundos após refletir o ataque do inimigo. (CD: 30s)",Flint,Pederneira,Positive Gifts,Positivo
https://raw.githubusercontent.com/fantasfor/soulmasktalents/main/imgs/thumb_114.png,Avoid Vitals,Evitando Órgãos Vitais,"The greater the distance, the less dangerous the threat. When hit by a ranged attack from 10 meters away, there's a 20% chance to reduce the damage taken by [30,50,80]%.","Quanto maior a distância, menor a ameaça. Ao ser atacado de mais de 10 metros, há [30,50,80]% de chance de reduzir o dano recebido em 30%.",Flint,Pederneira,Positive Gifts,Positivo
https://raw.githubusercontent.com/fantasfor/soulmasktalents/main/imgs/thumb_126.png,Refined Armor,Armadura Refinada,"Skilled in crafting. Probability of forging high-quality armor +[5,7.5,10]%.","Habilidade em artesanato, a probabilidade de forjar armaduras de alta qualidade aumenta em 7,5%.",Flint,Pederneira,Positive Gifts,Positivo
https://raw.githubusercontent.com/fantasfor/soulmasktalents/main/imgs/thumb_127.png,Weapon Enhancement,Aprimoramento de Armas,"Artisanal forging. Probability of producing high-quality weapons +[5,7.5,10]%.","Artesanato de alta qualidade, a probabilidade de produzir armas de alta qualidade aumenta em 7,5%.",Flint,Pederneira,Positive Gifts,Positivo
https://raw.githubusercontent.com/fantasfor/soulmasktalents/main/imgs/thumb_148.png,Stimulate Morale,Incentivo do Moral,"Pain awakens self-hatred and activates potential. When attacked, has a [10,15,20]% chance to enter the heart flow, triggering all talents of self that requires triggering within [5,7.5,10]s. (CD: 25s)","A dor desperta o ódio e ativa o potencial. Ao sofrer ataques, tem [10,15,20]% de chance de entrar em um estado de fluxo, onde dentro de 7,5s todos os talentos com chance de ativação serão ativados. (CD: 25s)",Flint,Pederneira,Positive Gifts,Positivo
https://raw.githubusercontent.com/fantasfor/soulmasktalents/main/imgs/thumb_63.png,Firm Will,Vontade Firme,"Firm and unshakable. Has a [15,20,25]% chance to become immune to Hitstun effects. (CD: 5s)","Vontade firme e inabalável. Tem [15,20,25]% de chance de se tornar imune a efeitos de Tontura. (CD: 5s)",Flint,Pederneira,Positive Gifts,Positivo
https://raw.githubusercontent.com/fantasfor/soulmasktalents/main/imgs/thumb_86.png,Tactical Dodge,Esquiva Tática,"Successfully dodging an enemy attack reset the talent cooldown (CD: [60,45,30]s).","Ao esquivar de um ataque inimigo, remove o tempo de recarga dos talentos. (Recarga: 60s)",Flint,Pederneira,Positive Gifts,Positivo
https://raw.githubusercontent.com/fantasfor/soulmasktalents/main/imgs/thumb_143.png,Rock-like Resolve,Vontade de Rocha,"After fending off an enemy attack, increases own Coma, Paralysis, and Bleed resistance by [30,50,80]% for 12 seconds. (CD: 30s)","Ao defender um ataque, aumenta a resistência a tontura, paralisia e sangramento em [30,50,80]% por 12s. (Recarga: 30s)",Guard,Guardas,Positive Gifts,Positivo
https://raw.githubusercontent.com/fantasfor/soulmasktalents/main/imgs/thumb_40.png,Multiple Shooting,Múltiplos Tiros,Mastered the exclusive multi-shooting skill of bows. Shoots more arrows at the same time every time using this kind of skill.,Aprendeu a habilidade de domínio de tiro múltiplo exclusiva dos arcos. É possível atirar mais flechas ao mesmo tempo com essa habilidade.,Hunter,Caçadores,Positive Gifts,Positivo
https://raw.githubusercontent.com/fantasfor/soulmasktalents/main/imgs/thumb_45.png,Marksman Footstep,Passo do Atirador,"Mastered the special movement skills of bows. Movement Speed +[10,15,20]% for 5 seconds when drawing a bow, with a [5,10,15]% chance to remove most Slow effects when triggered. (CD: 8s)","Domina técnicas especiais de movimentação com arcos, aumentando a velocidade de movimento em [5,10,15]% ao puxar a corda do arco por 5 segundos. Ao ativar o bônus de velocidade, há +[10,15,20]% de chance de remover a maioria dos efeitos de lentidão. (Tempo de recarga: 8 s)",Hunter,Caçadores,Positive Gifts,Positivo
https://raw.githubusercontent.com/fantasfor/soulmasktalents/main/imgs/thumb_46.png,Rapid Fire,Tiro Rápido,"An extremely challenging shot technique for archers to master. Full-charge time of bows -[15,35,55]%.","Técnica de tiro extremamente desafiadora para os arqueiros dominarem. O tempo de carga total dos arcos é reduzido em -[15,35,55]%.",Hunter,Caçadores,Positive Gifts,Positivo
https://raw.githubusercontent.com/fantasfor/soulmasktalents/main/imgs/thumb_48.png,Bone-gnawing Wound,Ferida Oculta,"Not all wounds show immediately. Ranged hits have a [5,10,15]% chance to inflict a 5-second hidden wound that sends the target into a coma if they move too quickly.","Algumas dores não se manifestam de imediato. Ao atingir um alvo com arma de longo alcance, há [5,10,15]% de chance de aplicar uma ferida oculta por 5s. Durante esse período, sprintar causa tontura.",Hunter,Caçadores,Positive Gifts,Positivo
https://raw.githubusercontent.com/fantasfor/soulmasktalents/main/imgs/thumb_104.png,Skill Recovery,Recuperação Habilidosa,"Times the tempo of recovery. Recovers HP equal to [15,25,35]% of the damage dealt after successfully reflecting the enemy's attack.","Acelera o tempo de recuperação. Recupera [15,25,35]% do dano causado em PV após refletir com sucesso o ataque do inimigo.",,Nenhum,Positive Gifts,Positivo
https://raw.githubusercontent.com/fantasfor/soulmasktalents/main/imgs/thumb_113.png,Go for the Jugular,Direto na Jugular,"Keen as an eagle's sight. When attacking an enemy 15 meters away, the damage to weak spots +[15,20,25]%.","Visão aguçada como a de uma águia. Ao atacar um inimigo a mais de 15 m de distância, o dano causado aos seus pontos fracos aumenta em +[15,20,25]%.",,Nenhum,Positive Gifts,Positivo
https://raw.githubusercontent.com/fantasfor/soulmasktalents/main/imgs/thumb_117.png,Mind-Heart Unison,Mente e Coração,"Launch fierce attacks; when hitting the target, has a [10,15,20]% chance to enter the heart flow, triggering all talents of self that requires triggering within [5,7.5,10]s. (Cooldown: 25s)","Ataque feroz que, ao acertar um alvo, tem [10,15,20]% de chance de entrar em um estado de fluxo, onde todos os talentos com chance de ativação são ativados por 7,5s. (CD: 25s)",,Nenhum,Positive Gifts,Positivo
https://raw.githubusercontent.com/fantasfor/soulmasktalents/main/imgs/thumb_118.png,PEN DEF,PEN DEF,"When hitting the target, there's a [5,10,15]% chance to ignore the target's DEF. (Cooldown: 2s)","Ao acertar um alvo, tem [5,10,15]% de chance de o ataque ignorar a DEF do alvo. (CD: 2s)",,Nenhum,Positive Gifts,Positivo
https://raw.githubusercontent.com/fantasfor/soulmasktalents/main/imgs/thumb_12.png,Resourceful,Engenhoso,"When self-awareness dominates the body, the likelihood of the body reacting to danger +[10,20,35]%.","Quando a autoconsciência domina o corpo, a probabilidade de o corpo reagir ao perigo aumenta em +[10,20,35]%.",,Nenhum,Positive Gifts,Positivo
https://raw.githubusercontent.com/fantasfor/soulmasktalents/main/imgs/thumb_122.png,Drunken Senses,Percepção Ébria,"Drunk in appearance, sober in spirit. Dodge [1,2,3] attacks within 15 seconds after drinking. Drinkers dodge more attacks (CD: 30 seconds).","Embriagado, mas ainda consciente. Nos 15 segundos após beber, é possível desviar de [1,2,3] ataques. Amantes da bebida ganham usos adicionais. (Tempo de recarga: 30 segundos)",,Nenhum,Positive Gifts,Positivo
https://raw.githubusercontent.com/fantasfor/soulmasktalents/main/imgs/thumb_125.png,Backpack Expansion,Expansão da Mochila,"A hidden compartment in the backpack increases storage space. Has [10,20,30] more inventory slots compared to the average backpack.","Um compartimento secreto na mochila aumenta o espaço de armazenamento. Tem [10,20,30] slots de inventário a mais em comparação com uma mochila comum.",,Nenhum,Positive Gifts,Positivo
https://raw.githubusercontent.com/fantasfor/soulmasktalents/main/imgs/thumb_13.png,Nimble Movement,Ágil,I'm always a step ahead of death. Movement Speed +5%.,A morte sempre me atrasa um pouco. Aumenta a velocidade de movimento em 5%.,,Nenhum,Positive Gifts,Positivo
https://raw.githubusercontent.com/fantasfor/soulmasktalents/main/imgs/thumb_150.png,Crisis Resolution,Mitigando Crises,"No one can survive on this land without a trump card. When hit, there's a 15% chance that the damage taken will be capped at [5,4,3]% of max HP. (Will not trigger if damage taken is greater than Max HP)","É impossível sobreviver nesta terra sem habilidades especiais. Há uma chance de [5,4,3]% de que, ao ser atacado, o dano recebido faça com que você perca no máximo 5% do PV máximo, Não é ativado se o dano tomado é maior que o limite de PV.",,Nenhum,Positive Gifts,Positivo
https://raw.githubusercontent.com/fantasfor/soulmasktalents/main/imgs/thumb_21.png,Anti-Thirst,Antisede,"Has a strong body that is more resistant to thirst and able to store more water. Max Hydration +[20,30,40]%.","Fortalece o corpo, tornando-o mais resistente à sede e capaz de armazenar mais água. A Hidratação Máxima aumenta em +[20,30,40]%.",,Nenhum,Positive Gifts,Positivo
https://raw.githubusercontent.com/fantasfor/soulmasktalents/main/imgs/thumb_22.png,Long Sight,Visão de Alcance,"Exceptional vision, view distance +[3,5,10] meters.","Visão excepcional, aumentando a distância de visão em +[3,5,10] metros.",,Nenhum,Positive Gifts,Positivo
https://raw.githubusercontent.com/fantasfor/soulmasktalents/main/imgs/thumb_34.png,Giant Sword DMG Increase,Aumento de Dano da Espada Gigante,"Using a giant sword deals more damage. Giant sword DMG +[3,6,9]%.","Usar uma espada gigante causa mais dano. O dano causado por espada gigante aumenta em +[3,6,9]%.",,Nenhum,Positive Gifts,Positivo
https://raw.githubusercontent.com/fantasfor/soulmasktalents/main/imgs/thumb_39.png,Pain Reversal,Reversão de Dor,"Turn pain into power. Taking damage has a [5,10,15]% chance to reset the talent cooldown (CD: 20s).","Transforma a dor em motivação. Ao ser atacado, há [5,10,15]% de chance de remover o tempo de recarga dos talentos. (Recarga: 20s)",,Nenhum,Positive Gifts,Positivo
https://raw.githubusercontent.com/fantasfor/soulmasktalents/main/imgs/thumb_42.png,Good at Melee Combat,Perícia em Combate Corpo-a-Corpo,"Enthusiastic about close-quarters combat. DMG to enemies within 5 meters +[3,6,9]%","Apaixonado por combate corpo a corpo, aumenta o dano em +[3,6,9]% contra inimigos dentro de 5 m",,Nenhum,Positive Gifts,Positivo
https://raw.githubusercontent.com/fantasfor/soulmasktalents/main/imgs/thumb_55.png,Acceleration at Stress,Aceleração sob Estresse,"Gets out of danger in a flash. When attacked, has a 20% chance to increase own Movement Speed by [15,20,30]% for 6 seconds. (CD: 20s)","Escapa do perigo num piscar de olhos. Quando atacado, tem [15,20,30]% de chance de aumentar a própria Velocidade de Movimento em 15% por 6 segundos. (CD: 20s)",,Nenhum,Positive Gifts,Positivo
https://raw.githubusercontent.com/fantasfor/soulmasktalents/main/imgs/thumb_71.png,Limb Destruction,Destruição de Membros,"Limb expert. Attacking the enemy's limbs has a 20% chance of gaining [10,15,25]% bonus damage.","Especialista em membros. Atacar os membros do inimigo tem [10,15,25]% de chance de causar 10% de dano extra.",,Nenhum,Positive Gifts,Positivo
https://raw.githubusercontent.com/fantasfor/soulmasktalents/main/imgs/thumb_73.png,Head Destruction,Destruição da Cabeça,"Skull expert. Attacking the enemy's head has a 20% chance of gaining [10,15,25]% bonus damage.","Especialista em cabeças. Atacar a cabeça do inimigo tem [10,15,25]% de chance de causar 10% de dano extra.",,Nenhum,Positive Gifts,Positivo
https://raw.githubusercontent.com/fantasfor/soulmasktalents/main/imgs/thumb_74.png,Tail Destruction,Destruição da Cauda,"Familiar with tail structure. When attacking the tail of the target, has a 20% chance to increase DMG by [10,15,25]%.","Familiarizado com a estrutura da cauda. Ao atacar a cauda do alvo, tem [10,15,25]% de chance de aumentar o Dano em 10%.",,Nenhum,Positive Gifts,Positivo
https://raw.githubusercontent.com/fantasfor/soulmasktalents/main/imgs/thumb_129.png,Accelerate Wood & Stone,Acelerar Madeira e Pedra,"Dexterous, the time required to complete wood & stone work is reduced by [10,20,30]%.","Seus membros são ágeis, o tempo necessário para completar trabalhos com madeira e pedra é reduzido em [10,20,30]%.",Porter,Faz-tudo,Positive Gifts,Positivo
https://raw.githubusercontent.com/fantasfor/soulmasktalents/main/imgs/thumb_131.png,Accelerate Kiln,Acelerar Forno,"Enthusiasm is unaffected by high-temperatures. Time required for kiln work -[10,20,30]%.","O entusiasmo é inalterado por altas temperaturas, o tempo necessário para completar trabalhos em forno é reduzido em -[10,20,30]%.",Porter,Faz-tudo,Positive Gifts,Positivo
https://raw.githubusercontent.com/fantasfor/soulmasktalents/main/imgs/thumb_132.png,Accelerate leatherworking,Acelerar Curtume,"Expert in leatherworking. Time required for leatherworking -[10,20,30]%.","Especialista em trabalho com couro, o tempo necessário para completar o curtimento de couro é reduzido em -[10,20,30]%.",Porter,Faz-tudo,Positive Gifts,Positivo
https://raw.githubusercontent.com/fantasfor/soulmasktalents/main/imgs/thumb_133.png,Accelerate Weaving,Acelerar Tecelagem,"Skilled in weaving, the time required for weaving work is reduced by [10,20,30]%.","Habilidade em tecelagem, o tempo necessário para trabalhos de tecelagem é reduzido em [10,20,30]%.",Porter,Faz-tudo,Positive Gifts,Positivo
https://raw.githubusercontent.com/fantasfor/soulmasktalents/main/imgs/thumb_134.png,Accelerate potting,Acelerar Cerâmica,"Skilled in potting techniques, the time required to complete potting is reduced by [10,20,30]%.","Habilidade em técnicas de cerâmica, o tempo necessário para completar trabalhos de cerâmica é reduzido em [10,20,30]%.",Porter,Faz-tudo,Positive Gifts,Positivo
https://raw.githubusercontent.com/fantasfor/soulmasktalents/main/imgs/thumb_124.png,Onslaught,Investida Feroz,"Unleash a ferocious offense to suppress the enemy. Depleting a target's Resilience will also remove their Superarmor. Attack Speed +10% for 12 seconds and gains Stamina if damage per hit > 5% of target's Max HP. (CD: [60,45,30]s)","Ao esgotar a resiliência do alvo, remove seu estado de superarmadura com a fúria de uma besta. Aumenta a velocidade de ataque em [60,45,30] por 12s. Se cada golpe causar mais de 5% dos PV máximos do alvo, recupera vida. (Recarga: 60s)",Warrior,Guerreiros,Positive Gifts,Positivo
https://raw.githubusercontent.com/fantasfor/soulmasktalents/main/imgs/thumb_10.png,Without a Sound,Sem Som,"Moves stealthily, making [10,30,50]% fewer sounds.","Move-se furtivamente, fazendo [10,30,50]% menos barulho.",,Nenhum,Positive Gifts,Positivo
https://raw.githubusercontent.com/fantasfor/soulmasktalents/main/imgs/thumb_100.png,Lose-lose,Perde-Perde,"The pain gradually becomes unbearable. When own weak spot is attacked, has a 25% chance to increase the damage dealt to the enemy's weak spot by [20,40,60]% in the next 15 seconds. However, the DMG taken on own weak spot also increases by [20,40,60]%. The effect lasts for 15 seconds. (CD: 25s)","Troca dor por poder. Ao ser atingido em um ponto fraco, tem [20,40,60]% de chance de aumentar o dano sofrido em pontos fracos do inimigo em [20,40,60]% por 15s, mas o dano sofrido em seus pontos fracos também aumenta em 60%. Dura 15s (CD: 25s)",,Nenhum,Positive Gifts,Positivo
https://raw.githubusercontent.com/fantasfor/soulmasktalents/main/imgs/thumb_102.png,Shield Bash,Bloqueio e Contra-Ataque com Escudo,"By mastering the shield technique, you can use (10% Max Stamina+[17,12,7]) Stamina to deflect melee attacks, inflicting damage equal to 100% of your ATK on the attacker. However, if your Stamina is less than 30% while defending yourself, you will take 200% damage.","Você domina técnicas habilidosas de defesa com escudo, consumindo 10% do vigor máximo + +[17,12,7] pontos adicionais para defender ataques corpo a corpo e causando dano ao atacante igual a 100% do seu próprio ataque. Se o vigor estiver abaixo de 30% no momento da defesa, você receberá o dobro do dano.",,Nenhum,Positive Gifts,Positivo
https://raw.githubusercontent.com/fantasfor/soulmasktalents/main/imgs/thumb_106.png,Wrath of Revenge,Ira de Vingança,"Channels fury into strength, becoming utterly infuriated when there's a dying or dead ally within 10 meters, ATK +[10,15,20]%, DEF +[15,20,25]%, Attack Speed +[5,7.5,10]%, Movement Speed +[5,10,15]%, and recover [10,15,20] Stamina per second for 20 seconds. (CD: 50s)","Transforma a tristeza e a raiva em força: ao ter um aliado em estado moribundo ou morto em um raio de 10 metros, fica completamente enfurecido, aumentando o Ataque em [10,15,20], a Defesa em +[15,20,25]%, a Velocidade de Ataque em 7,+[5,10,15]% e a Velocidade de Movimento em +[10,15,20]%, além de recuperar 15 pontos de Vigor por segundo durante 20s. (CD: 50s)",,Nenhum,Positive Gifts,Positivo
https://raw.githubusercontent.com/fantasfor/soulmasktalents/main/imgs/thumb_107.png,Enemy Down Fervency,Fervor de Abater,"Get more pumped after taking down each enemy. If there is a dying or killed enemy within 10 meters, gain [1,2,3] stacks of attack blocking effect, which is consumed upon being attacked. (CD: 40s)","Sempre que um inimigo é derrotado, a excitação aumenta. Quando um inimigo dentro de 10 metros está à beira da morte ou morre, recebe [1,2,3] cargas de bloqueio de dano. Cada ataque recebido consome [1,2,3] carga. (Recarga: 40s)",,Nenhum,Positive Gifts,Positivo
https://raw.githubusercontent.com/fantasfor/soulmasktalents/main/imgs/thumb_109.png,Merciless Means,Meios Implacáveis,"The enemy died a terrible death, reducing the Attack Speed of surviving enemies within 10 meters, reducing their Attack Speed by [5,10,15]%, Crit Resist by [10,15,20]% and DEF by [10,15,20]% for 20 seconds.","O inimigo teve uma morte horrível, os inimigos sobreviventes dentro de 10 metros têm sua Velocidade de Ataque reduzida em [5,10,15]%, Resistência a Crít. em [10,15,20]% em DEF em [10,15,20]% por 20 segundos.",,Nenhum,Positive Gifts,Positivo
https://raw.githubusercontent.com/fantasfor/soulmasktalents/main/imgs/thumb_11.png,Unnoticeable,Imperceptível,"Good at disguising. When spotted by enemies, Vigilance -[20,40,60]%.","Bom em disfarces. Quando avistado por inimigos, a Vigilância do inimigo é reduzida em -[20,40,60]%.",,Nenhum,Positive Gifts,Positivo
https://raw.githubusercontent.com/fantasfor/soulmasktalents/main/imgs/thumb_110.png,Slaughter Fervency,Fervor de Chacina,"There are no words to describe the thrill from killing enemies. Each time you kill or bring an enemy to near death, gain Superarmor and a huge Crit Resist boost for [5,7.5,10] seconds. (CD: 30s)","O prazer de abater um inimigo é indescritível. Sempre que fizer um inimigo ficar à beira da morte ou morrer, recebe 7,5 segundos de imunidade a interrupções e um aumento significativo na resistência a acertos críticos. (Recarga: 30s)",,Nenhum,Positive Gifts,Positivo
https://raw.githubusercontent.com/fantasfor/soulmasktalents/main/imgs/thumb_111.png,Determined,Determinado,"Stay composed in the face of danger. Gain a stat boost after staying still for 6 seconds, ATK +[1,1.5,2]%, Attack Speed +2%, Crit +[2,2,3]%, Crit DMG +[2,3,4]% at the cost of taking slightly higher damage, stacking up to 5 times; all effects are removed after moving.","Mente fria e foco inabalável: ao permanecer 6 segundos sem se mover, você ganha 1 acúmulo que aumenta o ataque em +[2,2,3]%, a velocidade de ataque em +[2,3,4]%, a chance de crítico em 3% e o dano crítico em 4%, mas também aumenta levemente o dano recebido. Pode acumular até 5 vezes. Mover-se remove todos os acúmulos.",,Nenhum,Positive Gifts,Positivo
https://raw.githubusercontent.com/fantasfor/soulmasktalents/main/imgs/thumb_115.png,Steel Body,Corpo Aço,"When attacked, gains immunity to Hitstun if current Resilience is higher than [70,60,50]%.","Ganha imunidade a efeitos Tontura quando a Resiliência atual é maior que [70,60,50]% ao ser atacado.",,Nenhum,Positive Gifts,Positivo
https://raw.githubusercontent.com/fantasfor/soulmasktalents/main/imgs/thumb_120.png,Suppress Violence,Supressão da Violência,"Suppress enemies with sheer power. When hitting the target, has a [5,10,15]% chance to reduce their Crit by 7% for 15s, stacking up to 5 times.","Utiliza a força para subjugar os inimigos. Atacar e acertar o alvo tem [5,10,15]% de chance de reduzir a Taxa de Crít. do alvo em 7%, durando 15s, máximo de 5 acúmulos.",,Nenhum,Positive Gifts,Positivo
https://raw.githubusercontent.com/fantasfor/soulmasktalents/main/imgs/thumb_121.png,Malice,Malícia,"Generates malice towards enemies carries debuffs; when attacking targets within 5m under Poison, Burn and Bleed, has a 15% chance to gain a stack of effect that boost self Crit by [1,2,3]% and Crit DMG by [2,3,4]%, lasts for 10s, can be stacked up to 5 times.","Alimenta a maldade contra inimigos em estados adversos. Atacando alvos dentro de 5 m que estejam envenenados, queimados ou sangrando, tem [1,2,3]% de chance de obter um acúmulo que aumenta a Taxa de Crít. em [2,3,4]% e o Dano Crít. em 4%, por 10 segundos; máximo de 5 acúmulos.",,Nenhum,Positive Gifts,Positivo
https://raw.githubusercontent.com/fantasfor/soulmasktalents/main/imgs/thumb_130.png,Stone cutting speed,Aceleração na Criação por Artesão,"Skilled stone cutters can shorten the time required to complete stone cutting work by [10, 20, 30]%.","Habilidade em técnicas de cerâmica, o tempo necessário para completar trabalhos de cerâmica é reduzido em 10%.",,Faz-tudo,Positive Gifts,Positivo
https://raw.githubusercontent.com/fantasfor/soulmasktalents/main/imgs/thumb_135.png,Grinding acceleration,Acelerar Forno,"Mastering grinding techniques reduces the time required to complete grinding tasks by [10,20,30]%.","Habilidade em técnicas de cerâmica, o tempo necessário para completar trabalhos de cerâmica é reduzido em [10,20,30]%.",,Faz-tudo,Positive Gifts,Positivo
https://raw.githubusercontent.com/fantasfor/soulmasktalents/main/imgs/thumb_14.png,Strong Physique,Forte,This body has endured so much. Max Stamina +20.,Este corpo já suportou muito. Aumenta o vigor máximo em 20.,,Nenhum,Positive Gifts,Positivo
https://raw.githubusercontent.com/fantasfor/soulmasktalents/main/imgs/thumb_140.png,Accelerating construction and manufacturing,Aceleração sob Estresse,"With proficiency in building manufacturing processes, the time required to complete building manufacturing work is shortened by [10,20,30]%.","Habilidade em processamento, o tempo necessário para completar missões de artesanato é reduzido em [10,20,30]%.",,Artesão,Positive Gifts,Positivo
https://raw.githubusercontent.com/fantasfor/soulmasktalents/main/imgs/thumb_145.png,Riposte,Contragolpe de Bloqueio,"When defending against melee attacks with a weapon (not a shield), there is a [10,15,20]% chance to use an additional 30 Stamina to Cripple the attacker for 5 seconds, significantly reducing their ATK.","Ao defender ataques corpo a corpo sem usar um escudo, há [10,15,20]% de chance de consumir 30 pontos de vigor adicionais para enfraquecer o atacante por 5 segundos, reduzindo significativamente seu ataque.",,Nenhum,Positive Gifts,Positivo
https://raw.githubusercontent.com/fantasfor/soulmasktalents/main/imgs/thumb_15.png,Crisis Response,Reação ao Perigo,"When attacked, has a 20% chance to increase DEF and Max HP by 5% each for 30 seconds. (CD: 50s)","Ao ser atacado, há 20% de chance de ativar, aumentando a Defesa em 5% e os PV Máximos em 5%, por 30 segundos. (CD: 50s)",,Nenhum,Positive Gifts,Positivo
https://raw.githubusercontent.com/fantasfor/soulmasktalents/main/imgs/thumb_16.png,Desperate Struggle,Último Esforço,Recovers 15% of HP in 5 seconds when HP is below 15%. (CD: 35s),"Quando os PV estão abaixo de 15%, recupera 15% de PV em 5 segundos. (CD: 35s)",,Nenhum,Positive Gifts,Positivo
https://raw.githubusercontent.com/fantasfor/soulmasktalents/main/imgs/thumb_17.png,Critical Counter,Momento de Contra-ataque,Gains a 5% damage boost for 6 seconds after blocking an enemy attack. (CD: 15s),"Após defender um ataque inimigo, ganha um efeito de aumento de dano em 5% por 6 segundos. (CD: 15s)",,Nenhum,Positive Gifts,Positivo
https://raw.githubusercontent.com/fantasfor/soulmasktalents/main/imgs/thumb_18.png,Escaping Death,Fugindo do Destino,"When HP is low (<15% or near death) and under attack, the attacker may face God's fury. (CD: 15s)","Se os PV estiverem abaixo de 15% ou em estado crítico ao ser atacado por um inimigo, o inimigo pode sofrer uma punição divina. (CD: 15s)",,Nenhum,Positive Gifts,Positivo
https://raw.githubusercontent.com/fantasfor/soulmasktalents/main/imgs/thumb_19.png,Camel Cow,Vacamelo,"Carries weight skillfully, Max Load +[20,40,60]%.","Carrega peso habilmente, aumentando a Carga Máxima em +[20,40,60]%.",,Nenhum,Positive Gifts,Positivo
https://raw.githubusercontent.com/fantasfor/soulmasktalents/main/imgs/thumb_20.png,Anti-Hunger,Antifome,"Has a strong body that is more resistant to hunger and able to store more food. Max Satiety +[20,30,40]%.","Tem um corpo forte que é mais resistente à fome e capaz de armazenar mais alimentos. A Saciedade Máxima aumenta em +[20,30,40]%.",,Nenhum,Positive Gifts,Positivo
https://raw.githubusercontent.com/fantasfor/soulmasktalents/main/imgs/thumb_23.png,Good Hearing,Boa Audição,"Good hearing, able to hear sounds [5,10,15] decibels lower than the average person.","Audição apurada, capaz de ouvir sons [5,10,15] decibéis mais baixos que a pessoa média.",,Nenhum,Positive Gifts,Positivo
https://raw.githubusercontent.com/fantasfor/soulmasktalents/main/imgs/thumb_24.png,Blood Activating,Ativação Sanguínea,"Has abundant vitality, HP Recovery Speed +[50,100,200]%.","Tem vitalidade abundante, a Velocidade de Recuperação de PV aumenta em +[50,100,200]%.",,Nenhum,Positive Gifts,Positivo
https://raw.githubusercontent.com/fantasfor/soulmasktalents/main/imgs/thumb_25.png,Full Stamina,Vigor Completo,"Improves stamina recovery, receiving an additional [15,25,50]% from each stamina recovery.","A eficiência da recuperação de Vigor é maior. A cada nova recuperação de Vigor, recupera [15,25,50]% a mais que na anterior.",,Nenhum,Positive Gifts,Positivo
https://raw.githubusercontent.com/fantasfor/soulmasktalents/main/imgs/thumb_26.png,Slow Absorption (Food),Absorção Lenta (Alimento),"The food is digested slower, Satiety Consumption -[10,30,50]%.","O alimento é digerida mais lentamente, resultando em uma diminuição de -[10,30,50]% no consumo de alimentos.",,Nenhum,Positive Gifts,Positivo
https://raw.githubusercontent.com/fantasfor/soulmasktalents/main/imgs/thumb_27.png,Slow Absorption (Water),Absorção Lenta (Água),"Slow water absorption. Water Consumption -[10,30,50]%","Hidratação lenta, resultando em uma diminuição de -[10,30,50]% no consumo de hidratação.",,Nenhum,Positive Gifts,Positivo
https://raw.githubusercontent.com/fantasfor/soulmasktalents/main/imgs/thumb_28.png,Rapid Growth,Crescimento Rápido,"Good at reflecting on the past. Character EXP gained +[30,50,80]%.","Bom em refletir sobre o passado. A EXP de Crescimento ganha pelo personagem aumenta em +[30,50,80]%.",,Nenhum,Positive Gifts,Positivo
https://raw.githubusercontent.com/fantasfor/soulmasktalents/main/imgs/thumb_29.png,Single Blade DMG Increase,Aumento de Dano da Lâmina de Uma Mão,"A blade is more powerful when used with one hand. Single blade DMG +[3,6,9]%.","Uma lâmina é mais poderosa quando usada com uma mão. O dano causado por uma lâmina de uma mão aumenta em +[3,6,9]%.",,Nenhum,Positive Gifts,Positivo
https://raw.githubusercontent.com/fantasfor/soulmasktalents/main/imgs/thumb_3.png,Swift Pace,Passo Veloz,"Fast paced, Movement Speed +[3,6,9]%.","Ritmo rápido, aumenta a Velocidade de Movimento em +[3,6,9]%.",,Nenhum,Positive Gifts,Positivo
https://raw.githubusercontent.com/fantasfor/soulmasktalents/main/imgs/thumb_30.png,Spear DMG Increase,Aumento de Dano da Lança,"A spear grants greater power. Spear DMG +[3,6,9]%.","Usar uma lança causa mais dano. O dano causado por lança aumenta em +[3,6,9]%.",,Nenhum,Positive Gifts,Positivo
https://raw.githubusercontent.com/fantasfor/soulmasktalents/main/imgs/thumb_31.png,Bow DMG Increase,Aumento de Dano do Arco,"Using a bow deals more damage. Bow DMG +[3,6,9]%.","Usar um arco causa mais dano. O dano causado por arco aumenta em +[3,6,9]%.",,Nenhum,Positive Gifts,Positivo
https://raw.githubusercontent.com/fantasfor/soulmasktalents/main/imgs/thumb_32.png,Hammer DMG Increase,Aumento de Dano do Martelo,"A hammer grants greater power. Hammer DMG +[3,6,9]%.","Um martelo maior confere maior poder. O dano causado por martelo aumenta em +[3,6,9]%.",,Nenhum,Positive Gifts,Positivo
https://raw.githubusercontent.com/fantasfor/soulmasktalents/main/imgs/thumb_33.png,Gauntlets DMG Increase,Aumento de Dano das Manoplas,"Using a pair of gauntlets deals more damage. Gauntlets DMG +[3,6,9]%.","Usar um par de manoplas causa mais dano. O dano causado por manoplas aumenta em +[3,6,9]%.",,Nenhum,Positive Gifts,Positivo
https://raw.githubusercontent.com/fantasfor/soulmasktalents/main/imgs/thumb_35.png,Dual-blade DMG Increase,Aumento de Dano da Lâmina de Duas Mãos,"Using a dual-blade deals more damage. Dual-blades DMG +[3,6,9]%.","Usar uma lâmina de duas mãos causa mais dano. O dano causado por lâmina de duas mãos aumenta em +[3,6,9]%.",,Nenhum,Positive Gifts,Positivo
https://raw.githubusercontent.com/fantasfor/soulmasktalents/main/imgs/thumb_36.png,Hardened Skin - Anti-Pierce,Pele Endurecida - Antiperfuração,"Thick skin resists Pierce attacks. DMG taken from piercing-type attacks -[10,15,20]%.","Pele grossa, sofre -[10,15,20]% menos dano de perfuração.",,Nenhum,Positive Gifts,Positivo
https://raw.githubusercontent.com/fantasfor/soulmasktalents/main/imgs/thumb_37.png,Hardened Skin - Anti-Slash,Pele Endurecida - Anticorte,"Thick skin resists slashes. DMG taken from slash-type attacks -[10,15,20]%.","Pele resistente a cortes, sofre -[10,15,20]% menos dano de Corte.",,Nenhum,Positive Gifts,Positivo
https://raw.githubusercontent.com/fantasfor/soulmasktalents/main/imgs/thumb_38.png,Hardened Skin - Anti-Blunt Strike,Pele Endurecida - Anticontusão,"Thick skin resists slams. DMG taken from blunt-type attacks -[10,15,20]%.","Pele dura, sofre -[10,15,20]% menos dano de golpes cortantes.",,Nenhum,Positive Gifts,Positivo
https://raw.githubusercontent.com/fantasfor/soulmasktalents/main/imgs/thumb_4.png,Fierce Attack,Ataque Feroz,"Launches a fierce attack, Attack Speed +[3,6,9]%.","Lança um ataque feroz, aumentando a Velocidade de Ataque em +[3,6,9]%.",,Nenhum,Positive Gifts,Positivo
https://raw.githubusercontent.com/fantasfor/soulmasktalents/main/imgs/thumb_41.png,Trick Force,Astúcia,"Mastered how to use force most effectively. Stamina cost -[10,20,30]%.","Dominou a arte de usar a força de maneira mais eficaz. O custo de Vigor é reduzido em -[10,20,30]%..",,Nenhum,Positive Gifts,Positivo
https://raw.githubusercontent.com/fantasfor/soulmasktalents/main/imgs/thumb_43.png,Remote Strike,Ataque à Distância,"The attack gets stronger the farther away the enemy is. DMG to enemies 15 meters away +[3,6,9]%","Mais forte à distância. Aumenta o dano em +[3,6,9]% contra inimigos a mais de 15 m",,Nenhum,Positive Gifts,Positivo
https://raw.githubusercontent.com/fantasfor/soulmasktalents/main/imgs/thumb_44.png,Extraordinary Talent,Talento Extraordinário,"Blessing bestowed by the gods; triggering chance of all probabilistic talents +[10,15,20]%.","A bênção dos deuses aumenta a chance de ativação de todos os talentos probabilísticos em +[10,15,20]%.",,Nenhum,Positive Gifts,Positivo
https://raw.githubusercontent.com/fantasfor/soulmasktalents/main/imgs/thumb_47.png,Quick Reload,Recarga Rápida,"A born genius, natural with all sorts of gadgets. Crossbow Tower, Ballista Reload Speed +[20,35,50]%.","Esse cara é esperto desde pequeno e aprende a usar qualquer equipamento rapidamente. A velocidade de recarga na Torre de Flechas e na Balista de Cerco é reduzida em +[20,35,50]%.",,Nenhum,Positive Gifts,Positivo
https://raw.githubusercontent.com/fantasfor/soulmasktalents/main/imgs/thumb_49.png,Last Radiance,Último Resplendor,"Possesses tenacious vitality, able to recover 20% of HP in 5 seconds when HP is below [10,20,30]%. (CD: 40s)","Possui vitalidade tenaz, capaz de recuperar [10,20,30]% do PV por 5 segundos quando o PV está abaixo de 20%. (CD: 40s)",,Nenhum,Positive Gifts,Positivo
https://raw.githubusercontent.com/fantasfor/soulmasktalents/main/imgs/thumb_5.png,Powerful Attack,Ataque Poderoso,"Has a brutal strength. ATK +[3,6,9]%.","Força brutal inata que aumenta o ATQ em +[3,6,9]%.",,Nenhum,Positive Gifts,Positivo
https://raw.githubusercontent.com/fantasfor/soulmasktalents/main/imgs/thumb_50.png,Wild Nature Awakened,Despertar da Natureza Selvagem,"Dangers of death will bring out the wildness within. When HP is below 30%, ATK +[10,15,20]%, Stamina +[10,15,20] per second, DEF -20%, lasting for 15 seconds. (CD: 30s)","Perigos da morte trazem à tona a selvageria interior. Quando o PV está abaixo de 30%, o ATQ aumenta em +[10,15,20]% e 10 de Vigor são recuperados por segundo, enquanto a própria DEF diminui em 20%, durando por 15 segundos. (CD: 30s)",,Nenhum,Positive Gifts,Positivo
https://raw.githubusercontent.com/fantasfor/soulmasktalents/main/imgs/thumb_53.png,Spreading Flames,Propagação das Chamas,"When I'm on fire, no one can escape! When the body is ignited, the burn effect can be transferred to enemies within a [1,2,3]m radius.","Eu queimei, ninguém vai escapar! Quando o corpo está em chamas, o efeito incendiário é transmitido para inimigos em um raio de [1,2,3] metro.",,Nenhum,Positive Gifts,Positivo
https://raw.githubusercontent.com/fantasfor/soulmasktalents/main/imgs/thumb_54.png,Fatal,Fatal,"Damaging a target with less than 30% HP has a 20% chance to increase the damage by [15,20,25]% and inflict a 5-second hidden wound. If the target moves with haste while wounded, they’ll bleed heavily, losing HP equal to [40,60,80]% of the attacker's ATK per second.","Ao causar dano a alvos com menos de [15,20,25]% de PV, há [40,60,80]% de chance de aumentar o dano em 15% e aplicar uma ferida oculta por 5s. Durante esse tempo, sprintar causa sangramento intenso, drenando PV equivalente a 40% do seu ataque por segundo.",,Nenhum,Positive Gifts,Positivo
https://raw.githubusercontent.com/fantasfor/soulmasktalents/main/imgs/thumb_56.png,Bite the Bullet,Suportando Tudo,"Potential is activated under the spur of motivation. When under attack, there is a 30% chance to increase self Max Load by [20,30,50]% for 10 seconds. (CD: 30s)","O potencial é ativado sob o estímulo da motivação. Quando sob ataque, há [20,30,50]% de chance de aumentar a Carga Máxima em 20% por 10 segundos. (CD: 30s)",,Nenhum,Positive Gifts,Positivo
https://raw.githubusercontent.com/fantasfor/soulmasktalents/main/imgs/thumb_58.png,Fire Deterrence,Dissuasão Flamejante,"The ghastly vision of the burning body deals a crushing blow to the enemy's courage, reducing their ATK and movement speed by 10% within a [3,5,8]m radius for 10 seconds, stacking up to 3 times.","A visão aterrorizante do corpo em chamas intimida inimigos, reduzindo o ataque e a velocidade de movimento em [3,5,8] em um raio de 3 metros por 10 segundos, acumulando até 3 vezes.",,Nenhum,Positive Gifts,Positivo
https://raw.githubusercontent.com/fantasfor/soulmasktalents/main/imgs/thumb_59.png,Crave for Blood,Desejo de Sangue,"With the desire for blood, when attacking targets within 5 meters, has a 25% chance to convert [10,20,30]% of damage into HP restoration to self.","Com o desejo de sangue, ao atacar alvos a até 5 metros, tem [10,20,30]% de chance de converter 10% do dano em restauração de PV para si.",,Nenhum,Positive Gifts,Positivo
https://raw.githubusercontent.com/fantasfor/soulmasktalents/main/imgs/thumb_6.png,Enhance DEF,Aumento de DEF,"Has a higher defense than most people, DEF +[3,6,9]%.","Tem uma defesa superior à da maioria das pessoas, aumentando a DEF em +[3,6,9]%.",,Nenhum,Positive Gifts,Positivo
https://raw.githubusercontent.com/fantasfor/soulmasktalents/main/imgs/thumb_61.png,Surprise Attack,Ataque Surpresa,"Each part has weak spots. Has a [10%,15%,20] chance for taking any part hit as a weak spot.",Cada parte tem pontos fracos. Atacar qualquer parte tem 15% de chance de considerá-la como um ponto fraco.,,Nenhum,Positive Gifts,Positivo
https://raw.githubusercontent.com/fantasfor/soulmasktalents/main/imgs/thumb_64.png,Clever Escape,Fuga Inteligente,"Stores up Stamina to make a quick getaway at any time, also recovers [10,15,25] Stamina from Hitstun. (CD: 5s)","Guarda Vigor para fazer uma fuga rápida a qualquer momento, também recupera [10,15,25] de Vigor ao sofrer Tontura. (CD: 5s)",,Nenhum,Positive Gifts,Positivo
https://raw.githubusercontent.com/fantasfor/soulmasktalents/main/imgs/thumb_66.png,Hardened Body,Corpo Endurecido,"When facing threats, the body tenses up instantly. During Hitstun, there is a 20% chance of gaining Superarmor for [1,2,3] seconds. (CD: 5s)","Ao enfrentar uma ameaça, retesa o corpor instantaneamente. Quando afetado por Tontura, há 20% de chance de obter [1,2,3] segundos de Corpo Robusto. (CD: 5s)",,Nenhum,Positive Gifts,Positivo
https://raw.githubusercontent.com/fantasfor/soulmasktalents/main/imgs/thumb_67.png,Head Stress Response,Resposta ao Estresse da Cabeça,"The stress response has a 20% chance to kick in when the head is attacked, DMG taken -[20,30,50]% for 5 seconds. (CD: 12s)","Ao ser atingido na cabeça, há -[20,30,50]% de chance de gerar uma resposta ao estresse, reduzindo o dano recebido em 20% nos próximos 5s. (CD: 12s)",,Nenhum,Positive Gifts,Positivo
https://raw.githubusercontent.com/fantasfor/soulmasktalents/main/imgs/thumb_68.png,Arm Stress Response,Resposta ao Estresse do Braço,"The stress response has a 20% chance to kick in when the arm is attacked, DMG taken -[20,30,50]% for 5 seconds. (CD: 12s)","Ao ser atingido no braço, há -[20,30,50]% de chance de gerar uma resposta ao estresse, reduzindo o dano recebido em 20% nos próximos 5s. (CD: 12s)",,Nenhum,Positive Gifts,Positivo
https://raw.githubusercontent.com/fantasfor/soulmasktalents/main/imgs/thumb_69.png,Torso Stress Response,Resposta ao Estresse do Tronco,"The stress response has a 20% chance to kick in when the torso is attacked, DMG taken -[20,30,50]% for 5 seconds. (CD: 12s)","Ao ser atingido no tronco, há -[20,30,50]% de chance de gerar uma resposta ao estresse, reduzindo o dano recebido em 20% nos próximos 5s. (CD: 12s)",,Nenhum,Positive Gifts,Positivo
https://raw.githubusercontent.com/fantasfor/soulmasktalents/main/imgs/thumb_7.png,Injury Relieve,Alívio de Lesão,"Born to be tough and resilient, DMG taken -[3,6,9]%.","Nasceu para resistir, sofre -[3,6,9]% menos dano.",,Nenhum,Positive Gifts,Positivo
https://raw.githubusercontent.com/fantasfor/soulmasktalents/main/imgs/thumb_70.png,Thigh Stress Response,Resposta ao Estresse da Coxa,"The stress response has a 20% chance to kick in when the thigh is attacked, DMG taken -[20,30,50]% for 5 seconds. (CD: 12s)","Ao ser atingido na coxa, há -[20,30,50]% de chance de gerar uma resposta ao estresse, reduzindo o dano recebido em 20% nos próximos 5s. (CD: 12s)",,Nenhum,Positive Gifts,Positivo
https://raw.githubusercontent.com/fantasfor/soulmasktalents/main/imgs/thumb_72.png,Torso Destruction,Destruição do Tronco,"Familiar with torso structure. When attacking the torso of the target, has a 20% chance to increase DMG by [10,15,25]%.","Familiarizado com a estrutura do tronco. Ao atacar o tronco do alvo, tem [10,15,25]% de chance de aumentar o Dano em 10%.",,Nenhum,Positive Gifts,Positivo
https://raw.githubusercontent.com/fantasfor/soulmasktalents/main/imgs/thumb_75.png,Weak Spot Enhance,Aprimoramento de Ponto Fraco,"Intentionally strengthens own weak spots. Damage taken when hit -[20,40,60]%.","Fortalece intencionalmente seus próprios pontos fracos, reduzindo o dano sofrido em -[20,40,60]% quando são atingidos.",,Nenhum,Positive Gifts,Positivo
https://raw.githubusercontent.com/fantasfor/soulmasktalents/main/imgs/thumb_76.png,Fight Back,Contra-Ataque,"Each joint of the body is a lethal weapon. When a body part(except head) other than the weak spots is hit by a melee attack within a 5m range, [10,15,20]% of the damage is returned back to the attacker.","Cada articulação do corpo é uma arma letal. Quando uma parte do corpo (exceto a cabeça) que não seja um ponto fraco é atingida por um ataque corpo a corpo dentro de um alcance de 5 m, [10,15,20]% do dano é devolvido ao atacante.",,Nenhum,Positive Gifts,Positivo
https://raw.githubusercontent.com/fantasfor/soulmasktalents/main/imgs/thumb_77.png,Weakness Thump,Golpe no Ponto Fraco,"Attacking the enemy's weak spot has a 25% chance of increasing damage by [15,20,25]%.","Atacar o ponto fraco do inimigo tem [15,20,25]% de chance de aumentar o dano em 15%.",,Nenhum,Positive Gifts,Positivo
https://raw.githubusercontent.com/fantasfor/soulmasktalents/main/imgs/thumb_78.png,Loadless Fast Marching,Marcha Rápida com Pouca Carga,"Unleash agility with a lighter pack. Movement Speed +[5,10,15]% when the Load is less than 50%.","Libera agilidade com uma carga mais leve. A Velocidade de Movimento aumenta em +[5,10,15]% quando a Carga está abaixo de 50%.",,Nenhum,Positive Gifts,Positivo
https://raw.githubusercontent.com/fantasfor/soulmasktalents/main/imgs/thumb_8.png,Full Vitality,Vitalidade Completa,"A rosy, glowing complexion indicates good health, Max HP +[3,6,9]%.","Complexão rosada e brilhante indica boa saúde, aumenta o PV máximo em +[3,6,9]%.",,Nenhum,Positive Gifts,Positivo
https://raw.githubusercontent.com/fantasfor/soulmasktalents/main/imgs/thumb_80.png,Loaded Raid,Incursão Carregada,"Travels faster despite carrying weight. When load is above 90%, Movement Speed +[10,20,40]%.","Viaja mais rápido apesar de carregar peso. Quando a carga está acima de 90%, a Velocidade de Movimento aumenta em +[10,20,40]%.",,Nenhum,Positive Gifts,Positivo
https://raw.githubusercontent.com/fantasfor/soulmasktalents/main/imgs/thumb_81.png,Endurance,Resistência,"After fending off an enemy attack, DEF +[30,50,80]% for 12 seconds and gains immunity to critical hits during this time. (CD: 30s)","Ao defender um ataque inimigo, aumenta a defesa em +[30,50,80]% por 12s. Durante esse período, não pode sofrer acertos críticos. (Recarga: 30s)",,Nenhum,Positive Gifts,Positivo
https://raw.githubusercontent.com/fantasfor/soulmasktalents/main/imgs/thumb_82.png,Defense to Offense,Defensiva para Ofensiva,"Mastered great skills for reflecting attacks. Returns a [20,35,50]% of damage to the attacker after successfully reflecting the enemy's melee attack.","Dominou grandes habilidades para refletir ataques. Retorna [20,35,50]% do dano ao atacante após refletir com sucesso o ataque corpo a corpo do inimigo.",,Nenhum,Positive Gifts,Positivo
https://raw.githubusercontent.com/fantasfor/soulmasktalents/main/imgs/thumb_83.png,Dodge and Strike,Esquivar e Atacar,"Successfully dodging an enemy attack increases Movement Speed +[10,20,30]%, Attack Speed +[10,20,30]%, ATK +[5,7.5,10]% for 5 seconds. (CD: 10s)","Após desviar com sucesso de um ataque inimigo, aumenta em +[10,20,30]% a Velocidade de Movimento e de Ataque, e em 7,5% o ATQ por 5s (CD: 10s)",,Nenhum,Positive Gifts,Positivo
https://raw.githubusercontent.com/fantasfor/soulmasktalents/main/imgs/thumb_85.png,Extreme Dodge,Esquiva Extrema,"Instantly recovers [15,25,35] Stamina after dodging enemy attacks.","Recupera [15,25,35] de Vigor imediatamente após esquivar-se com sucesso de um ataque.",,Nenhum,Positive Gifts,Positivo
https://raw.githubusercontent.com/fantasfor/soulmasktalents/main/imgs/thumb_88.png,Static Recovery,Recuperação Estática,"Life is in stillness. When remaining stationary for 15 seconds without any movement, slowly recovers HP equal to [15,20,25]% of DEF per second.","Vida em repouso. Ao ficar sem se movimentar por 15 s, inicia uma recuperação gradual, recuperando [15,20,25]% da DEF em PV por segundo.",,Nenhum,Positive Gifts,Positivo
https://raw.githubusercontent.com/fantasfor/soulmasktalents/main/imgs/thumb_9.png,Light Footsteps,Passos Leves,"Takes soft steps, reducing the volume footfall noise by [10,30,50]%.","Caminha com passos suaves, reduzindo o volume do barulho dos passos em [10,30,50]%.",,Nenhum,Positive Gifts,Positivo
https://raw.githubusercontent.com/fantasfor/soulmasktalents/main/imgs/thumb_92.png,Quick Bandaging,Bandagem Rápida,"The multi-time [3,2,1] rd place of the tribe's bandaging competition. Bandage Time -[30%,40%,50%]%","Já ganhou o terceiro lugar várias vezes no campeonato de bandagem organizado pela tribo. O tempo de bandagem é reduzido em [3,2,1].",,Nenhum,Positive Gifts,Positivo
https://raw.githubusercontent.com/fantasfor/soulmasktalents/main/imgs/thumb_95.png,Blood Absorption,Absorção de Sangue,"Satiate hunger with blood. Dealing damage to targets within 5 meters has a [5,10,15]% chance to inflict additional damage equal to 3% of their Max HP (up to 100 HP) and heal the attacker for the same amount. This effect is 5% stronger (up to 150 HP) against bleeding targets.","Sede de Sangue: ao causar dano a um alvo dentro de 5 metros, há [5,10,15]% de chance de fazê-lo perder 3% do PV máximo (até 100 pontos) e restaurar a mesma quantidade para o atacante. Se o alvo estiver sangrando, o efeito aumenta para 5% (até 150 pontos).",,Nenhum,Positive Gifts,Positivo
https://raw.githubusercontent.com/fantasfor/soulmasktalents/main/imgs/thumb_97.png,Fight to Death,Lutar até a Morte,"Prefers counterattack to defense. When attacked, has a 20% chance to increase own ATK by [20,30,50]% at the cost of reducing DEF by [20,30,50]% for 15 seconds. (CD: 25s)","Prefere o contra-ataque à defesa. Quando atacado, tem [20,30,50]% de chance de aumentar seu próprio ATQ em [20,30,50]% ao custo de reduzir a própria DEF em 20% por 15 segundos. (CD: 25s)",,Nenhum,Positive Gifts,Positivo
https://raw.githubusercontent.com/fantasfor/soulmasktalents/main/imgs/thumb_99.png,Bloodbath Recovery,Recuperação de Banho de Sangue,"Blood is life. Taking damage has a 20% chance to activate Bloodlust Recovery, restoring HP equal to [10,20,30]% of own ATK per second for 15 seconds. HP lost to Bleeding during this effect is converted into [1.0,1.25,1.5]x the amount of HP recovery. (CD: 25s)","Sangue é vida. Ao ser atacado, há [10,20,30]% de chance de lamber o sangue para se curar, restaurando 30% da vida com base no seu poder de ataque por segundo, durante 15s. Durante esse tempo, a vida perdida por sangramento será convertida em 1,5 vezes a vida recuperada. (Tempo de recarga: 25s)",,Nenhum,Positive Gifts,Positivo
https://raw.githubusercontent.com/fantasfor/soulmasktalents/main/imgs/thumb_217.png,Weapon Master,Mestre das Armas,"Proficient in a variety of weapons, DMG dealt with any weapon +10%, Attack Speed +10%.","Proficiente em uma variedade de armas, o dano causado com qualquer arma aumenta em 10% e a Velocidade de Ataque aumenta em 10%.",,Nenhum,Title,Título
https://raw.githubusercontent.com/fantasfor/soulmasktalents/main/imgs/thumb_218.png,Hardbone,Osso Duro,A true master of endurance. Immune to critical hits if the unit's Resilience is above 50% when attacked.,"Ninguém apanha melhor do que ele. Se a resiliência atual estiver acima de 50%, não pode sofrer acertos críticos.",,Nenhum,Title,Título
https://raw.githubusercontent.com/fantasfor/soulmasktalents/main/imgs/thumb_219.png,Heartcaptor,Conquistador de Corações,The notorious executioner of the tribe. +12% Damage when attacking the Torso of the target.,"Como um carrasco da tribo de reputação notória, o dano causado à região do Tronco aumenta permanentemente em 12%.",,Nenhum,Title,Título
https://raw.githubusercontent.com/fantasfor/soulmasktalents/main/imgs/thumb_220.png,Nightwalker,Contra-Ataque,"Get used to the dark and become a part of it. When moving at night, Movement Speed +10%, Crit +5%.",Adapte-se à escuridão e seja parte dela. Aumenta a Velocidade de Movimento em 10% e o Crít. em 5% durante a noite.,,Nenhum,Title,Título
https://raw.githubusercontent.com/fantasfor/soulmasktalents/main/imgs/thumb_221.png,Axe Killer,Recuperação Habilidosa,The ancestral throwing axe skill has the power to render prey fragile. Hitting a target with the throwing axe increases its DMG taken by 10% for 10 seconds.,Uma técnica ancestral de arremesso de machadinhas que pode enfraquecer a presa. Acertar um alvo com uma machadinha aumentará o dano que ele recebe em 10% por 10 segundos.,,Nenhum,Title,Título
https://raw.githubusercontent.com/fantasfor/soulmasktalents/main/imgs/thumb_222.png,Fly Cutter Assassin,Assassino da Faca de Arremesso,"Made a name by taking down a tribal leader with a fly cutter from several meters away, leaving him bleeding out. When hitting the target, inflicts a bleeding effect that drains HP equal to 20% of self ATK per second, lasting 10s, and stackable.","Ganhou fama ao matar um chefe de uma tribo a vários metros de distância com uma faca de arremesso, fazendo-o sangrar até a morte. É capaz de causar um efeito de sangramento de 20% do poder de ataque por segundo, com duração de 10 segundos, podendo ser acumulado.",,Nenhum,Title,Título
https://raw.githubusercontent.com/fantasfor/soulmasktalents/main/imgs/thumb_223.png,Lung Piercer,Profissional em Corte de Madeira,Throws off the prey's breathing rhythm. Hitting a target with the lance reduces its Stamina Recovery by 80% for 10 seconds.,"Desestabiliza a respiração do alvo, fazendo a presa entrar em pânico. Acertar um alvo com uma lança reduzirá sua capacidade de recuperação de vigor em 80% por 10 segundos.",,Nenhum,Title,Título
https://raw.githubusercontent.com/fantasfor/soulmasktalents/main/imgs/thumb_224.png,Archery Master,Aceleração sob Estresse,"The prey's destiny is sealed as the arrow leaves the bowstring. Using a bow grants a 20% chance to designate any hit part as a weak spot, and reduces the target's Movement Speed by 50% for 6 seconds.",O destino da presa é selado no momento em que a flecha deixa o arco. Arcos têm 20% de chance de considerar qualquer parte do corpo atingida como um ponto fraco e reduzir a velocidade de movimento do alvo em 50% por 6 segundos.,,Nenhum,Title,Título
https://raw.githubusercontent.com/fantasfor/soulmasktalents/main/imgs/thumb_225.png,Expert Craftsman,Origem - Artesão,"Skilled in crafting, the proficiency growth rate for cooking and crafting +50%.","Hábil em artesanato, a taxa de crescimento da proficiência em culinária e artesanato aumenta em 50%.",,Nenhum,Title,Título
https://raw.githubusercontent.com/fantasfor/soulmasktalents/main/imgs/thumb_226.png,Skilled Hand,Não gosta de calor ameno,"Skilled in crafting, the proficiency growth rate for weapon crafting, armor crafting, and alchemy +50%.","Hábil em artesanato, a taxa de crescimento da proficiência em fabricação de armas, fabricação de armaduras e alquimia aumenta em 50%.",,Nenhum,Title,Título
https://raw.githubusercontent.com/fantasfor/soulmasktalents/main/imgs/thumb_227.png,Butcher In Woods,Açougueiro na Floresta,Animal killer; Damage dealt to non-human creatures +10%.,"Assassino de animais, aumenta o dano em 10% contra criaturas não humanas.",,Nenhum,Title,Título
https://raw.githubusercontent.com/fantasfor/soulmasktalents/main/imgs/thumb_228.png,Death Bringer,Determinado,"Gets a rush from attacking near-death enemies or enemies below 30% of Max HP, gaining a 25% chance to increase ATK and Movement Speed by 20%, and Attack Speed by 10% for 8 seconds. (CD: 30s)","Atacar inimigos com PV abaixo de 30% ou em estado crítico causar entusiasmo, com 25% de chance de aumentar temporariamente o poder de ataque em 20%, a velocidade de movimento em 20%, e a velocidade de ataque em 10%, por 8 segundos. (CD: 30s)",,Nenhum,Title,Título
https://raw.githubusercontent.com/fantasfor/soulmasktalents/main/imgs/thumb_229.png,Chest Breaker,Mais e Mais Coragem,"Able to quickly open any box, no matter how intricate it is. The speed of opening boxes +80%.","Capaz de abrir rapidamente qualquer caixa, não importa quão intrincada seja. A velocidade de abertura de caixas aumenta em 80%.",,Nenhum,Title,Título
https://raw.githubusercontent.com/fantasfor/soulmasktalents/main/imgs/thumb_230.png,The Chosen,Uma predileção por frio,"There are always a few lucky folks in every village, and I'm one of them! Chance of dropping rare items +20%.","Em cada vila, sempre há algumas pessoas com muita sorte, e eu sou uma delas. A probabilidade de queda de itens raros aumenta em 20%.",,Nenhum,Title,Título
https://raw.githubusercontent.com/fantasfor/soulmasktalents/main/imgs/thumb_231.png,Mad Worker,Tiro Rápido,Tireless as a machine and make people worry about the mental health. Max Morale +100%.,"Incansável como uma máquina, as pessoas até se preocupam com sua saúde mental. O Moral Máximo aumenta em 100%.",,Nenhum,Title,Título
https://raw.githubusercontent.com/fantasfor/soulmasktalents/main/imgs/thumb_232.png,The Unburned,Ignífugo,"Because of their strange skin, tribesmen see them as alien. They are not affected by burn or ignition effects.","A estrutura de sua pele é incomum, fazendo com que os membros da tribo o vejam como um estranho. Efeitos de queimadura ou incineração não causam nenhum dano.",,Nenhum,Title,Título
https://raw.githubusercontent.com/fantasfor/soulmasktalents/main/imgs/thumb_233.png,Blood Drinker,Absorção de Sangue,"Blood nourishment. 40% of Bleeding DMG dealt to melee targets is converted into healing. If the unit is currently Bleeding, this effect is increased to 80%.","Transforma sangue em vida. Ao causar dano de sangramento a inimigos próximos, 40% do dano vira cura. Se estiver sangrando, a cura aumenta para 80%.",,Nenhum,Title,Título
https://raw.githubusercontent.com/fantasfor/soulmasktalents/main/imgs/thumb_234.png,Skilled Work Expert,Recuperação Habilidosa,"Attentive to details. Proficiency growth rate for weaving, potting, and leatherworking +50%.","Atento aos detalhes. A taxa de crescimento da proficiência em tecelagem, cerâmica e curtume aumenta em 50%.",,Nenhum,Title,Título
https://raw.githubusercontent.com/fantasfor/soulmasktalents/main/imgs/thumb_235.png,Manual Labor Expert,Origem - Trabalhador,"Good at heavy works. Proficiency growth rate for wood planing, stone cutting, and kilning +50%","Bom em trabalhos pesados, com um aumento de 50% na taxa de crescimento da proficiência com madeira, pedra e forno.",,Nenhum,Title,Título
https://raw.githubusercontent.com/fantasfor/soulmasktalents/main/imgs/thumb_236.png,Born Laborer,Origem - Trabalhador,"Destined to be a hardworking laborer, with a 50% increase in proficiency growth rate for logging, mining.","Destinado a ser um trabalhador esforçado, com um aumento de 50% na taxa de crescimento da proficiência em corte de madeira e mineração.",,Nenhum,Title,Título
https://raw.githubusercontent.com/fantasfor/soulmasktalents/main/imgs/thumb_237.png,Farming Expert,Vigor Esgotado,Experienced in farming. The crops the character plants grow 20% faster.,Tem bastante experiência com agricultura: as plantações cultivadas pessoalmente crescem 20% mais rápido.,,Nenhum,Title,Título
https://raw.githubusercontent.com/fantasfor/soulmasktalents/main/imgs/thumb_238.png,Expert Slaughter,Último Esforço,The best slaughter in the village; output from slaughtering animals increases by 20%.,O melhor açougueiro da vila: aumenta em 20% os recursos obtidos ao abater animais.,,Nenhum,Title,Título
https://raw.githubusercontent.com/fantasfor/soulmasktalents/main/imgs/thumb_241.png,Experience - Battle-tested,Experiência - Testado em Batalha,"Has a lot of combat experience and skills. DMG taken -[40,50,60]% when fighting as a companion.","Tem muita experiência em combate e habilidades que podem reduzir todo o Dano Sofrido em -[40,50,60]% ao lutar como um companheiro.",,Nenhum,Title,Título
https://raw.githubusercontent.com/fantasfor/soulmasktalents/main/imgs/thumb_385.png,Famous Trash,Chama da Amizade,"Fragile mind is easy to break, Max Morale -50%.","Mente frágil é fácil de quebrar, o que reduz o Moral Máximo em 50%.",,Nenhum,Title,Título
https://raw.githubusercontent.com/fantasfor/soulmasktalents/main/imgs/thumb_386.png,Unlucky One,Gosta de macacos,The legendary figure of misfortune in the neighborhood. Chance of dropping rare items -50%.,Figura lendária de azar na região. A chance de dropar itens raros é reduzida em 50%.,,Nenhum,Title,Título
https://raw.githubusercontent.com/fantasfor/soulmasktalents/main/imgs/thumb_387.png,Born Revolt,Saúde Precária,"Carries an unparalleled sense of self-importance, and never has recognition for others. The speed at which Recognition declines increases by 200%; when Recognition drops too low, defects the tribe with some assets; when Recognition falls below 400, reveals True Self, DMG dealt when attacking from the back of the enemy increases by 15%.","Extremamente arrogante e nunca se importa com os outros. A taxa de queda de reconhecimento aumenta em 200%. Quando o reconhecimento estiver muito baixa, deserta com parte dos recursos da tribo. Quando o reconhecimento cai abaixo de 400, revela sua verdadeira natureza e causa 15% a mais de dano ao atacar o alvo por trás.",,Nenhum,Title,Título
https://raw.githubusercontent.com/fantasfor/soulmasktalents/main/imgs/thumb_388.png,The Flammable,Suportando Tudo,"The greasy body seems as though it's been soaked in an oil tank. When ignited, the HP loss will be doubled.","Seu corpo é oleoso como se estivesse coberto por óleo, o dano por queimadura é dobrado quando o corpo está em chamas.",,Nenhum,Title,Título
https://raw.githubusercontent.com/fantasfor/soulmasktalents/main/imgs/thumb_163.png,Tribe - Power of Erosion,Tribo: Poder da Erosão,"As people from Claw Tribe, DMG to Flint Tribe, Fang Tribe, Outcast, and Plunderers enemies +[2,5,8]%.","Como membro da Tribo Garra, seu dano a inimigos da Tribo Pederneira, Tribo Presa, Exilados e Saqueadores aumenta em +[2,5,8]%.",Claw,Garra,Tribe,Tribo
https://raw.githubusercontent.com/fantasfor/soulmasktalents/main/imgs/thumb_164.png,Tribe - Wild Power,Tribo: Poder Selvagem,"As people from Claw Tribe, Crit DMG +[6,8,10]% permanently.","Como membro da Tribo Garra, seu Dano Crít. aumenta permanentemente em +[6,8,10]%.",Claw,Garra,Tribe,Tribo
https://raw.githubusercontent.com/fantasfor/soulmasktalents/main/imgs/thumb_165.png,Tribe - Power of Crit,Tribo: Poder de Ataque Crítico,"As people from Claw Tribe, Crit Rate +[2,5,8]% permanently.","Como membro da Tribo Garra, sua Taxa de Crít. aumenta permanentemente em +[2,5,8]%.",Claw,Garra,Tribe,Tribo
https://raw.githubusercontent.com/fantasfor/soulmasktalents/main/imgs/thumb_171.png,Tribe - Crit DMG & Cold Resist,Tribo: Resistência ao Frio e Dano Crít.,"The Claw Tribe living in the Snow Mountain has developed natural resistance; Cold Resist +[5,10,15], Crit DMG +[6,8,10]%.","Membros da Tribo Garra que vivem há muito tempo na Montanha Nevada desenvolveram resistência natural, aumentando a Resistência ao Frio em 15 e o Dano Crít. em +[5,10,15].",Claw,Garra,Tribe,Tribo
https://raw.githubusercontent.com/fantasfor/soulmasktalents/main/imgs/thumb_172.png,Tribe - Crit & Cold Resist,Tribo: Crít. e Resistência ao Frio,"The Claw Tribe living in the Snow Mountain has developed natural resistance; Cold Resist +[5,10,15], Crit +[2,5,8]%.","Membros da Tribo Garra que vivem há muito tempo na Montanha Nevada desenvolveram resistência natural, aumentando a Resistência ao Frio em 10 e a Taxa de Crít. em +[5,10,15].",Claw,Garra,Tribe,Tribo
https://raw.githubusercontent.com/fantasfor/soulmasktalents/main/imgs/thumb_177.png,Tribe - Crit DMG & Radiation Resist,Tribo: Dano Crít. e Resistência à Radiação,"The Claw Tribe living in the Wasteland has developed natural resistance; Radiation Resist +[5,10,15], Crit DMG +[6,8,10]%.","Membros da Tribo Garra que vivem há muito tempo nas estepes desenvolveram resistência natural, aumentando a Resistência à Radiação em 15 e o Dano Crít. em +[5,10,15].",Claw,Garra,Tribe,Tribo
https://raw.githubusercontent.com/fantasfor/soulmasktalents/main/imgs/thumb_178.png,Tribe - Crit & Radiation Resist,Tribo: Crít. e Resistência à Radiação,"The Claw Tribe living in the Wasteland has developed natural resistance; Radiation Resist +[5,10,15], Crit +[2,5,8]%.","Membros da Tribo Garra que vivem há muito tempo nas estepes desenvolveram resistência natural, aumentando a Resistência à Radiação em 10 e a Taxa de Crít. em +[5,10,15].",Claw,Garra,Tribe,Tribo
https://raw.githubusercontent.com/fantasfor/soulmasktalents/main/imgs/thumb_183.png,Tribe - Crit DMG & Heat Resist,Tribo: Dano Crít. e Resistência ao Calor Escaldante,"The Claw Tribe living in the Volcano has developed natural resistance; Scorching Heat Resist +[5,10,15], Crit DMG +[6,8,10]%.","Membros da Tribo Garra que vivem há muito tempo no Vulcão desenvolveram resistência natural, aumentando a Resistência ao Calor Escaldante em 15 e o Dano Crít. em +[5,10,15].",Claw,Garra,Tribe,Tribo
https://raw.githubusercontent.com/fantasfor/soulmasktalents/main/imgs/thumb_184.png,Tribe - Crit DMG & Scorching Heat Resist,Tribo: Crít. e Resistência ao Calor Escaldante,"The Claw Tribe living in the Volcano has developed natural resistance; Scorching Heat Resist +[5,10,15], Crit +[2,5,8]%.","Membros da Tribo Garra que vivem há muito tempo no Vulcão desenvolveram resistência natural, aumentando a Resistência ao Calor Escaldante em 10 e a Taxa de Crít. em +[5,10,15].",Claw,Garra,Tribe,Tribo
https://raw.githubusercontent.com/fantasfor/soulmasktalents/main/imgs/thumb_169.png,Tribe - Poison Resist,Tribo: Resistência a Veneno,"As people from Fang Tribe, Poison Resist +[20,25,30] permanently.","Como membro da Tribo Presa, a Resistência a Veneno aumenta em +[20,25,30] permanentemente.",Fang,Presa,Tribe,Tribo
https://raw.githubusercontent.com/fantasfor/soulmasktalents/main/imgs/thumb_170.png,Tribe - Poison Immunity,Tribo: Imunidade a Veneno,"As people from Fang Tribe, Poison DMG taken -[15,20,25]% permanently.","Como membro da Tribo Presa, o dano de Veneno recebido diminui permanentemente em -[15,20,25]%.",Fang,Presa,Tribe,Tribo
https://raw.githubusercontent.com/fantasfor/soulmasktalents/main/imgs/thumb_175.png,Tribe - Poison & Cold Resist,Tribo: Resistência ao Frio e Veneno,"The Fang Tribe living in the Snow Mountain has developed natural resistance; Cold Resist +[5,10,15], Poison Resist +[5,10,15].","Membros da Tribo Presa que vivem há muito tempo na Montanha Nevada desenvolveram resistência natural, aumentando a Resistência ao Frio em +[5,10,15] e a Resistência a Veneno em 10.",Fang,Presa,Tribe,Tribo
https://raw.githubusercontent.com/fantasfor/soulmasktalents/main/imgs/thumb_176.png,Tribe - Poison DMG Immunity & Cold Resist,Tribo: Imunidade a Veneno e Resistência ao Frio,"The Fang Tribe lives in the Snow Mountain and has developed natural resistance; Cold Resist +[5,10,15], Poison DMG taken -[15,20,25]%.","Membros da Tribo Presa que vivem há muito tempo na Montanha Nevada desenvolveram resistência natural, aumentando a Resistência ao Frio em +[5,10,15] e reduzindo o Dano Sofrido por Veneno em -[15,20,25]%.",Fang,Presa,Tribe,Tribo
https://raw.githubusercontent.com/fantasfor/soulmasktalents/main/imgs/thumb_181.png,Tribe - Poison & Radiation Resist,Tribo: Resistência à Radiação e Veneno,"The Fang Tribe living in the Wasteland has developed natural resistance; Radiation Resist +[5,10,15], Poison Resist +[5,10,15].","Membros da Tribo Presa que vivem há muito tempo nas estepes desenvolveram resistência natural, aumentando a Resistência à Radiação em +[5,10,15] e a Resistência a Veneno em 10.",Fang,Presa,Tribe,Tribo
https://raw.githubusercontent.com/fantasfor/soulmasktalents/main/imgs/thumb_182.png,Tribe - Poison & Radiation Resist,Tribo: Resistência à Radiação e Veneno,"The Fang Tribe living in the Wasteland has developed natural resistance; Radiation Resist +[5,10,15], Poison DMG taken -[15,20,25]%.","Membros da Tribo Presa que vivem há muito tempo nas estepes desenvolveram resistência natural, aumentando a Resistência à Radiação em +[5,10,15] e reduzindo o Dano Sofrido por Veneno em -[15,20,25]%.",Fang,Presa,Tribe,Tribo
https://raw.githubusercontent.com/fantasfor/soulmasktalents/main/imgs/thumb_187.png,Tribe - Poison & Scorching Heat Resist,Tribo: Resistência ao Calor Escaldante e Veneno,"The Fang Tribe living in the Volcano has developed natural resistance; Scorching Heat Resist +[5,10,15], Poison Resist +[5,10,15].","Membros da Tribo Presa que vivem há muito tempo no Vulcão desenvolveram resistência natural, aumentando a Resistência ao Calor Escaldante em +[5,10,15] e a Resistência a Veneno em 10.",Fang,Presa,Tribe,Tribo
https://raw.githubusercontent.com/fantasfor/soulmasktalents/main/imgs/thumb_188.png,Tribe - Poison DMG Immunity & Scorching Heat Resist,Tribo: Imunidade a Veneno e Resistência ao Calor Escaldante,"The Fang Tribe lives in the Volcano and has developed natural resistance; Scorching Heat Resist +[5,10,15], Poison DMG taken -[15,20,25]%.","Membros da Tribo Presa que vivem há muito tempo no Vulcão desenvolveram resistência natural, aumentando a Resistência ao Calor Escaldante em +[5,10,15] e reduzindo o Dano Sofrido por Veneno em -[15,20,25]%.",Fang,Presa,Tribe,Tribo
https://raw.githubusercontent.com/fantasfor/soulmasktalents/main/imgs/thumb_166.png,Tribe - Power of Defense,Tribo: Poder de Defesa,"As people from Flint Tribe, DEF +[3,6,9]% permanently.","Como membro da Tribo Pederneira, sua DEF aumenta permanentemente em +[3,6,9]%.",Flint,Pedra,Tribe,Tribo
https://raw.githubusercontent.com/fantasfor/soulmasktalents/main/imgs/thumb_167.png,Tribe - Power of Tenacity,Tribo: Poder de Tenacidade,"As people from Flint Tribe, Max Resilience +[15,20,25] permanently.","Como membro da Tribo Pederneira, sua Resiliência Máxima aumenta permanentemente em +[15,20,25] pontos.",Flint,Pedra,Tribe,Tribo
https://raw.githubusercontent.com/fantasfor/soulmasktalents/main/imgs/thumb_168.png,Tribe - Power of Crit Resist,Tribo: Poder de Resistência a Crít.,"As people from Flint Tribe, Crit Resist +[3,6,9]% permanently.","Como membro da Tribo Pederneira, sua Resistência a Crít. aumenta permanentemente em +[3,6,9]%.",Flint,Pedra,Tribe,Tribo
https://raw.githubusercontent.com/fantasfor/soulmasktalents/main/imgs/thumb_173.png,Tribe - Resilience & Cold Resist,Tribo: Tenacidade e Resistência ao Frio,"The Flint Tribe living in the Snow Mountain has developed natural resistance; Cold Resist +[5,10,15], Max Resilience +[15,20,25].","Membros da Tribo Pederneira que vivem há muito tempo na Montanha Nevada desenvolveram resistência natural, aumentando a Resistência ao Frio em +[15,20,25] e a Resiliência Máxima em 20.",Flint,Pedra,Tribe,Tribo
https://raw.githubusercontent.com/fantasfor/soulmasktalents/main/imgs/thumb_174.png,Tribe - DEF & Cold Resist,Tribo: DEF e Resistência ao Frio,"The Flint Tribe living in the Snow Mountain has developed natural resistance; Cold Resist +[5,10,15], DEF +[3,6,9]%.","Membros da Tribo Pederneira que vivem há muito tempo na Montanha Nevada desenvolveram resistência natural, aumentando a Resistência ao Frio em +[5,10,15] e a Defesa em +[3,6,9]%.",Flint,Pedra,Tribe,Tribo
https://raw.githubusercontent.com/fantasfor/soulmasktalents/main/imgs/thumb_179.png,Tribe - Resilience & Radiation Resist,Tribo: Tenacidade e Resistência à Radiação,"The Flint Tribe living in the Wasteland has developed natural resistance; Radiation Resist +[5,10,15], Max Resilience +[15,20,25].","Membros da Tribo Pederneira que vivem há muito tempo nas estepes desenvolveram resistência natural, aumentando a Resistência à Radiação em +[15,20,25] e a Resiliência Máxima em 20.",Flint,Pedra,Tribe,Tribo
https://raw.githubusercontent.com/fantasfor/soulmasktalents/main/imgs/thumb_180.png,Tribe - DEF & Radiation Resist,Tribo: Defesa e Resistência à Radiação,"The Flint Tribe living in the Wasteland has developed natural resistance; Radiation Resist +[5,10,15], DEF +[3,6,9]%.","Membros da Tribo Pederneira que vivem há muito tempo nas estepes desenvolveram resistência natural, aumentando a Resistência à Radiação em +[5,10,15] e a Defesa em +[3,6,9]%.",Flint,Pedra,Tribe,Tribo
https://raw.githubusercontent.com/fantasfor/soulmasktalents/main/imgs/thumb_185.png,Tribe - Resilience & Scorching Heat Resist,Tribo: Tenacidade e Resistência ao Calor Escaldante,"The Flint Tribe living in the Volcano has developed natural resistance; Scorching Heat Resist +[5,10,15], Max Resilience +[15,20,25].","Membros da Tribo Pederneira que vivem há muito tempo no Vulcão desenvolveram resistência natural, aumentando a Resistência ao Calor Escaldante em +[15,20,25] e a Resiliência Máxima em 20.",Flint,Pedra,Tribe,Tribo
https://raw.githubusercontent.com/fantasfor/soulmasktalents/main/imgs/thumb_186.png,Tribe - DEF & Scorching Heat Resist,Tribo: Defesa e Resistência ao Calor Escaldante,"The Flint Tribe living in the Volcano has developed natural resistance; Scorching Heat Resist +[5,10,15], DEF +[3,6,9]%.","Membros da Tribo Pederneira que vivem há muito tempo no Vulcão desenvolveram resistência natural, aumentando a Resistência ao Calor Escaldante em +[5,10,15] e a Defesa em +[3,6,9]%.",Flint,Pedra,Tribe,Tribo
https://raw.githubusercontent.com/fantasfor/soulmasktalents/main/imgs/thumb_189.png,Outcast - Cold Resist,Exilado: Resistência ao Frio,"Folks living in the Snow Mountain are getting used to the cold. Cold Resist +[5,10,15].","Os indivíduos que vivem há muito tempo na Montanha Nevada já se adaptaram ao Frio, aumentando a Resistência ao Frio em +[5,10,15].",Snow Mountain,Montanha de Neve,Tribe,Tribo
https://raw.githubusercontent.com/fantasfor/soulmasktalents/main/imgs/thumb_190.png,Outcast - Radiation Resist,Exilado: Resistência à Radiação,"Folks living in the Wasteland are getting used to the radiation. Radiation Resist +[5,10,15].","Os indivíduos que vivem há muito tempo nas estepes já se adaptaram à Radiação, aumentando a Resistência à Radiação em +[5,10,15].",Snow Mountain,Montanha de Neve,Tribe,Tribo
https://raw.githubusercontent.com/fantasfor/soulmasktalents/main/imgs/thumb_191.png,Outcast - Scorching Heat Resist,Exilado: Resistência ao Calor Escaldante,"Folks living in the Volcano are getting used to the scorching heat. Scorching Heat Resist +[5,10,15].","Os indivíduos que vivem há muito tempo no Vulcão já se adaptaram ao Calor Escaldante, aumentando a Resistência ao Calor Escaldante em +[5,10,15].",Snow Mountain,Montanha de Neve,Tribe,Tribo
https://raw.githubusercontent.com/fantasfor/soulmasktalents/main/imgs/thumb_162.png,Tribe - Survivor,Tribo - Sobrevivente,"As a survivor of the tribe wars, you'll need strength to survive in this land. Max Load +20%.","Como sobrevivente da guerra de tribos, ter força é a chave para sobreviver nesta terra. Aumenta a carga máxima em 20%.",,Nenhum,Tribe,Tribo
