Icon,Title EN,Title PT,Description EN,Description PT,Exclusive EN,Exclusive PT,Type EN,Type PT,nome imagem,New
https://github.com/fantasfor/Soulmask/blob/main/Talentos/IconesTalentos/t8_img_0001_06_01.webp?raw=true,Slow Pace,Passo Lento,"Slow paced, Movement Speed -[5,10,15]%.","Passos lentos, a Velocidade de Movimento é reduzida em -[5,10,15]%.",,Nenhum,Normal,Normal,t8_img_0001_06_01.webp,
https://github.com/fantasfor/Soulmask/blob/main/Talentos/IconesTalentos/t8_img_0003_06_01.webp?raw=true,Attack Weakening,Enfraquecimento de Ataque,"Can't even catch a pig with any success. ATK -[3,6,9]%.","Não consegue nem agarrar um porco. ATQ diminui em -[3,6,9]%.",,Nenhum,Normal,Normal,t8_img_0003_06_01.webp,
https://github.com/fantasfor/Soulmask/blob/main/Talentos/IconesTalentos/t8_img_0015_06_01.webp?raw=true,Poor Hearing,Audição Ruim,"Poor hearing. Not sensitive to sounds. Can only hear sounds [5,10,15] decibels louder than the average person.","Audição ruim. Não é sensível a sons. Só pode ouvir sons [5,10,15] decibéis mais altos do que a pessoa média.",,Nenhum,Normal,Normal,t8_img_0015_06_01.webp,
https://github.com/fantasfor/Soulmask/blob/main/Talentos/IconesTalentos/t8_img_0018_06_01.webp?raw=true,Rapid Absorption (Food),Absorção Rápida (Alimento),"A voracious eater with a fast metabolism, Satiety Consumption +[10,30,50]%.","Consumo de Alimentos aumentado em +[10,30,50]% devido a um alto metabolismo.",,Nenhum,Normal,Normal,t8_img_0018_06_01.webp,
https://github.com/fantasfor/Soulmask/blob/main/Talentos/IconesTalentos/t8_img_0030_06_01.webp?raw=true,Soft Leather - Weak Blunt Strike,Pele Amolecida - Vulnerabilidade à Concussão,"Not very sturdy against blunt attacks. The DMG taken from blunt-type attacks increases by [15,20,25]%.","Não é muito resistente contra ataques contundentes. O dano sofrido de ataques do tipo contundente aumenta em [15,20,25]%.",,Nenhum,Normal,Normal,t8_img_0030_06_01.webp,
https://github.com/fantasfor/Soulmask/blob/main/Talentos/IconesTalentos/t8_img_0032_06_01.webp?raw=true,Poor in Melee Combat,Inaptidão em Combate Corpo-a-Corpo,"Weak in melee fight, reducing damage dealt to enemies within 5 meters by [5,10,15]%.","Fraco em luta corpo a corpo, reduzindo o dano causado a inimigos a menos de 5 metros em [5,10,15]%.",,Nenhum,Normal,Normal,t8_img_0032_06_01.webp,
https://github.com/fantasfor/Soulmask/blob/main/Talentos/IconesTalentos/t8_img_0036_06_01.webp?raw=true,Slow Shooting,Tiros Lentos,"Mastered some poor shooting skills of bows. Charge time of bows +[30,50,80]%.","Dominou algumas habilidades ruins de tiro com arcos. O tempo de carregamento total dos arcos é estendido em +[30,50,80]%.",,Nenhum,Normal,Normal,t8_img_0036_06_01.webp,
https://github.com/fantasfor/Soulmask/blob/main/Talentos/IconesTalentos/t8_img_0038_06_01.webp?raw=true,Add Insult to Injury,Sal na Ferida,"Anemia can be life-threatening. When HP falls below 30%, loses an additional [10,15,20]% HP within 10 seconds. (CD: 50s)","A anemia pode ser fatal. Quando o PV cai abaixo de [10,15,20]%, perde 10% adicionais de PV em 10 segundos. (CD: 50s)",,Nenhum,Normal,Normal,t8_img_0038_06_01.webp,
https://github.com/fantasfor/Soulmask/blob/main/Talentos/IconesTalentos/t8_img_0040_06_01.webp?raw=true,Flame of Friendship,Chama da Amizade,"Ignite your body and soul with your friends! When you catch fire, spread the flames to nearby allies within [1,2,3]m.","Incendiar-se com seus amigos pode ser divertido. Quando o corpo está em chamas, o fogo é transmitido para aliados em um raio de [1,2,3] metro.",,Nenhum,Normal,Normal,t8_img_0040_06_01.webp,
https://github.com/fantasfor/Soulmask/blob/main/Talentos/IconesTalentos/t8_img_0002_06_01.webp?raw=true,Weak Attack,Ataque Fraco,"Launches a weak attack, Attack Speed -[5,10,15]%.","Lança um ataque fraco, reduzindo a Velocidade de Ataque em -[5,10,15]%.",,Nenhum,Normal,Normal,t8_img_0002_06_01.webp,
https://github.com/fantasfor/Soulmask/blob/main/Talentos/IconesTalentos/t8_img_0004_06_01.webp?raw=true,Weakened DEF,DEF Enfraquecida,"Dropped guard, reducing DEF by [3,6,9]%.","Guarda baixa, reduzindo a DEF em [3,6,9]%.",,Nenhum,Normal,Normal,t8_img_0004_06_01.webp,
https://github.com/fantasfor/Soulmask/blob/main/Talentos/IconesTalentos/t8_img_0005_06_01.webp?raw=true,Injury Worsening,Piora de Lesão,"Has a weak body that is more susceptible to injury, DMG taken +[3,6,9]%.","Tem um corpo fraco que é mais suscetível a lesões, aumentando o Dano sofrido em +[3,6,9]%.",,Nenhum,Normal,Normal,t8_img_0005_06_01.webp,
https://github.com/fantasfor/Soulmask/blob/main/Talentos/IconesTalentos/t8_img_0006_06_01.webp?raw=true,Poor Health,Saúde Precária,"Looks weaker than most people, Max HP -[3,6,9]%.","Parece mais fraco do que a maioria das pessoas, diminuindo o PV Máximo em -[3,6,9]%.",,Nenhum,Normal,Normal,t8_img_0006_06_01.webp,
https://github.com/fantasfor/Soulmask/blob/main/Talentos/IconesTalentos/t8_img_0007_06_01.webp?raw=true,Heavy Footsteps,Passos Pesados,"Takes heavy steps, increasing the volume footfall noise by [40,70,100]%.","Passos pesados, aumentando o ruído dos passos em [40,70,100]%.",,Nenhum,Normal,Normal,t8_img_0007_06_01.webp,
https://github.com/fantasfor/Soulmask/blob/main/Talentos/IconesTalentos/t8_img_0008_06_01.webp?raw=true,World-shaking,Agitação Mundial,"Able to detect the sounds of approaching objects before they are seen. The volume of all sounds is amplified by [40,70,100]%.","Consegue detectar os sons de objetos se aproximando antes de serem vistos. O volume de todos os sons é amplificado em [40,70,100]%.",,Nenhum,Normal,Normal,t8_img_0008_06_01.webp,
https://github.com/fantasfor/Soulmask/blob/main/Talentos/IconesTalentos/t8_img_0009_06_01.webp?raw=true,Suspicious Behavior,Comportamento Suspeito,"Acts in a high-profile manner, Vigilance +[20,40,60]% when spotted by enemies.","Age de maneira chamativa, aumentando a Vigilância do inimigo em +[20,40,60]% ao ser avistado.",,Nenhum,Normal,Normal,t8_img_0009_06_01.webp,
https://github.com/fantasfor/Soulmask/blob/main/Talentos/IconesTalentos/t8_img_0010_06_01.webp?raw=true,Slow-witted,Lerdeza,"When self-awareness dominates the body, the likelihood of the body taking self-protective reactions to danger is reduced by [10,15,20]%.","Quando a autoconsciência domina o corpo, a probabilidade de o corpo tomar reações autoprotetoras ao perigo é reduzida em [10,15,20]%.",,Nenhum,Normal,Normal,t8_img_0010_06_01.webp,
https://github.com/fantasfor/Soulmask/blob/main/Talentos/IconesTalentos/t8_img_0011_06_01.webp?raw=true,No Load Wanted,Inaptição para Carga,"Carries weight without any skill. Max Load -[20,40,60]%.","Carrega peso sem a menor habilidade, reduzindo a Carga Máxima em -[20,40,60]%.",,Nenhum,Normal,Normal,t8_img_0011_06_01.webp,
https://github.com/fantasfor/Soulmask/blob/main/Talentos/IconesTalentos/t8_img_0012_06_01.webp?raw=true,Prone to Hunger,Propensão à Fome,"Small appetite, can only eat a little food. Max Satiety -[20,30,40]%.","Pouco apetite, só pode comer um pouco de alimentos. Saciedade Máxima é reduzida em -[20,30,40]%.",,Nenhum,Normal,Normal,t8_img_0012_06_01.webp,
https://github.com/fantasfor/Soulmask/blob/main/Talentos/IconesTalentos/t8_img_0013_06_01.webp?raw=true,Prone to Thirst,Propensão à Sede,"Small appetite, can only drink a little water. Max Hydration -[20,30,40]%.","Pouco apetite, só pode beber um pouco de água. Hidratação Máxima é reduzida em -[20,30,40]%.",,Nenhum,Normal,Normal,t8_img_0013_06_01.webp,
https://github.com/fantasfor/Soulmask/blob/main/Talentos/IconesTalentos/t8_img_0014_06_01.webp?raw=true,Short Sight,Visão Curta,"Bad vision, view distance -[3,5,10] meters.","Visão ruim, a distância de visão é encurtada em -[3,5,10] metros.",,Nenhum,Normal,Normal,t8_img_0014_06_01.webp,
https://github.com/fantasfor/Soulmask/blob/main/Talentos/IconesTalentos/t8_img_0016_06_01.webp?raw=true,Thick Blood,Sangue Grosso,"Poor self-healing ability. Natural HP Recovery -[30,50,70]%.","Pobre capacidade de autocura. A recuperação natural de PV é reduzida em -[30,50,70]%.",,Nenhum,Normal,Normal,t8_img_0016_06_01.webp,
https://github.com/fantasfor/Soulmask/blob/main/Talentos/IconesTalentos/t8_img_0017_06_01.webp?raw=true,Stamina Depleted,Vigor Esgotado,"A slacker. Stamina Recovery -[20,30,50]%.","Preguiçoso. A recuperação de Vigor é reduzida em -[20,30,50]%.",,Nenhum,Normal,Normal,t8_img_0017_06_01.webp,
https://github.com/fantasfor/Soulmask/blob/main/Talentos/IconesTalentos/t8_img_0019_06_01.webp?raw=true,Rapid Absorption (Water),Absorção Rápida (Água),"Drinks a lot water and excrete quickly. Water consumption +[10,30,50]%.","Bebe muito e digere rapidamente, aumentando o consumo de hidratação em +[10,30,50]%.",,Nenhum,Normal,Normal,t8_img_0019_06_01.webp,
https://github.com/fantasfor/Soulmask/blob/main/Talentos/IconesTalentos/t8_img_0020_06_01.webp?raw=true,Slow Growth,Crescimento Lento,"Can barely learn anything new from previous experiences. Growth EXP gained -[20,40,60]%.","Mal consegue aprender com experiências anteriores, reduzindo a quantidade de EXP de Crescimento ganha em -[20,40,60]%.",,Nenhum,Normal,Normal,t8_img_0020_06_01.webp,
https://github.com/fantasfor/Soulmask/blob/main/Talentos/IconesTalentos/t8_img_0021_06_01.webp?raw=true,Single Blade DMG Reduction,Redução de Dano da Lâmina de Uma Mão,"Using a single-handed blade produces less threat. Single-blade DMG -[10,15,20]%.","Usar uma lâmina de uma mão é menos ameaçador. O dano causado pela lâmina diminui em -[10,15,20]%.",,Nenhum,Normal,Normal,t8_img_0021_06_01.webp,
https://github.com/fantasfor/Soulmask/blob/main/Talentos/IconesTalentos/t8_img_0022_06_01.webp?raw=true,Spear DMG Reduction,Redução de Dano da Lança,"Using a spear produces less threat. Spear DMG -[10,15,20]%.","Usar uma lança é menos ameaçador. O dano causado pela lança diminui em -[10,15,20]%.",,Nenhum,Normal,Normal,t8_img_0022_06_01.webp,
https://github.com/fantasfor/Soulmask/blob/main/Talentos/IconesTalentos/t8_img_0023_06_01.webp?raw=true,Bow DMG Reduction,Redução de Dano do Arco,"Using a bow produces less threat. Bow DMG -[10,15,20]%.","Usar um arco é menos ameaçador. O dano causado pelo arco diminui em -[10,15,20]%.",,Nenhum,Normal,Normal,t8_img_0023_06_01.webp,
https://github.com/fantasfor/Soulmask/blob/main/Talentos/IconesTalentos/t8_img_0024_06_01.webp?raw=true,Hammer DMG Reduction,Redução de Dano do Martelo,"Using hammers produces less threat. Hammer DMG -[10,15,20]%.","Usar um martelo é menos ameaçador. O dano causado pelo martelo diminui em -[10,15,20]%.",,Nenhum,Normal,Normal,t8_img_0024_06_01.webp,
https://github.com/fantasfor/Soulmask/blob/main/Talentos/IconesTalentos/t8_img_0025_06_01.webp?raw=true,Gauntlets DMG Reduction,Redução de Dano das Manoplas,"Using a pair of gauntlets produces less threat. Gauntlets DMG -[10,15,20]%.","Usar um par de manoplas é menos ameaçador. O dano causado pelas manoplas diminui em -[10,15,20]%.",,Nenhum,Normal,Normal,t8_img_0025_06_01.webp,
https://github.com/fantasfor/Soulmask/blob/main/Talentos/IconesTalentos/t8_img_0026_06_01.webp?raw=true,Giant Sword DMG Reduction,Redução de Dano da Espada Gigante,"Using a giant sword produces less threat. Giant Sword DMG -[10,15,20]%.","Usar uma espada gigante é menos ameaçador. O dano causado pela espada gigante diminui em -[10,15,20]%.",,Nenhum,Normal,Normal,t8_img_0026_06_01.webp,
https://github.com/fantasfor/Soulmask/blob/main/Talentos/IconesTalentos/t8_img_0027_06_01.webp?raw=true,Dual-blade DMG Reduction,Redução de Dano da Lâmina de Duas Mãos,"Using a dual-blade produces less threat. Dual-blade DMG -[10,15,20]%.","Usar uma lâmina de duas mãos é menos ameaçador. O dano causado pela lâmina de duas mãos diminui em -[10,15,20]%.",,Nenhum,Normal,Normal,t8_img_0027_06_01.webp,
https://github.com/fantasfor/Soulmask/blob/main/Talentos/IconesTalentos/t8_img_0028_06_01.webp?raw=true,Soft Leather - Weak Pierce,Pele Amolecida - Vulnerabilidade à Perfuração,"Not very sturdy against Pierce attacks. The DMG taken from piercing-type attacks increases by [15,20,25]%.","Não é muito resistente contra ataques perfurantes. O dano sofrido de ataques do tipo perfurante aumenta em [15,20,25]%.",,Nenhum,Normal,Normal,t8_img_0028_06_01.webp,
https://github.com/fantasfor/Soulmask/blob/main/Talentos/IconesTalentos/t8_img_0029_06_01.webp?raw=true,Soft Leather - Weak Slash,Pele Amolecida - Vulnerabilidade à Corte,"Not very sturdy against slash attacks. The DMG taken from slash-type attacks increases by [15,20,25]%.","Não é muito resistente contra ataques cortantes. O dano sofrido de ataques do tipo cortante aumenta em [15,20,25]%.",,Nenhum,Normal,Normal,t8_img_0029_06_01.webp,
https://github.com/fantasfor/Soulmask/blob/main/Talentos/IconesTalentos/t8_img_0031_06_01.webp?raw=true,Clumsy,Desajeitado,"Has techniques that are too rough, resulting in a [10,20,30]% increase in Stamina cost for actions that require Stamina.","Tem técnicas muito rudimentares, resultando em um aumento de [10,20,30]% no custo de Vigor para ações que requerem Vigor.",,Nenhum,Normal,Normal,t8_img_0031_06_01.webp,
https://github.com/fantasfor/Soulmask/blob/main/Talentos/IconesTalentos/t8_img_0033_06_01.webp?raw=true,Poor in Remote Attack,Inaptidão em Ataque à Distância,"Weak in ranged attack, reducing damage dealt to enemies 20 meters away by [5,10,15]%.","Fraco em ataque à distância, reduzindo o dano causado a inimigos a mais de 20 metros de distância em [5,10,15]%.",,Nenhum,Normal,Normal,t8_img_0033_06_01.webp,
https://github.com/fantasfor/Soulmask/blob/main/Talentos/IconesTalentos/t8_img_0034_06_01.webp?raw=true,Born with Bad Luck,Azarado de Nascimento,"The God of Misfortune casts its shadow, reducing the trigger chance of all talents by [10,15,20]%.","O Deus do Infortúnio lança sua sombra, reduzindo a chance de ativação de todos os talentos em [10,15,20]%.",,Nenhum,Normal,Normal,t8_img_0034_06_01.webp,
https://github.com/fantasfor/Soulmask/blob/main/Talentos/IconesTalentos/t8_img_0035_06_01.webp?raw=true,Clumsy Footsteps,Passos Desajeitados,"Mastered some poor movement skills of bows. Movement Speed -[30,50,80]% when aiming with bows.","Dominou algumas habilidades ruins de movimentação com arcos. A Velocidade de Movimento é reduzida em -[30,50,80]% ao mirar com arcos.",,Nenhum,Normal,Normal,t8_img_0035_06_01.webp,
https://github.com/fantasfor/Soulmask/blob/main/Talentos/IconesTalentos/t8_img_0037_06_01.webp?raw=true,Slow Reload,Recarga Lenta,"It's just so hard to learn. Crossbow Tower, and Ballista Reload Time +[20,35,50]%","Não adianta, não consegue aprender. Ao usar a Torre de Flechas ou a Balista de Cerco, a o tempo de recarga é aumentado em +[20,35,50]%.",,Nenhum,Normal,Normal,t8_img_0037_06_01.webp,
https://github.com/fantasfor/Soulmask/blob/main/Talentos/IconesTalentos/t8_img_0039_06_01.webp?raw=true,Flame Fear,Temor às Chamas,"When the body is ignited, amplifies the Burn effects and the unit deals [20,25,30]% less damage.","Quando o corpo está em chamas, o efeito das queimaduras se intensifica e o dano causado por si mesmo é reduzido em [20,25,30]%.",,Nenhum,Normal,Normal,t8_img_0039_06_01.webp,
https://github.com/fantasfor/Soulmask/blob/main/Talentos/IconesTalentos/t8_img_0041_06_01.webp?raw=true,Slow Bandaging,Bandagem Lenta,"The forever laughingstock at the Tribe's bandaging competition. Bandage Time +[30,40,50]%.","Sempre motivo de risos nas competições de bandagem da tribo. O tempo de bandagem é aumentado em +[30,40,50]%.",,Nenhum,Normal,Normal,t8_img_0041_06_01.webp,
https://github.com/fantasfor/Soulmask/blob/main/Talentos/IconesTalentos/t8_img_0043_05_01.webp?raw=true,Devious Heart,Má Intenção,"Adepts at spreading rumors and manipulating hearts with a sinister mindset, when betraying the tribe, they may take away [1,2,3] Tribesmen with low Recognition.","Habilidoso em manipular e espalhar boatos, ao trair a tribo pode levar consigo [1,2,3] membros da tribo de baixo reconhecimento.",,Nenhum,Normal,Normal,t8_img_0043_05_01.webp,
https://github.com/fantasfor/Soulmask/blob/main/Talentos/IconesTalentos/t4_img_0006_05_01.webp?raw=true,Origin - Porter,Origem - Faz-tudo,"Proficiency growth rate for learning weaving, potting, wood & stone, leatherworking, and kilning +[50,60,75]%.","Muitas das habilidades e sabedoria da tribo são passadas de artesão para artesão. Com essa tradição, a taxa de crescimento da proficiência em tecelagem, trabalho com madeira e pedra, curtume, cerâmica e forno aumenta em +[50,60,75]%.",,Nenhum,Origin,Origem,t4_img_0006_05_01.webp,
https://github.com/fantasfor/Soulmask/blob/main/Talentos/IconesTalentos/t9_img_0006_05_01.webp?raw=true,Origin - Chore Warm-up,Origem - Ineficiência Artesanal,"Proficiency growth rate for learning weaving, wood planing, stone cutting, leatherworking, potting, and kilning -[25,35,50]%.","Vindo de uma família de péssimos artesões, desde jovem, a taxa de crescimento da proficiência em tecelagem, trabalho em madeira e pedra, curtimento, cerâmica e forno é reduzida em -[25,35,50]%.",,Nenhum,Origin,Origem,t9_img_0006_05_01.webp,
https://github.com/fantasfor/Soulmask/blob/main/Talentos/IconesTalentos/t9_img_0009_05_01.webp?raw=true,Origin - Manual Warm-up,Origem - Ineficiência Manual,"Proficiency growth rate for learning craftsmanship, alchemy, weapon crafting, armor crafting and cooking -[25,35,50]%.","Devido à completa ausência do gene de artífice herdado da família, a taxa de crescimento da proficiência em artesanato, alquimia, fabricação de armas, fabricação de armaduras e culinária diminui em -[25,35,50]%.",,Nenhum,Origin,Origem,t9_img_0009_05_01.webp,
https://github.com/fantasfor/Soulmask/blob/main/Talentos/IconesTalentos/t4_img_0003_05_01.webp?raw=true,Origin - Laborer,Origem - Trabalhador,"Proficiency growth rate for logging, mining, planting, and harvesting +[50,60,75]%.","Vem de uma família com muitos artesãos habilidosos, mas pouco inclinados ao trabalho árduo. Influenciados pelos familiares, a taxa de crescimento da proficiência em corte de madeira, mineração, plantio e colheita é reduzida em 25%.",,Nenhum,Origin,Origem,t4_img_0003_05_01.webp,
https://github.com/fantasfor/Soulmask/blob/main/Talentos/IconesTalentos/t4_img_0009_05_01.webp?raw=true,Origin - Craftsman,Origem - Artesão,"Proficiency growth rate for learning craftsmanship, alchemy, weapon crafting, armor crafting and cooking +[50,60,75]%.","Nascido em uma família de artesãos, desde jovem absorveu conhecimentos em artesanato, fabricação de armas e armaduras, alquimia e culinária. A taxa de crescimento da proficiência nessas habilidades aumenta em +[50,60,75]%.",,Nenhum,Origin,Origem,t4_img_0009_05_01.webp,
https://github.com/fantasfor/Soulmask/blob/main/Talentos/IconesTalentos/t4_img_0012_05_01.webp?raw=true,Origin - Fighting,Origem - Luta,"Proficiency growth rate for blade, dual-blade, hammer, great sword, and gauntlets +[50,60,75]%.","Nascido em uma família de Guerreiros, foi exposto desde cedo ao aprendizado de habilidades com lâmina, lâmina de duas mãos, martelos, espadas grandes e manoplas. Como resultado, a taxa de crescimento da proficiência nessas armas aumenta em +[50,60,75]%.",,Nenhum,Origin,Origem,t4_img_0012_05_01.webp,
https://github.com/fantasfor/Soulmask/blob/main/Talentos/IconesTalentos/t4_img_0015_05_01.webp?raw=true,Origin - Hunting,Origem - Caça,"Proficiency growth rate for bow, spear, blade, dual-blade, and gauntlets +[50,60,75]%.","Nascido em uma família de caçadores, desde jovem, aprendeu o uso do arco, lança, lâmina, lâmina de duas mãos e manoplas. Como resultado, a taxa de crescimento da proficiência nessas armas aumenta em +[50,60,75]%.",,Nenhum,Origin,Origem,t4_img_0015_05_01.webp,
https://github.com/fantasfor/Soulmask/blob/main/Talentos/IconesTalentos/t4_img_0018_05_01.webp?raw=true,Origin - Guard,Origem - Guarda,"Proficiency growth rate for great sword, blade, spear, shield, and bow +[50,60,75]%.","Já serviu como guarda do templo em várias ocasiões, sendo amplamente reconhecido por sua habilidade marcial excepcional. Como resultado, a taxa de crescimento de proficiência para espadas grandes, lâmina, escudos, lanças e arcos aumenta em +[50,60,75]%.",,Nenhum,Origin,Origem,t4_img_0018_05_01.webp,
https://github.com/fantasfor/Soulmask/blob/main/Talentos/IconesTalentos/t9_img_0003_05_01.webp?raw=true,Origin - Work Warm-up,Origem - Ineficiência em Trabalho Árduo,"Proficiency growth rate for logging, mining, planting, and harvesting -[25,35,50]%.","Vem de uma família com muitos artesãos habilidosos, mas pouco inclinados ao trabalho árduo. Influenciados pelos familiares, a taxa de crescimento da proficiência em corte de madeira, mineração, plantio e colheita é reduzida em -[25,35,50]%.",,Nenhum,Origin,Origem,t9_img_0003_05_01.webp,
https://github.com/fantasfor/Soulmask/blob/main/Talentos/IconesTalentos/t9_img_0012_05_01.webp?raw=true,Origin - Obsessed with Fighting,Origem - Obsessão por Luta,"Proficiency growth rate for spear, bow, and shield -[25,35,50]%.","Atento aos detalhes. A taxa de crescimento da proficiência em tecelagem, cerâmica e curtume aumenta em -[25,35,50]%.",,Nenhum,Origin,Origem,t9_img_0012_05_01.webp,
https://github.com/fantasfor/Soulmask/blob/main/Talentos/IconesTalentos/t9_img_0015_05_01.webp?raw=true,Origin - Obsessed with Hunting,Origem - Obsessão por Caça,"Proficiency growth rate for great sword, shield, and hammer decreases by [25,35,50]%.","Na juventude, exibiu um certo talento para caça, resultando em um crescimento exagerado nessa área, mas negligenciando o desenvolvimento de outras habilidades. A taxa de crescimento da proficiência em espadas grandes, escudos e martelos é reduzida em [25,35,50]%.",,Nenhum,Origin,Origem,t9_img_0015_05_01.webp,
https://github.com/fantasfor/Soulmask/blob/main/Talentos/IconesTalentos/t9_img_0018_05_01.webp?raw=true,Origin - Obsessed with Guarding,Origem - Obsessão pela Guarda,"Proficiency growth rate for dual-blade, gauntlets, and hammer -[25,35,50]%.","Foi duramente criticado pelos membros da tribo por sua falta de habilidades defensivas. Por isso, concentrou-se excessivamente no aprimoramento da habilidade defensiva, negligenciando as habilidades com lâmina de duas mãos, manoplas e martelos. A taxa de crescimento da proficiência nessas habilidades é reduzida em -[25,35,50]%.",,Nenhum,Origin,Origem,t9_img_0018_05_01.webp,
https://github.com/fantasfor/Soulmask/blob/main/Talentos/IconesTalentos/t2_img_0001_06_01.webp?raw=true,Personality: Gentle,Personalidade: Gentil,Has a gentle nature and is pretty normal in both life and combat. It's unlikely he'll do anything peculiar.,Tem uma natureza gentil e é bastante normal na vida e no combate. É improvável que faça algo notável.,,Nenhum,Personality,Personalidade,t2_img_0001_06_01.webp,
https://github.com/fantasfor/Soulmask/blob/main/Talentos/IconesTalentos/t2_img_0002_06_01.webp?raw=true,Personality: Cautious,Personalidade: Cauteloso,Has a cautious nature and is pretty proper in both life and combat. It's unlikely this person will do anything peculiar.,Tem uma natureza cautelosa e é bastante comedido na vida e no combate. É improvável que esta pessoa faça algo notável.,,Nenhum,Personality,Personalidade,t2_img_0002_06_01.webp,
https://github.com/fantasfor/Soulmask/blob/main/Talentos/IconesTalentos/t2_img_0003_06_01.webp?raw=true,Personality: Aggressive,Personalidade: Agressivo,"Boasts a radical personality that is contagious; strong and determined in both life and combat, and courageously moves forward without giving up.","Sua personalidade radical é contagiosa. É forte e determinado na vida e no combate, avançando corajosamente sem desistir.",,Nenhum,Personality,Personalidade,t2_img_0003_06_01.webp,
https://github.com/fantasfor/Soulmask/blob/main/Talentos/IconesTalentos/t2_img_0004_06_01.webp?raw=true,Personality: Manic,Personalidade: Maníaco,Prone to both mania and rage; lives a brash life and fights with reckless abandon; has huge destructive power.,É propenso à mania e à raiva. Vive uma vida impetuosa e luta com abandono imprudente. Tem um grande poder destrutivo.,,Nenhum,Personality,Personalidade,t2_img_0004_06_01.webp,
https://github.com/fantasfor/Soulmask/blob/main/Talentos/IconesTalentos/t2_img_0005_06_01.webp?raw=true,Personality: Lazy,Personalidade: Preguiçoso,"Lazy with no interest in progress. Feebly sits and waits for work in both life and combat. Simultaneously, is not easily influenced by others.","Preguiçoso e sem interesse em progredir. Fica sentado esperando o trabalho chegar tanto na vida quanto em combate. Ao mesmo tempo, não é facilmente influenciado por outros.",,Nenhum,Personality,Personalidade,t2_img_0005_06_01.webp,
https://github.com/fantasfor/Soulmask/blob/main/Talentos/IconesTalentos/t2_img_0006_06_01.webp?raw=true,Personality: Coward,Personalidade: Covarde,"When you're all panicky or too scared to stand up for yourself, things can go downhill real quick in both life and combat.","Quando está em pânico ou com muito medo de se defender, as coisas podem piorar rapidamente na vida e no combate.",,Nenhum,Personality,Personalidade,t2_img_0006_06_01.webp,
https://github.com/fantasfor/Soulmask/blob/main/Talentos/IconesTalentos/t7_img_0001_06_01.webp?raw=true,Likes staple food,Gosta de alimentos básicos,"Feels content and gains [20,40] Mood when consuming food that provides satiety. For the next 15 minutes, the rate of mood decline decreases by [30,50]% and mood-improvement effects increase by [75,100]%.","Sente-se satisfeito e ganha 40 de Humor ao consumir alimentos que proporcionam saciedade. Pelos próximos 15 minutos, a taxa de queda do humor diminui em [20,40] e os efeitos de melhoria do humor aumentam em [30,50]%.",,Nenhum,Preferences,Preferências,t7_img_0001_06_01.webp,
https://github.com/fantasfor/Soulmask/blob/main/Talentos/IconesTalentos/t7_img_0004_06_01.webp?raw=true,Love meat,Uma predileção por carne,"A meat enthusiast who is satisfied when consuming meat and gains 60 Mood. For the next 15 minutes, the rate of mood decline decreases by 70%, and mood-improvement effects increase by 125%. (During this time, it can lead to a state of elation.)","Entusiasta da carne, fica satisfeito ao consumir carne e ganha 60 de Humor. Pelos próximos 15 minutos, a taxa de queda do humor diminui em 70% e os efeitos de melhoria do humor aumentam em 125%. (Durante este período, é possível alcançar um estado de euforia.)",,Nenhum,Preferences,Preferências,t7_img_0004_06_01.webp,
https://github.com/fantasfor/Soulmask/blob/main/Talentos/IconesTalentos/t7_img_0019_06_01.webp?raw=true,Likes snow,Gosta de Neve,"Loves winter in particular and gains [20,40] Mood when it snows. For the next 15 minutes, the rate of mood decline decreases by [30,50]%, and mood-improvement effects increase by [75,100]%.","Tem uma afinidade com dias nevados e recebe 40 pontos de Humor quando neva. Além disso, durante 15 minutos, a taxa de queda de Humor diminui em [20,40] e os pontos de Humor adquiridos aumentam em [30,50]%.",,Nenhum,Preferences,Preferências,t7_img_0019_06_01.webp,
https://github.com/fantasfor/Soulmask/blob/main/Talentos/IconesTalentos/t7_img_0024_06_01.webp?raw=true,Love baths,Uma predileção por banhos,"Likes baths and gains 60 Mood when having a bath. For the next 15 minutes, the rate of mood decline decreases by 70%, and mood-improvement effects increase by 125%. (During this time, it can lead to a state of elation.)","Gosta de banhos e sente um aumento de 60 de Humor ao tomar banho. Pelos próximos 15 minutos, a taxa de queda do humor diminui em 70% e os efeitos de melhoria do humor aumentam em 125%. (Durante este período, é possível alcançar um estado de euforia.)",,Nenhum,Preferences,Preferências,t7_img_0024_06_01.webp,
https://github.com/fantasfor/Soulmask/blob/main/Talentos/IconesTalentos/t7_img_0025_06_01.webp?raw=true,Likes leather gear,Gosta de equipamentos de couro,"Likes the texture of leather and gains [20,40] Mood when equipped with leather gear. For the next 15 minutes, the rate of mood decline decreases by [30,50]%, and mood-improvement effects increase by [75,100]%.","Gosta da textura do couro e ganha 40 de Humor ao usar equipamentos de couro. Pelos próximos 15 minutos, a taxa de queda do humor diminui em [20,40] e os efeitos de melhoria do humor aumentam em [30,50]%.",,Nenhum,Preferences,Preferências,t7_img_0025_06_01.webp,
https://github.com/fantasfor/Soulmask/blob/main/Talentos/IconesTalentos/t7_img_0031_06_01.webp?raw=true,Likes stone weapons,Gosta de armas de pedra,"Likes stone weapons and gains [20,40] Mood when equipped with stone weapons. For the next 15 minutes, the rate of mood decline decreases by [30,50]%, and mood-improvement effects increase by [75,100]%.","Gosta de armas de pedra e ganha 40 de Humor ao usar armas de pedra. Pelos próximos 15 minutos, a taxa de queda do humor diminui em [20,40] e os efeitos de melhoria do humor aumentam em [30,50]%.",,Nenhum,Preferences,Preferências,t7_img_0031_06_01.webp,
https://github.com/fantasfor/Soulmask/blob/main/Talentos/IconesTalentos/t7_img_0046_06_01.webp?raw=true,Love to be by water,Uma predileção por estar perto da água,"With a unique reliance on water bodies, gains 60 Mood when living near a water body. For the next 15 minutes, the rate of mood decline decreases by 70%, and mood-improvement effects increase by 125%. (During this time, it can lead to a state of elation.)","Com uma dependência única de corpos d'água, ganha 60 de Humor ao viver perto de um corpo d'água. Pelos próximos 15 minutos, a taxa de queda do humor diminui em 70% e os efeitos de melhoria do humor aumentam em 125%. (Durante este período, é possível alcançar um estado de euforia.)",,Nenhum,Preferences,Preferências,t7_img_0046_06_01.webp,
https://github.com/fantasfor/Soulmask/blob/main/Talentos/IconesTalentos/t7_img_0055_06_01.webp?raw=true,Likes scorching heat,Gosta de calor escaldante,"A special physiological response to scorching heat that gives [20,40] Mood. For the next 15 minutes, the rate of mood decline decreases by [30,50]%, and mood-improvement effects increase by [75,100]%.","Uma resposta fisiológica especial ao calor escaldante que dá 40 de Humor. Pelos próximos 15 minutos, a taxa de queda do humor diminui em [20,40] e os efeitos de melhoria do humor aumentam em [30,50]%.",,Nenhum,Preferences,Preferências,t7_img_0055_06_01.webp,
https://github.com/fantasfor/Soulmask/blob/main/Talentos/IconesTalentos/t7_img_0067_06_01.webp?raw=true,Likes defecation,Gosta de defecar,"Likes defecating and gains [20,40] Mood when doing so. For the next 15 minutes, the rate of mood decline decreases by [30,50]%, and mood-improvement effects increase by [75,100]%.","Gosta de defecar e ganhar 40 pontos de Humor ao fazê-lo. Por 15 minutos, a taxa de queda de Humor é reduzida em [20,40] e os pontos de Humor adquiridos aumentam em [30,50]%.",,Nenhum,Preferences,Preferências,t7_img_0067_06_01.webp,
https://github.com/fantasfor/Soulmask/blob/main/Talentos/IconesTalentos/t11_img_0006_06_01.webp?raw=true,Dislikes sauced meat,Não gosta de carne ao molho,"Eating sauced meat lowers 6 Mood. For the next 5 minutes, the rate of mood decline increases by 100%, and mood-improving effects decrease by 60%. (In the duration, enters a state of melancholy)","Comer carne ao molho diminui 6 de Humor. Pelos próximos 5 minutos, a taxa de queda do humor aumenta em 100% e os efeitos de melhoria do humor diminuem em 60%. (Neste período, entra em um estado de melancolia.)",,Nenhum,Preferences,Preferências,t11_img_0006_06_01.webp,
https://github.com/fantasfor/Soulmask/blob/main/Talentos/IconesTalentos/t11_img_0015_06_01.webp?raw=true,Aversion to Sunny Days,Aversão a dias ensolarados,"Feels aversion to sunlight and Mood drops by [2,4] in sunny days. For the next 5 minutes, the rate of mood decline increases by [50,75]% and mood-improvement effects decrease by [20,40]%.","O tempo ensolarado causa desconforto, diminuindo 2 de Humor em dias ensolarados. Pelos próximos 5 minutos, a taxa de queda do humor aumenta em [2,4], e os efeitos de melhoria do humor diminuem em [50,75]%.",,Nenhum,Preferences,Preferências,t11_img_0015_06_01.webp,
https://github.com/fantasfor/Soulmask/blob/main/Talentos/IconesTalentos/t11_img_0018_06_01.webp?raw=true,Dislikes rain,Não gosta de dias chuvosos,"Get irritated in rainy days and Mood drops by 6 when it rains. For the next 5 minutes, the rate of mood decline increases by 100% and mood-improvement effects decrease by 60%. (In the duration, enters a state of melancholy)","O tempo chuvoso causa irritação, diminuindo 6 pontos de Humor em dias chuvosos. Pelos próximos 5 minutos, a taxa de queda do humor aumenta em 100%, e os efeitos de melhoria do humor diminuem em 60%. (Neste período, entra em um estado de melancolia.)",,Nenhum,Preferences,Preferências,t11_img_0018_06_01.webp,
https://github.com/fantasfor/Soulmask/blob/main/Talentos/IconesTalentos/t11_img_0024_06_01.webp?raw=true,Dislikes baths,Não gosta de banhos,"Dislikes the feeling of being soaked by water and loses 6 Mood when having a bath. For the next 5 minutes, the rate of mood decline increases by 100% and mood-improvement effects decrease by 60%. (In the duration, enters a state of melancholy)","Odeia a sensação de estar molhado. Perde 6 pontos de Humor ao tomar banho. Por 5 minutos, a taxa de queda de Humor é aumentada em 100% e os pontos de Humor adquiridos reduzem em 60%. (Neste período, entra em um estado de melancolia.)",,Nenhum,Preferences,Preferências,t11_img_0024_06_01.webp,
https://github.com/fantasfor/Soulmask/blob/main/Talentos/IconesTalentos/t11_img_0030_06_01.webp?raw=true,Dislikes cloth gear,Não gosta de trajes de pano,"Dislikes low-quality costumes and Mood drops by 6 when equipped with cloth gear. For the next 5 minutes, the rate of mood decline increases by 100% and mood-improvement effects decrease by 60%. (In the duration, enters a state of melancholy)","Não gosta de trajes de baixa qualidade. Perde 6 de Humor ao equipar trajes de pano. Pelos próximos 5 minutos, a taxa de queda do humor aumenta em 100% e os efeitos de melhoria do humor diminuem em 60%. (Neste período, entra em um estado de melancolia.)",,Nenhum,Preferences,Preferências,t11_img_0030_06_01.webp,
https://github.com/fantasfor/Soulmask/blob/main/Talentos/IconesTalentos/t11_img_0036_06_01.webp?raw=true,Dislikes bronze weapons,Não gosta de armas de bronze,"Loses 6 Mood when equipped with bronze weapons. For the next 5 minutes, the rate of mood decline increases by 100% and mood-improvement effects decrease by 60%. (In the duration, enters a state of melancholy)","Perde 6 de Humor ao equipar armas de bronze. Pelos próximos 5 minutos, a taxa de queda do humor aumenta em 100% e os efeitos de melhoria do humor diminuem em 60%. (Neste período, entra em um estado de melancolia.)",,Nenhum,Preferences,Preferências,t11_img_0036_06_01.webp,
https://github.com/fantasfor/Soulmask/blob/main/Talentos/IconesTalentos/t11_img_0061_06_01.webp?raw=true,Aversion to monkey,Desgosto por macacos,"Gets annoyed by naughty monkeys, and loses [2,4] Mood when there's a monkey nearby. For the next 5 minutes, the rate of mood decline increases by [50,75]% and mood-improvement effects decrease by [20,40]%.","Se irrita com macacos travessos e por isso perde 2 pontos de Humor na presença deles. Por 5 minutos, a taxa de queda de Humor é aumentada em [2,4] e os pontos de Humor adquiridos reduzem em [50,75]%.",,Nenhum,Preferences,Preferências,t11_img_0061_06_01.webp,
https://github.com/fantasfor/Soulmask/blob/main/Talentos/IconesTalentos/t7_img_0002_06_01.webp?raw=true,Love staple food,Uma predileção por alimentos básicos,"Feels satisfaction and gains 60 Mood when consuming staple food. For the next 15 minutes, the rate of mood decline decreases by 70%, and mood-improvement effects increase by 125%. (During this time, it can lead to a state of elation.)","Sente satisfação e ganha 60 de Humor ao consumir alimentos básicos. Pelos próximos 15 minutos, a taxa de queda do humor diminui em 70%, e os efeitos de melhoria do humor aumentam em 125%. (Durante este período, é possível alcançar um estado de euforia.)",,Nenhum,Preferences,Preferências,t7_img_0002_06_01.webp,
https://github.com/fantasfor/Soulmask/blob/main/Talentos/IconesTalentos/t7_img_0003_06_01.webp?raw=true,Likes meat,Gosta de carne,"Likes meat and gains [20,40] Mood when consuming it. For the next 15 minutes, the rate of mood decline decreases by [30,50]%, and mood-improvement effects increase by [75,100]%.","Gosta de carne e ganha 40 de Humor ao consumi-la. Pelos próximos 15 minutos, a taxa de queda do humor diminui em [20,40] e os efeitos de melhoria do humor aumentam em [30,50]%.",,Nenhum,Preferences,Preferências,t7_img_0003_06_01.webp,
https://github.com/fantasfor/Soulmask/blob/main/Talentos/IconesTalentos/t7_img_0005_06_01.webp?raw=true,Likes sauced meat,Gosta de carne ao molho,"Likes sauced meat and gains [20,40] Mood when consuming it. For the next 15 minutes, the rate of mood decline decreases by [30,50]%, and mood-improvement effects increase by [75,100]%.","Gosta de carne ao molho e ganha 40 de Humor ao consumi-la. Pelos próximos 15 minutos, a taxa de queda do humor diminui em [20,40] e os efeitos de melhoria do humor aumentam em [30,50]%.",,Nenhum,Preferences,Preferências,t7_img_0005_06_01.webp,
https://github.com/fantasfor/Soulmask/blob/main/Talentos/IconesTalentos/t7_img_0006_06_01.webp?raw=true,Love sauced meat,Uma predileção por carne ao molho,"Passionate about sauced meat and gains 60 Mood when consuming it. For the next 15 minutes, the rate of mood decline decreases by 70%, and mood-improvement effects increase by 125%. (During this time, it can lead to a state of elation.)","Apaixonado por carne ao molho e ganha 60 de Humor ao consumi-la. Pelos próximos 15 minutos, a taxa de queda do humor diminui em 70% e os efeitos de melhoria do humor aumentam em 125%. (Durante este período, é possível alcançar um estado de euforia.)",,Nenhum,Preferences,Preferências,t7_img_0006_06_01.webp,
https://github.com/fantasfor/Soulmask/blob/main/Talentos/IconesTalentos/t7_img_0007_06_01.webp?raw=true,Likes tomatoes,Gosta de tomates,"Likes tomatoes and gains [20,40] Mood when consuming it. For the next 15 minutes, the rate of mood decline decreases by [30,50]%, and mood-improvement effects increase by [75,100]%.","Gosta de tomates e ganha 40 de Humor ao consumi-los. Pelos próximos 15 minutos, a taxa de queda do humor diminui em [20,40] e os efeitos de melhoria do humor aumentam em [30,50]%.",,Nenhum,Preferences,Preferências,t7_img_0007_06_01.webp,
https://github.com/fantasfor/Soulmask/blob/main/Talentos/IconesTalentos/t7_img_0008_06_01.webp?raw=true,Love tomatoes,Uma predileção por tomates,"A tomato enthusiast who gains 60 Mood when consuming tomatoes. For the next 15 minutes, the rate of mood decline decreases by 70%, and mood-improvement effects increase by 125%. (In the duration, enters a state of elation)","Entusiasta de tomates, ganha 60 de Humor ao consumir tomates. Pelos próximos 15 minutos, a taxa de queda do humor diminui em 70% e os efeitos de melhoria do humor aumentam em 125%. (Durante este período, é possível alcançar um estado de euforia.)",,Nenhum,Preferences,Preferências,t7_img_0008_06_01.webp,
https://github.com/fantasfor/Soulmask/blob/main/Talentos/IconesTalentos/t7_img_0009_06_01.webp?raw=true,Likes fruits & vegetables,Gosta de frutas e vegetais,"Likes fruits & vegetables and gains [20,40] Mood when consuming it. For the next 15 minutes, the rate of mood decline decreases by [30,50]%, and mood-improvement effects increase by [75,100]%.","Gosta de frutas e vegetais e ganha 40 de Humor ao consumi-los. Pelos próximos 15 minutos, a taxa de queda do humor diminui em [20,40] e os efeitos de melhoria do humor aumentam em [30,50]%.",,Nenhum,Preferences,Preferências,t7_img_0009_06_01.webp,
https://github.com/fantasfor/Soulmask/blob/main/Talentos/IconesTalentos/t7_img_0010_06_01.webp?raw=true,Love fruits & vegetables,Uma predileção por frutas e vegetais,"A fruits & vegetables enthusiast who gains 60 Mood when consuming fruits or vegetables. For the next 15 minutes, the rate of mood decline decreases by 70%, and mood-improvement effects increase by 125%. (During this time, it can lead to a state of elation.)","Entusiasta de frutas e vegetais, ganha 60 de Humor ao consumir frutas ou vegetais. Pelos próximos 15 minutos, a taxa de queda do humor diminui em 70% e os efeitos de melhoria do humor aumentam em 125%. (Durante este período, é possível alcançar um estado de euforia.)",,Nenhum,Preferences,Preferências,t7_img_0010_06_01.webp,
https://github.com/fantasfor/Soulmask/blob/main/Talentos/IconesTalentos/t7_img_0011_06_01.webp?raw=true,Likes tobacco,Gosta de tabaco,"Likes the scent of tobacco and gains [20,40] Mood when smoking. For the next 15 minutes, the rate of mood decline decreases by [30,50]%, and mood-improvement effects increase by [75,100]%.","Gosta do cheiro de tabaco e ganha 40 de Humor ao fumar. Pelos próximos 15 minutos, a taxa de queda do humor diminui em [20,40] e os efeitos de melhoria do humor aumentam em [30,50]%.",,Nenhum,Preferences,Preferências,t7_img_0011_06_01.webp,
https://github.com/fantasfor/Soulmask/blob/main/Talentos/IconesTalentos/t7_img_0012_06_01.webp?raw=true,Love tobacco,Uma predileção por tabaco,"A tobacco enthusiast who gains 60 Mood when smoking tobacco. For the next 15 minutes, the rate of mood decline decreases by 70%, and mood-improvement effects increase by 125%. (In the duration, enters a state of elation)","Entusiasta de tabaco, ganha 60 de Humor ao fumar tabaco. Pelos próximos 15 minutos, a taxa de queda do humor diminui em 70% e os efeitos de melhoria do humor aumentam em 125%. (Durante este período, é possível alcançar um estado de euforia.)",,Nenhum,Preferences,Preferências,t7_img_0012_06_01.webp,
https://github.com/fantasfor/Soulmask/blob/main/Talentos/IconesTalentos/t7_img_0013_06_01.webp?raw=true,Likes drinking,Gosta de beber,"Likes alcohol and gains [20,40] Mood when drinking. For the next 15 minutes, the rate of mood decline decreases by [30,50]%, and mood-improvement effects increase by [75,100]%.","Adora beber e se sente à vontade quando bebe. Ganha 40 pontos de Humor, e a taxa de diminuição do Humor reduz em [20,40] por 15 minutos e aumenta em [30,50]% ao ganhar pontos de Humor.",,Nenhum,Preferences,Preferências,t7_img_0013_06_01.webp,
https://github.com/fantasfor/Soulmask/blob/main/Talentos/IconesTalentos/t7_img_0014_06_01.webp?raw=true,Love drinking,Uma predileção por bebida,"Passionate about alcohol and gains 60 Mood when drinking. For the next 15 minutes, the rate of mood decline decreases by 70%, and mood-improvement effects increase by 125%. (During this time, it can lead to a state of elation.)","Gosta de beber e ganha 60 de Humor ao beber. Pelos próximos 15 minutos, a taxa de queda do humor diminui em 70% e os efeitos de melhoria do humor aumentam em 125%. (Durante este período, é possível alcançar um estado de euforia.)",,Nenhum,Preferences,Preferências,t7_img_0014_06_01.webp,
https://github.com/fantasfor/Soulmask/blob/main/Talentos/IconesTalentos/t7_img_0015_06_01.webp?raw=true,Likes sunny days,Gosta de dias ensolarados,"Likes sunlight and gains [20,40] Mood in sunny days. For the next 15 minutes, the rate of mood decline decreases by [30,50]%, and mood-improvement effects increase by [75,100]%.","Dias de sol traz conforto físico e mental, concedendo 40 pontos de Humor. Além disso, durante 15 minutos, a taxa de queda de Humor diminui em [20,40] e os pontos de Humor adquiridos aumentam em [30,50]%.",,Nenhum,Preferences,Preferências,t7_img_0015_06_01.webp,
https://github.com/fantasfor/Soulmask/blob/main/Talentos/IconesTalentos/t7_img_0016_06_01.webp?raw=true,Love Sunny Days,Predileção por dias ensolarados,"Likes sunlight and gains 60 Mood in sunny days. For the next 15 minutes, the rate of mood decline decreases by 70%, and mood-improvement effects increase by 125% (During this time, it can lead to a state of elation).","Dias de sol traz conforto físico e mental, concedendo 60 pontos de Humor. Além disso, durante 15 minutos, a taxa de queda de Humor diminui em 70% e os pontos de Humor adquiridos aumentam em 125%. (Durante este período, é possível alcançar um estado de euforia.)",,Nenhum,Preferences,Preferências,t7_img_0016_06_01.webp,
https://github.com/fantasfor/Soulmask/blob/main/Talentos/IconesTalentos/t7_img_0017_06_01.webp?raw=true,Likes rain,Gosta de Chuva,"Loves rain in particular and gains [20,40] Mood when it rains. For the next 15 minutes, the rate of mood decline decreases by [30,50]%, and mood-improvement effects increase by [75,100]%.","Tem uma afinidade com dias chuvosos e recebe 40 pontos de Humor quando chove. Além disso, durante 15 minutos, a taxa de queda de Humor diminui em [20,40] e os pontos de Humor adquiridos aumentam em [30,50]%.",,Nenhum,Preferences,Preferências,t7_img_0017_06_01.webp,
https://github.com/fantasfor/Soulmask/blob/main/Talentos/IconesTalentos/t7_img_0018_06_01.webp?raw=true,Love Rain,Predileção por Chuva,"Loves rain in particular and gains 60 Mood when it rains. For the next 15 minutes, the rate of mood decline decreases by 70%, and mood-improvement effects increase by 125%. (During this time, it can lead to a state of elation.)","Tem uma afinidade com dias chuvosos e recebe 60 pontos de Humor quando chove. Além disso, durante 15 minutos, a taxa de queda de Humor diminui em 70% e os pontos de Humor adquiridos aumentam em 125%. (Durante este período, é possível alcançar um estado de euforia.)",,Nenhum,Preferences,Preferências,t7_img_0018_06_01.webp,
https://github.com/fantasfor/Soulmask/blob/main/Talentos/IconesTalentos/t7_img_0020_06_01.webp?raw=true,Love Snow,Predileção por neve,"Loves winter in particular and gains 60 Mood when it snows. For the next 15 minutes, the rate of mood decline decreases by 70%, and mood-improvement effects increase by 125%. (During this time, it can lead to a state of elation.)","Tem uma afinidade com dias nevados e recebe 60 pontos de Humor quando neva. Além disso, durante 15 minutos, a taxa de queda de Humor diminui em 70% e os pontos de Humor adquiridos aumentam em 125%. (Durante este período, é possível alcançar um estado de euforia.)",,Nenhum,Preferences,Preferências,t7_img_0020_06_01.webp,
https://github.com/fantasfor/Soulmask/blob/main/Talentos/IconesTalentos/t7_img_0021_06_01.webp?raw=true,Likes dancing,Gosta de dançar,"Seems to forget about troubles and gains [20,40] Mood when dancing. For the next 15 minutes, the rate of mood decline decreases by [30,50]%, and mood-improvement effects increase by [75,100]%.","Parece esquecer das preocupações ao dançar, ganhando 40 pontos de Humor. Por 15 minutos, a taxa de queda de Humor é reduzida em [20,40] e os pontos de Humor adquiridos aumentam em [30,50]%.",,Nenhum,Preferences,Preferências,t7_img_0021_06_01.webp,
https://github.com/fantasfor/Soulmask/blob/main/Talentos/IconesTalentos/t7_img_0022_06_01.webp?raw=true,Love dancing,Adora dançar,"Finds real freedom when dancing to the rhythm, and gains 60 Mood when dancing. For the next 15 minutes, the rate of mood decline decreases by 70%, and mood-improvement effects increase by 125%. (During this time, it can lead to a state of elation.)","Ao se mover com o ritmo, é quando a verdadeira liberdade é alcançada. Ganha 60 pontos de Humor ao dançar. Além disso, durante 15 minutos, a taxa de queda de Humor diminui em 70% e os pontos de Humor adquiridos aumentam em 125%. (Durante este período, é possível alcançar um estado de euforia.)",,Nenhum,Preferences,Preferências,t7_img_0022_06_01.webp,
https://github.com/fantasfor/Soulmask/blob/main/Talentos/IconesTalentos/t7_img_0023_06_01.webp?raw=true,Likes Baths,Gosta de banhos,"Likes baths and gains [20,40] Mood when having a bath. For the next 15 minutes, the rate of mood decline decreases by [30,50]%, and mood-improvement effects increase by [75,100]%, which can lead to a state of elation.","Gosta de tomar banho e ganha 40 de Humor ao fazê-lo. Pelos próximos 15 minutos, a taxa de queda do humor diminui em [20,40] e os efeitos de melhoria do humor aumentam em [30,50]%.",,Nenhum,Preferences,Preferências,t7_img_0023_06_01.webp,
https://github.com/fantasfor/Soulmask/blob/main/Talentos/IconesTalentos/t7_img_0026_06_01.webp?raw=true,Love leather gear,Uma predileção por equipamentos de couro,"A leather enthusiast who gains 60 Mood when equipped with leather gear. For the next 15 minutes, the rate of mood decline decreases by 70%, and mood-improvement effects increase by 125%. (During this time, it can lead to a state of elation.)","Um entusiasta do couro que ganha 60 de Humor ao usar equipamentos de couro. Pelos próximos 15 minutos, a taxa de queda do humor diminui em 70% e os efeitos de melhoria do humor aumentam em 125%. (Durante este período, é possível alcançar um estado de euforia.)",,Nenhum,Preferences,Preferências,t7_img_0026_06_01.webp,
https://github.com/fantasfor/Soulmask/blob/main/Talentos/IconesTalentos/t7_img_0027_06_01.webp?raw=true,Likes bone weapons,Gosta de armas de osso,"Likes bone weapons and gains [20,40] Mood when equipped with bone weapons. For the next 15 minutes, the rate of mood decline decreases by [30,50]%, and mood-improvement effects increase by [75,100]%.","Gosta de armas de osso e ganha 40 de Humor ao usar armas de osso. Pelos próximos 15 minutos, a taxa de queda do humor diminui em [20,40] e os efeitos de melhoria do humor aumentam em [30,50]%.",,Nenhum,Preferences,Preferências,t7_img_0027_06_01.webp,
https://github.com/fantasfor/Soulmask/blob/main/Talentos/IconesTalentos/t7_img_0028_06_01.webp?raw=true,Love bone weapons,Uma predileção por armas de osso,"A bone weapon enthusiast who gains 60 Mood when equipped with bone weapons. For the next 15 minutes, the rate of mood decline decreases by 70%, and mood-improvement effects increase by 125%. (During this time, it can lead to a state of elation.)","Um entusiasta de armas de osso que ganha 60 de Humor ao usar armas de osso. Pelos próximos 15 minutos, a taxa de queda do humor diminui em 70% e os efeitos de melhoria do humor aumentam em 125%. (Durante este período, é possível alcançar um estado de euforia.)",,Nenhum,Preferences,Preferências,t7_img_0028_06_01.webp,
https://github.com/fantasfor/Soulmask/blob/main/Talentos/IconesTalentos/t7_img_0029_06_01.webp?raw=true,Likes cloth wears,Gosta de roupas de tecido,"Likes the texture of cloth and gains [20,40] Mood when equipped with cloth gear. For the next 15 minutes, the rate of mood decline decreases by [30,50]%, and mood-improvement effects increase by [75,100]%.","Gosta da textura de tecidos e ganha 40 de Humor ao usar equipamentos de tecido. Pelos próximos 15 minutos, a taxa de queda do humor diminui em [20,40] e os efeitos de melhoria do humor aumentam em [30,50]%.",,Nenhum,Preferences,Preferências,t7_img_0029_06_01.webp,
https://github.com/fantasfor/Soulmask/blob/main/Talentos/IconesTalentos/t7_img_0030_06_01.webp?raw=true,Love cloth gear,Uma predileção por roupas de tecido,"A cloth enthusiast. Gains 60 Mood when equipped with cloth gear. For the next 15 minutes, the rate of mood decline decreases by 70%, and mood-improvement effects increase by 125%. (During this time, it can lead to a state of elation.)","Um entusiasta de tecidos. Ganha 60 de Humor ao usar equipamentos de tecido. Pelos próximos 15 minutos, a taxa de queda do humor diminui em 70% e os efeitos de melhoria do humor aumentam em 125%. (Durante este período, é possível alcançar um estado de euforia.)",,Nenhum,Preferences,Preferências,t7_img_0030_06_01.webp,
https://github.com/fantasfor/Soulmask/blob/main/Talentos/IconesTalentos/t7_img_0032_06_01.webp?raw=true,Love stone weapons,Uma predileção por armas de pedra,"A stone weapon enthusiast who gains 60 Mood when equipped with stone weapons. For the next 15 minutes, the rate of mood decline decreases by 70%, and mood-improvement effects increase by 125%. (During this time, it can lead to a state of elation.)","Um entusiasta de armas de pedra que ganha 60 de Humor ao usar armas de pedra. Pelos próximos 15 minutos, a taxa de queda do humor diminui em 70% e os efeitos de melhoria do humor aumentam em 125%. (Durante este período, é possível alcançar um estado de euforia.)",,Nenhum,Preferences,Preferências,t7_img_0032_06_01.webp,
https://github.com/fantasfor/Soulmask/blob/main/Talentos/IconesTalentos/t7_img_0033_06_01.webp?raw=true,Likes bronze armor,Gosta de armaduras de bronze,"Likes the safety of bronze armor and gains [20,40] Mood when wearing it. For the next 15 minutes, the rate of mood decline decreases by [30,50]%, and mood-improvement effects increase by [75,100]%.","Gosta da segurança proporcionada pela armadura de bronze e ganha 40 de Humor ao usá-la. Pelos próximos 15 minutos, a taxa de queda do humor diminui em [20,40] e os efeitos de melhoria do humor aumentam em [30,50]%.",,Nenhum,Preferences,Preferências,t7_img_0033_06_01.webp,
https://github.com/fantasfor/Soulmask/blob/main/Talentos/IconesTalentos/t7_img_0034_06_01.webp?raw=true,Love bronze armor,Uma predileção por armaduras de bronze,"Passionate about bronze armor and gains 60 Mood when equipped with it. For the next 15 minutes, the rate of mood decline decreases by 70%, and mood-improvement effects increase by 125%. (During this time, it can lead to a state of elation.)","Apaixonado por armaduras de bronze e ganha 60 de Humor ao usar uma. Pelos próximos 15 minutos, a taxa de queda do humor diminui em 70% e os efeitos de melhoria do humor aumentam em 125%. (Durante este período, é possível alcançar um estado de euforia.)",,Nenhum,Preferences,Preferências,t7_img_0034_06_01.webp,
https://github.com/fantasfor/Soulmask/blob/main/Talentos/IconesTalentos/t7_img_0035_06_01.webp?raw=true,Likes bronze weapons,Gosta de armas de bronze,"Likes bronze weapons and gains [20,40] Mood when equipped with bronze weapons. For the next 15 minutes, the rate of mood decline decreases by [30,50]%, and mood-improvement effects increase by [75,100]%.","Gosta de armas de bronze e ganha 40 de Humor ao usar armas de bronze. Pelos próximos 15 minutos, a taxa de queda do humor diminui em [20,40] e os efeitos de melhoria do humor aumentam em [30,50]%.",,Nenhum,Preferences,Preferências,t7_img_0035_06_01.webp,
https://github.com/fantasfor/Soulmask/blob/main/Talentos/IconesTalentos/t7_img_0036_06_01.webp?raw=true,Love bronze weapons,Uma predileção por armas de bronze,"A bronze weapon enthusiast who gains 60 Mood when equipped with bronze weapons. For the next 15 minutes, the rate of mood decline decreases by 70%, and mood-improvement effects increase by 125%. (During this time, it can lead to a state of elation.)","Um entusiasta de armas de bronze que ganha 60 de Humor ao usar armas de bronze. Pelos próximos 15 minutos, a taxa de queda do humor diminui em 70% e os efeitos de melhoria do humor aumentam em 125%. (Durante este período, é possível alcançar um estado de euforia.)",,Nenhum,Preferences,Preferências,t7_img_0036_06_01.webp,
https://github.com/fantasfor/Soulmask/blob/main/Talentos/IconesTalentos/t7_img_0037_06_01.webp?raw=true,Likes to lie down,Gosta de ficar sem fazer nada,"Sleep is particularly important. When resting, feels a sense of well-being and gains [20,40] Mood. For the next 15 minutes, the rate of mood decline decreases by [30,50]% and mood-improvement effects increase by [75,100]%.","O sono é particularmente importante. Ao descansar, sente-se bem e ganha 40 de Humor. Pelos próximos 15 minutos, a taxa de queda do humor diminui em [20,40] e os efeitos de melhoria do humor aumentam em [30,50]%.",,Nenhum,Preferences,Preferências,t7_img_0037_06_01.webp,
https://github.com/fantasfor/Soulmask/blob/main/Talentos/IconesTalentos/t7_img_0038_06_01.webp?raw=true,Love lying down,Uma predileção por ficar sem fazer nada,"Likes sleeping and gains 60 Mood when resting. For the next 15 minutes, the rate of mood decline decreases by 70%, and mood-improvement effects increase by 125%. (During this time, it can lead to a state of elation.)","Gosta de dormir e ganha 60 de Humor ao descansar. Pelos próximos 15 minutos, a taxa de queda do humor diminui em 70% e os efeitos de melhoria do humor aumentam em 125%. (Durante este período, é possível alcançar um estado de euforia.)",,Nenhum,Preferences,Preferências,t7_img_0038_06_01.webp,
https://github.com/fantasfor/Soulmask/blob/main/Talentos/IconesTalentos/t7_img_0039_06_01.webp?raw=true,Likes living in herds,Gosta de viver em comunidade,"Likes living in crowded places and gains [20,40] Mood with over 10 people in the tribe. For the next 15 minutes, the rate of mood decline decreases by [30,50]%, and mood-improvement effects increase by [75,100]%.","Gosta de viver em lugares populosos e ganha 40 de Humor com mais de 10 pessoas na tribo. Pelos próximos 15 minutos, a taxa de queda do humor diminui em [20,40] e os efeitos de melhoria do humor aumentam em [30,50]%.",,Nenhum,Preferences,Preferências,t7_img_0039_06_01.webp,
https://github.com/fantasfor/Soulmask/blob/main/Talentos/IconesTalentos/t7_img_0040_06_01.webp?raw=true,Love communal living,Uma predileção por vida em comunidade,"Passionate about communal living and gains 60 Mood when there are more than 10 people in the tribe. For the next 15 minutes, the rate of mood decline decreases by 70%, and mood-improvement effects increase by 125%. (During this time, it can lead to a state of elation.)","Apaixonado por vida em comunidade e ganha 60 de Humor quando há mais de 10 pessoas na tribo. Pelos próximos 15 minutos, a taxa de queda do humor diminui em 70% e os efeitos de melhoria do humor aumentam em 125%. (Durante este período, é possível alcançar um estado de euforia.)",,Nenhum,Preferences,Preferências,t7_img_0040_06_01.webp,
https://github.com/fantasfor/Soulmask/blob/main/Talentos/IconesTalentos/t7_img_0041_06_01.webp?raw=true,Likes outstanding leaders,Gosta de líderes excepcionais,"When the leader is of purple or higher quality, the barbarian gains [20,40] Mood. For the next 15 minutes, the rate of mood decline decreases by [30,50]% and mood-improvement effects increase by [75,100]%.","Quando o líder é de qualidade roxa ou superior, o selvagem ganha 40 de Humor. Pelos próximos 15 minutos, a taxa de queda do humor diminui em [20,40] e os efeitos de melhoria do humor aumentam em [30,50]%.",,Nenhum,Preferences,Preferências,t7_img_0041_06_01.webp,
https://github.com/fantasfor/Soulmask/blob/main/Talentos/IconesTalentos/t7_img_0042_06_01.webp?raw=true,Love outstanding leaders,Uma predileção por líderes excepcionais,"When the leader is of purple or higher quality, the barbarian gains 60 Mood. For the next 15 minutes, the rate of mood decline decreases by 70% and mood-improvement effects increase by 125%. (During this time, it can lead to a state of elation.)","Quando o líder é de qualidade roxa ou superior, o selvagem ganha 60 de Humor. Pelos próximos 15 minutos, a taxa de queda do humor diminui em 70% e os efeitos de melhoria do humor aumentam em 125%. (Durante este período, é possível alcançar um estado de euforia.)",,Nenhum,Preferences,Preferências,t7_img_0042_06_01.webp,
https://github.com/fantasfor/Soulmask/blob/main/Talentos/IconesTalentos/t7_img_0043_06_01.webp?raw=true,Likes alpaca and llama,Gosto por Alpacas e Lhamas,"Loves being around alpacas or llamas. Gains [20,40] Mood periodically when there's an alpaca or llama nearby. For the next 15 minutes, the rate of mood decline decreases by [30,50]%, and mood-improvement effects increase by [75,100]%.","Fica feliz com a presença de alpacas ou lhamas. A cada intervalo ganha 40 pontos de humor e, por 15 minutos, a taxa de queda de humor é reduzida em [20,40]. Ao ganhar humor, o ganho é aumentado em [30,50]%.",,Nenhum,Preferences,Preferências,t7_img_0043_06_01.webp,
https://github.com/fantasfor/Soulmask/blob/main/Talentos/IconesTalentos/t7_img_0044_06_01.webp?raw=true,Loves alpaca and llama,Amor por Alpacas e Lhamas,"Loves being around alpacas or llamas. Gains 60 Mood periodically when there's an alpaca or llama nearby. For the next 15 minutes, the rate of mood decline decreases by 70%, and mood-improvement effects increase by 125%. (Leads to a state of elation.)","Ama alpacas e lhamas. Quando estiver perto delas, ganha 60 pontos de humor a cada intervalo e, por 15 minutos, a taxa de queda de humor é reduzida em 70%. Ao ganhar humor, o ganho é aumentado em 125%. (Durante este período, é possível alcançar um estado de euforia.)",,Nenhum,Preferences,Preferências,t7_img_0044_06_01.webp,
https://github.com/fantasfor/Soulmask/blob/main/Talentos/IconesTalentos/t7_img_0045_06_01.webp?raw=true,Likes to be by water,Gosta de estar perto da água,"Likes to be by water and gains [20,40] Mood when living near a water body. For the next 15 minutes, the rate of mood decline decreases by [30,50]%, and mood-improvement effects increase by [75,100]%.","Gosta de estar perto da água e ganha 40 de Humor ao viver perto de um corpo d'água. Pelos próximos 15 minutos, a taxa de queda do humor diminui em [20,40] e os efeitos de melhoria do humor aumentam em [30,50]%.",,Nenhum,Preferences,Preferências,t7_img_0045_06_01.webp,
https://github.com/fantasfor/Soulmask/blob/main/Talentos/IconesTalentos/t7_img_0047_06_01.webp?raw=true,Likes mild cold,Gosta de frio ameno,"A special physiological response to mild cold that gives [20,40] Mood. For the next 15 minutes, the rate of mood decline decreases by [30,50]%, and mood-improvement effects increase by [75,100]%.","Uma resposta fisiológica especial ao frio ameno que dá 40 de Humor. Pelos próximos 15 minutos, a taxa de queda do humor diminui em [20,40] e os efeitos de melhoria do humor aumentam em [30,50]%.",,Nenhum,Preferences,Preferências,t7_img_0047_06_01.webp,
https://github.com/fantasfor/Soulmask/blob/main/Talentos/IconesTalentos/t7_img_0048_06_01.webp?raw=true,Love mild cold,Uma predileção por frio ameno,"Due to a special preference, gains 60 Mood when feeling the mild cold. For the next 15 minutes, the rate of mood decline decreases by 70%, and mood-improvement effects increase by 125%. (During this time, it can lead to a state of elation.)","Devido a uma preferência especial, ganha 60 de Humor ao sentir o frio ameno. Pelos próximos 15 minutos, a taxa de queda do humor diminui em 70% e os efeitos de melhoria do humor aumentam em 125%. (Durante este período, é possível alcançar um estado de euforia.)",,Nenhum,Preferences,Preferências,t7_img_0048_06_01.webp,
https://github.com/fantasfor/Soulmask/blob/main/Talentos/IconesTalentos/t7_img_0049_06_01.webp?raw=true,Likes mild heat,Gosta de calor ameno,"A special physiological response to mild heat that gives [20,40] Mood. For the next 15 minutes, the rate of mood decline decreases by [30,50]%, and mood-improvement effects increase by [75,100]%.","Uma resposta fisiológica especial ao calor ameno que dá 40 de Humor. Pelos próximos 15 minutos, a taxa de queda do humor diminui em [20,40] e os efeitos de melhoria do humor aumentam em [30,50]%.",,Nenhum,Preferences,Preferências,t7_img_0049_06_01.webp,
https://github.com/fantasfor/Soulmask/blob/main/Talentos/IconesTalentos/t7_img_0050_06_01.webp?raw=true,Love mild heat,Uma predileção por calor ameno,"Due to a special preference, gains 60 Mood when feeling the mild heat. For the next 15 minutes, the rate of mood decline decreases by 70%, and mood-improvement effects increase by 125%. (During this time, it can lead to a state of elation.)","Devido a uma preferência especial, ganha 60 de Humor ao sentir o calor ameno. Pelos próximos 15 minutos, a taxa de queda do humor diminui em 70% e os efeitos de melhoria do humor aumentam em 125%. (Durante este período, é possível alcançar um estado de euforia.)",,Nenhum,Preferences,Preferências,t7_img_0050_06_01.webp,
https://github.com/fantasfor/Soulmask/blob/main/Talentos/IconesTalentos/t7_img_0051_06_01.webp?raw=true,Likes comfortable temperatures,Gosta de temperaturas confortáveis,"Gains [20,40] Mood when enjoying pleasant weather. For the next 15 minutes, the rate of mood decline decreases by [30,50]%, and mood-improvement effects increase by [75,100]%.","Ganha 40 de Humor ao desfrutar de temperaturas confortáveis. Pelos próximos 15 minutos, a taxa de queda do humor diminui em [20,40] e os efeitos de melhoria do humor aumentam em [30,50]%.",,Nenhum,Preferences,Preferências,t7_img_0051_06_01.webp,
https://github.com/fantasfor/Soulmask/blob/main/Talentos/IconesTalentos/t7_img_0052_06_01.webp?raw=true,Love comfortable temperatures,Uma predileção por temperaturas confortáveis,"Passionate about comfortable temperatures. When in such environments, mood increases by 60. For the next 15 minutes, the rate of mood decline decreases by 70%, and mood-improvement effects increase by 125%. (During this time, it can lead to a state of elation.)","Apaixonado por temperaturas confortáveis. Quando nesses ambientes, o humor aumenta em 60. Pelos próximos 15 minutos, a taxa de queda do humor diminui em 70% e os efeitos de melhoria do humor aumentam em 125%. (Durante este período, é possível alcançar um estado de euforia.)",,Nenhum,Preferences,Preferências,t7_img_0052_06_01.webp,
https://github.com/fantasfor/Soulmask/blob/main/Talentos/IconesTalentos/t7_img_0053_06_01.webp?raw=true,Likes the cold,Gosta de frio,"A special physiological response to cold that gives [20,40] Mood. For the next 15 minutes, the rate of mood decline decreases by [30,50]%, and mood-improvement effects increase by [75,100]%.","Uma resposta fisiológica especial ao frio que dá 40 de Humor. Pelos próximos 15 minutos, a taxa de queda do humor diminui em [20,40] e os efeitos de melhoria do humor aumentam em [30,50]%.",,Nenhum,Preferences,Preferências,t7_img_0053_06_01.webp,
https://github.com/fantasfor/Soulmask/blob/main/Talentos/IconesTalentos/t7_img_0054_06_01.webp?raw=true,Love the cold,Uma predileção por frio,"Due to a special preference, gains 60 Mood when feeling the cold. For the next 15 minutes, the rate of mood decline decreases by 70%, and mood-improvement effects increase by 125%. (During this time, it can lead to a state of elation.)","Devido a uma preferência especial, ganha 60 de Humor ao sentir frio. Pelos próximos 15 minutos, a taxa de queda do humor diminui em 70% e os efeitos de melhoria do humor aumentam em 125%. (Durante este período, é possível alcançar um estado de euforia.)",,Nenhum,Preferences,Preferências,t7_img_0054_06_01.webp,
https://github.com/fantasfor/Soulmask/blob/main/Talentos/IconesTalentos/t7_img_0056_06_01.webp?raw=true,Love scorching heat,Uma predileção por calor escaldante,"Due to a special preference, gains 60 Mood when feeling the scorching heat. For the next 15 minutes, the rate of mood decline decreases by 70%, and mood-improvement effects increase by 125%. (During this time, it can lead to a state of elation.)","Devido a uma preferência especial, ganha 60 de Humor ao sentir o calor escaldante. Pelos próximos 15 minutos, a taxa de queda do humor diminui em 70% e os efeitos de melhoria do humor aumentam em 125%. (Durante este período, é possível alcançar um estado de euforia.)",,Nenhum,Preferences,Preferências,t7_img_0056_06_01.webp,
https://github.com/fantasfor/Soulmask/blob/main/Talentos/IconesTalentos/t7_img_0057_06_01.webp?raw=true,Likes legendary leaders,Gosta de líderes lendários,"When the leader is of red or higher quality, the barbarian gains [20,40] Mood. For the next 15 minutes, the rate of mood decline decreases by [30,50]% and mood-improvement effects increase by [75,100]%.","Quando o líder é de qualidade vermelha ou superior, o selvagem ganha 40 de Humor. Pelos próximos 15 minutos, a taxa de queda do humor diminui em [20,40] e os efeitos de melhoria do humor aumentam em [30,50]%.",,Nenhum,Preferences,Preferências,t7_img_0057_06_01.webp,
https://github.com/fantasfor/Soulmask/blob/main/Talentos/IconesTalentos/t7_img_0058_06_01.webp?raw=true,Love legendary leaders,Uma predileção por líderes lendários,"When the leader is of red quality, the barbarian gains 60 Mood. For the next 15 minutes, the rate of mood decline decreases by 70% Mood-improvement effects increase by 125%. (During this time, it can lead to a state of elation.)","Quando o líder é de qualidade vermelha ou superior, o selvagem ganha 60 de Humor. Pelos próximos 15 minutos, a taxa de queda do humor diminui em 70% e os efeitos de melhoria do humor aumentam em 125%. (Durante este período, é possível alcançar um estado de euforia.)",,Nenhum,Preferences,Preferências,t7_img_0058_06_01.webp,
https://github.com/fantasfor/Soulmask/blob/main/Talentos/IconesTalentos/t7_img_0059_06_01.webp?raw=true,Likes panther,Gosta de leopardos,"Feels elated when there's a panther nearby and gains [20,40] Mood at a fixed interval. For the next 15 minutes, the rate of mood decline decreases by [30,50]%, and mood-improvement effects increase by [75,100]%.","Sente-se alegre ao estar próximo de leopardos, recebendo 40 pontos de Humor a cada intervalo de tempo. Por 15 minutos, a taxa de queda de Humor é reduzida em [20,40] e os pontos de Humor adquiridos aumentam em [30,50]%.",,Nenhum,Preferences,Preferências,t7_img_0059_06_01.webp,
https://github.com/fantasfor/Soulmask/blob/main/Talentos/IconesTalentos/t7_img_0060_06_01.webp?raw=true,Passionate about panther,Adora leopardos,"Loves panthers in particular and gains 60 Mood at a fixed interval when there's a panther nearby. For the next 15 minutes, the rate of mood decline decreases by 70%, and mood-improvement effects increase by 125%. (During this time, it can lead to a state of elation.)","Sente uma grande afeição por leopardos, recebendo 60 pontos de Humor a cada intervalo de tempo na presença deles. Além disso, durante 15 minutos, a taxa de queda de Humor diminui em 70% e os pontos de Humor adquiridos aumentam em 125%. (Durante este período, é possível alcançar um estado de euforia.)",,Nenhum,Preferences,Preferências,t7_img_0060_06_01.webp,
https://github.com/fantasfor/Soulmask/blob/main/Talentos/IconesTalentos/t7_img_0061_06_01.webp?raw=true,Likes parrot,Gosta de papagaios,"Feels elated when there's a parrot nearby and gains [20,40] Mood at a fixed interval. For the next 15 minutes, the rate of mood decline decreases by [30,50]%, and mood-improvement effects increase by [75,100]%.","Sente-se alegre ao estar próximo de papagaios, recebendo 40 pontos de Humor a cada intervalo de tempo. Por 15 minutos, a taxa de queda de Humor é reduzida em [20,40] e os pontos de Humor adquiridos aumentam em [30,50]%.",,Nenhum,Preferences,Preferências,t7_img_0061_06_01.webp,
https://github.com/fantasfor/Soulmask/blob/main/Talentos/IconesTalentos/t7_img_0062_06_01.webp?raw=true,Passionate about parrot,Adora papagaios,"Gets captivated by the alluring parrots, and gains 60 Mood at a fixed interval when there's a parrot nearby. For the next 15 minutes, the rate of mood decline decreases by 70%, and mood-improvement effects increase by 125%. (During this time, it can lead to a state of elation.)","Papagaios são criaturas exuberantes e fascinantes. Na presença deles, recebe 60 pontos de Humor a cada intervalo de tempo. Além disso, durante 15 minutos, a taxa de queda de Humor diminui em 70% e os pontos de Humor adquiridos aumentam em 125%. (Durante este período, é possível alcançar um estado de euforia.)",,Nenhum,Preferences,Preferências,t7_img_0062_06_01.webp,
https://github.com/fantasfor/Soulmask/blob/main/Talentos/IconesTalentos/t7_img_0063_06_01.webp?raw=true,Likes monkey,Gosta de macacos,"Gains [20,40] Mood at a fixed interval when there's a monkey nearby. For the next 15 minutes, the rate of mood decline decreases by [30,50]%, and mood-improvement effects increase by [75,100]%.","Sente-se alegre ao estar próximo de macacos, recebendo 40 pontos de Humor a cada intervalo de tempo. Por 15 minutos, a taxa de queda de Humor é reduzida em [20,40] e os pontos de Humor adquiridos aumentam em [30,50]%.",,Nenhum,Preferences,Preferências,t7_img_0063_06_01.webp,
https://github.com/fantasfor/Soulmask/blob/main/Talentos/IconesTalentos/t7_img_0064_06_01.webp?raw=true,Passionate about monkey,Adora macacos,"Always amused by funny monkeys, and gains 60 Mood at a fixed interval when there's a monkey nearby. For the next 15 minutes, the rate of mood decline decreases by 70%, and mood-improvement effects increase by 125%. (During this time, it can lead to a state of elation.)","Macacos são criaturas engraçadas e divertidas. Na presença deles, recebe 60 pontos de Humor a cada intervalo de tempo. Além disso, durante 15 minutos, a taxa de queda de Humor diminui em 70% e os pontos de Humor adquiridos aumentam em 125%. (Durante este período, é possível alcançar um estado de euforia.)",,Nenhum,Preferences,Preferências,t7_img_0064_06_01.webp,
https://github.com/fantasfor/Soulmask/blob/main/Talentos/IconesTalentos/t7_img_0065_06_01.webp?raw=true,Likes ostrich,Gosta de avestruzes,"Feels elated when there's an ostrich nearby and gains [20,40] Mood at a fixed interval. For the next 15 minutes, the rate of mood decline decreases by [30,50]%, and mood-improvement effects increase by [75,100]%.","Sente-se alegre ao estar próximo de avestruzes, recebendo 40 pontos de Humor a cada intervalo de tempo. Por 15 minutos, a taxa de queda de Humor é reduzida em [20,40] e os pontos de Humor adquiridos aumentam em [30,50]%.",,Nenhum,Preferences,Preferências,t7_img_0065_06_01.webp,
https://github.com/fantasfor/Soulmask/blob/main/Talentos/IconesTalentos/t7_img_0066_06_01.webp?raw=true,Passionate about ostrich,Adora avestruzes,"Loves ostrich in particular and gains 60 Mood at a fixed interval when there's an ostrich nearby. For the next 15 minutes, the rate of mood decline decreases by 70%, and mood-improvement effects increase by 125%. (During this time, it can lead to a state of elation.)","Sente uma grande afeição por avestruzes, recebendo 60 pontos de Humor a cada intervalo de tempo na presença deles. Além disso, durante 15 minutos, a taxa de queda de Humor diminui em 70% e os pontos de Humor adquiridos aumentam em 125%. (Durante este período, é possível alcançar um estado de euforia.)",,Nenhum,Preferences,Preferências,t7_img_0066_06_01.webp,
https://github.com/fantasfor/Soulmask/blob/main/Talentos/IconesTalentos/t7_img_0068_06_01.webp?raw=true,Loves defecation,Adora defecar,"Due to a special preference, feels satisfied and gains 60 Mood when defecating. For the next 15 minutes, the rate of mood decline decreases by 70%, and mood-improvement effects increase by 125%. (During this time, it can lead to a state of elation.)","Sente um prazer especial ao defecar, ganhando 60 pontos de humor ao fazê-lo. Por 15 minutos, a taxa de queda de Humor é reduzida em 70% e os pontos de Humor adquiridos aumentam em 125%. (Durante este período, é possível alcançar um estado de euforia.)",,Nenhum,Preferences,Preferências,t7_img_0068_06_01.webp,
https://github.com/fantasfor/Soulmask/blob/main/Talentos/IconesTalentos/t7_img_0069_06_01.webp?raw=true,Unusual liking,Gostos Peculiares,"How come it's liked this way? Being covered in feces adds to the excitement; gains 20 Mood when consuming it, and for the next 15 minutes, the rate of mood decline decreases by 30%, and mood-improvement effects increase by 75%. (During this time, it can lead to a state of elation.)","O que é isso? Como alguém consegue gostar desse cheiro? Ficar coberto de fezes deixa você mais animado. Ao consumir, ganha 20 pontos de humor e a taxa de queda do humor diminui em 30% por 15 minutos, com um aumento de 75% ao ganhar pontos de humor.",,Nenhum,Preferences,Preferências,t7_img_0069_06_01.webp,
https://github.com/fantasfor/Soulmask/blob/main/Talentos/IconesTalentos/t7_img_0070_06_01.webp?raw=true,Yummy!,Esse cheiro mesmo,"Yeah, this flavor is the one - insanely stimulating and totally addictive. Being covered in feces adds to the excitement; gains 40 Mood when consuming it, and for the next 15 minutes, the rate of mood decline decreases by 50%, and mood-improvement effects increase by 100%.","Hmm, esse cheiro... Estimulante, mas também inebriante. Ficar coberto de fezes deixa você mais animado. Ao consumir, ganha 40 pontos de humor e a taxa de queda do humor diminui em 50% por 15 minutos, com um aumento de 100% ao ganhar pontos de humor.",,Nenhum,Preferences,Preferências,t7_img_0070_06_01.webp,
https://github.com/fantasfor/Soulmask/blob/main/Talentos/IconesTalentos/t7_img_0071_06_01.webp?raw=true,Terrifying Hobbies,Gostos Macabros,"The taste is hard to talk about, yet irresistible. Being covered in feces adds to the excitement; gains 60 Mood when consuming it, and for the next 15 minutes, the rate of mood decline decreases by 70%, and mood-improvement effects increase by 125%. (During this time, it can lead to a state of elation.)","Difícil de admitir, mas é irresistível. Ficar coberto de fezes deixa você mais animado. Ao consumir, ganha 60 pontos de humor e a taxa de queda do humor diminui em 70% por 15 minutos, com um aumento de 125% ao ganhar pontos de humor. (Durante este período, é possível alcançar um estado de euforia.)",,Nenhum,Preferences,Preferências,t7_img_0071_06_01.webp,
https://github.com/fantasfor/Soulmask/blob/main/Talentos/IconesTalentos/t11_img_0001_06_01.webp?raw=true,Aversion to staple food,Aversão a alimentos básicos,"Feels nauseous and loses [2,4] Mood when consuming staple food. For the next 5 minutes, the rate of mood decline increases by [50,75]%, and mood-improving effects decrease by [20,40]%.","Sente náuseas e perde 2 de Humor ao consumir alimentos básicos. Pelos próximos 5 minutos, a taxa de queda do humor aumenta em [2,4] e os efeitos de melhoria do humor diminuem em [50,75]%.",,Nenhum,Preferences,Preferências,t11_img_0001_06_01.webp,
https://github.com/fantasfor/Soulmask/blob/main/Talentos/IconesTalentos/t11_img_0002_06_01.webp?raw=true,Dislikes staple food,Não gosta de alimentos básicos,"Feels nauseous and loses 6 Mood when consuming staple food. For the next 5 minutes, the rate of mood decline increases by 100%, and mood-improving effects decrease by 60%. (In the duration, enters a state of melancholy)","Sente náuseas e perde 6 de Humor ao consumir alimentos básicos. Pelos próximos 5 minutos, a taxa de queda do humor aumenta em 100%, e os efeitos de melhoria do humor diminuem em 60%. (Neste período, entra em um estado de melancolia.)",,Nenhum,Preferences,Preferências,t11_img_0002_06_01.webp,
https://github.com/fantasfor/Soulmask/blob/main/Talentos/IconesTalentos/t11_img_0003_06_01.webp?raw=true,Aversion to meat,Aversão à carne,"Eating meat lowers [2,4] Mood. For the next 5 minutes, the rate of mood decline increases by [50,75]%, and mood-improving effects decrease by [20,40]%.","Comer carne diminui 2 de Humor. Pelos próximos 5 minutos, a taxa de queda do humor aumenta em [2,4], e os efeitos de melhoria do humor diminuem em [50,75]%.",,Nenhum,Preferences,Preferências,t11_img_0003_06_01.webp,
https://github.com/fantasfor/Soulmask/blob/main/Talentos/IconesTalentos/t11_img_0004_06_01.webp?raw=true,Dislikes meat,Não gosta de carne,"Eating meat lowers 6 Mood. For the next 5 minutes, the rate of mood decline increases by 100%, and mood-improving effects decrease by 60%. (In the duration, enters a state of melancholy)","Comer carne diminui 6 de Humor. Pelos próximos 5 minutos, a taxa de queda do humor aumenta em 100%, e os efeitos de melhoria do humor diminuem em 60%. (Neste período, entra em um estado de melancolia.)",,Nenhum,Preferences,Preferências,t11_img_0004_06_01.webp,
https://github.com/fantasfor/Soulmask/blob/main/Talentos/IconesTalentos/t11_img_0005_06_01.webp?raw=true,Aversion to sauced meat,Aversão à carne ao molho,"Eating sauced meat lowers [2,4] Mood. For the next 5 minutes, the rate of mood decline increases by [50,75]%, and mood-improving effects decrease by [20,40]%.","Comer carne ao molho diminui 2 de Humor. Pelos próximos 5 minutos, a taxa de queda do humor aumenta em [2,4] e os efeitos de melhoria do humor diminuem em [50,75]%.",,Nenhum,Preferences,Preferências,t11_img_0005_06_01.webp,
https://github.com/fantasfor/Soulmask/blob/main/Talentos/IconesTalentos/t11_img_0007_06_01.webp?raw=true,Aversion to tomatoes,Aversão a tomates,"Eating tomatoes lowers [2,4] Mood. For the next 5 minutes, the rate of mood decline increases by [50,75]%, and mood-improving effects decrease by [20,40]%.","Comer tomates diminui 2 de Humor. Pelos próximos 5 minutos, a taxa de queda do humor aumenta em [2,4] e os efeitos de melhoria do humor diminuem em [50,75]%.",,Nenhum,Preferences,Preferências,t11_img_0007_06_01.webp,
https://github.com/fantasfor/Soulmask/blob/main/Talentos/IconesTalentos/t11_img_0008_06_01.webp?raw=true,Dislikes tomatoes,Não gosta de tomates,"Eating tomatoes lowers 6 Mood. For the next 5 minutes, the rate of mood decline increases by 100%, and mood-improving effects decrease by 60%. (In the duration, enters a state of melancholy)","Comer tomates diminui 6 de Humor. Pelos próximos 5 minutos, a taxa de queda do humor aumenta em 100% e os efeitos de melhoria do humor diminuem em 60%. (Neste período, entra em um estado de melancolia.)",,Nenhum,Preferences,Preferências,t11_img_0008_06_01.webp,
https://github.com/fantasfor/Soulmask/blob/main/Talentos/IconesTalentos/t11_img_0009_06_01.webp?raw=true,Aversion to fruits & vegetables,Aversão a frutas e vegetais,"Eating fruits or vegetables lowers [2,4] Mood. For the next 5 minutes, the rate of mood decline increases by [50,75]%, and mood-improving effects decrease by [20,40]%.","Comer frutas ou vegetais diminui 2 de Humor. Pelos próximos 5 minutos, a taxa de queda do humor aumenta em [2,4] e os efeitos de melhoria do humor diminuem em [50,75]%.",,Nenhum,Preferences,Preferências,t11_img_0009_06_01.webp,
https://github.com/fantasfor/Soulmask/blob/main/Talentos/IconesTalentos/t11_img_0010_06_01.webp?raw=true,Dislikes fruits & vegetables,Não gosta de frutas e vegetais,"Eating fruits or vegetables lowers 6 Mood. For the next 5 minutes, the rate of mood decline increases by 100%, and mood-improving effects decrease by 60%. (In the duration, enters a state of melancholy)","Comer frutas ou vegetais diminui 6 de Humor. Pelos próximos 5 minutos, a taxa de queda do humor aumenta em 100% e os efeitos de melhoria do humor diminuem em 60%. (Neste período, entra em um estado de melancolia.)",,Nenhum,Preferences,Preferências,t11_img_0010_06_01.webp,
https://github.com/fantasfor/Soulmask/blob/main/Talentos/IconesTalentos/t11_img_0011_06_01.webp?raw=true,Aversion to tobacco,Aversão ao tabaco,"Feels aversion to tobacco and Mood drops by [2,4] when smoking. For the next 5 minutes, the rate of mood decline increases by [50,75]% and mood-improvement effects decrease by [20,40]%.","Sente aversão ao tabaco e o Humor diminui 2 ao fumar. Pelos próximos 5 minutos, a taxa de queda do humor aumenta em [2,4] e os efeitos de melhoria do humor diminuem em [50,75]%.",,Nenhum,Preferences,Preferências,t11_img_0011_06_01.webp,
https://github.com/fantasfor/Soulmask/blob/main/Talentos/IconesTalentos/t11_img_0012_06_01.webp?raw=true,Dislikes tobacco,Não gosta do tabaco,"Dislikes the scent of tobacco and Mood drops by 6 when smoking. For the next 5 minutes, the rate of mood decline increases by 100% and mood-improvement effects decrease by 60%. (In the duration, enters a state of melancholy)","Não gosta do cheiro do tabaco e o Humor diminui 6 ao fumar. Pelos próximos 5 minutos, a taxa de queda do humor aumenta em 100% e os efeitos de melhoria do humor diminuem em 60%. (Neste período, entra em um estado de melancolia.)",,Nenhum,Preferences,Preferências,t11_img_0012_06_01.webp,
https://github.com/fantasfor/Soulmask/blob/main/Talentos/IconesTalentos/t11_img_0013_06_01.webp?raw=true,Aversion to alcohol,Aversão ao álcool,"Dislike of alcohol causes mood to drop by [2,4] when drinking. For the next 5 minutes, the rate of mood decline increases by [50,75]% and Mood gain decreases by [20,40]%.","Aversão ao álcool que faz com que o Humor diminua em 2 ao beber. Pelos próximos 5 minutos, a taxa de queda do humor aumenta em [2,4] e o ganho de Humor diminui em [50,75]%.",,Nenhum,Preferences,Preferências,t11_img_0013_06_01.webp,
https://github.com/fantasfor/Soulmask/blob/main/Talentos/IconesTalentos/t11_img_0014_06_01.webp?raw=true,Dislikes alcohol,Não gosta de álcool,"Extremely sensitive to the scent of alcohol, Mood drops by 6 when drinking. For the next 5 minutes, the rate of mood decline increases by 100% and mood-improvement effects decrease by 60%. (In the duration, enters a state of melancholy)","Extremamente sensível ao cheiro do álcool, o Humor diminui em 6 ao beber. Pelos próximos 5 minutos, a taxa de queda do humor aumenta em 100% e os efeitos de melhoria do humor diminuem em 60%.(Neste período, entra em um estado de melancolia.)",,Nenhum,Preferences,Preferências,t11_img_0014_06_01.webp,
https://github.com/fantasfor/Soulmask/blob/main/Talentos/IconesTalentos/t11_img_0016_06_01.webp?raw=true,Dislikes sunny days,Não gosta de dias ensolarados,"Feels aversion to sunlight and Mood drops by 6 in sunny days. For the next 5 minutes, the rate of mood decline increases by 100% and mood-improvement effects decrease by 60% (In the duration, enters a state of melancholy).","O tempo ensolarado causa desconforto, diminuindo 6 de Humor em dias ensolarados. Pelos próximos 5 minutos, a taxa de queda do humor aumenta em 100%, e os efeitos de melhoria do humor diminuem em 60%. (Neste período, entra em um estado de melancolia.)",,Nenhum,Preferences,Preferências,t11_img_0016_06_01.webp,
https://github.com/fantasfor/Soulmask/blob/main/Talentos/IconesTalentos/t11_img_0017_06_01.webp?raw=true,Aversion to Rain,Aversão a dias chuvosos,"Get irritated in rainy days and Mood drops by [2,4] when it rains. For the next 5 minutes, the rate of mood decline increases by [50,75]% and mood-improvement effects decrease by [20,40]%.","O tempo chuvoso causa irritação, diminuindo 2 pontos de Humor em dias chuvosos. Pelos próximos 5 minutos, a taxa de queda do humor aumenta em [2,4], e os efeitos de melhoria do humor diminuem em [50,75]%.",,Nenhum,Preferences,Preferências,t11_img_0017_06_01.webp,
https://github.com/fantasfor/Soulmask/blob/main/Talentos/IconesTalentos/t11_img_0019_06_01.webp?raw=true,Aversion to Snow,Aversão a dias de neve,"Feels aversion to everything in snowy days and Mood drops by [2,4] when it snows. For the next 5 minutes, the rate of mood decline increases by [50,75]% and mood-improvement effects decrease by [20,40]%.","Tudo relacionado a dias de neve é irritante, diminuindo 2 pontos de Humor em dias com neve. Pelos próximos 5 minutos, a taxa de queda do humor aumenta em [2,4], e os efeitos de melhoria do humor diminuem em [50,75]%.",,Nenhum,Preferences,Preferências,t11_img_0019_06_01.webp,
https://github.com/fantasfor/Soulmask/blob/main/Talentos/IconesTalentos/t11_img_0020_06_01.webp?raw=true,Dislikes snow,Não gosta de dias de neve,"Feels aversion to everything in snowy days and Mood drops by 6 when it snows. For the next 5 minutes, the rate of mood decline increases by 100%, and mood-improvement effects decrease by 60%. (In the duration, enters a state of melancholy)","Tudo relacionado a dias de neve é irritante, diminuindo 6 pontos de Humor em dias com neve. Pelos próximos 5 minutos, a taxa de queda do humor aumenta em 100%, e os efeitos de melhoria do humor diminuem em 60%. (Neste período, entra em um estado de melancolia.)",,Nenhum,Preferences,Preferências,t11_img_0020_06_01.webp,
https://github.com/fantasfor/Soulmask/blob/main/Talentos/IconesTalentos/t11_img_0021_06_01.webp?raw=true,Aversion to dancing,Desgosto pela dança,"Feels aversion to dancing due to uncoordinated limbs, and loses [2,4] Mood when dancing. For the next 5 minutes, the rate of mood decline increases by [50,75]% and mood-improvement effects decrease by [20,40]%.","Não gosta de dançar por falta de coordenação motora. Perde 2 pontos de Humor ao dançar. Por 5 minutos, a taxa de queda de Humor é aumentada em [2,4] e os pontos de Humor adquiridos reduzem em [50,75]%.",,Nenhum,Preferences,Preferências,t11_img_0021_06_01.webp,
https://github.com/fantasfor/Soulmask/blob/main/Talentos/IconesTalentos/t11_img_0022_06_01.webp?raw=true,Dislikes dancing,Aversão à dança,"Hates dancing due to uncoordinated limbs, and loses 6 Mood when dancing. For the next 5 minutes, the rate of mood decline increases by 100%, and mood-improvement effects decrease by 60%. (In the duration, enters a state of melancholy)","Odeia dançar por falta de coordenação motora. Perde 6 pontos de Humor ao dançar. Por 5 minutos, a taxa de queda de Humor é aumentada em 100% e os pontos de Humor adquiridos reduzem em 60%. (Neste período, entra em um estado de melancolia.)",,Nenhum,Preferences,Preferências,t11_img_0022_06_01.webp,
https://github.com/fantasfor/Soulmask/blob/main/Talentos/IconesTalentos/t11_img_0023_06_01.webp?raw=true,Aversion to Baths,Aversão a banhos,"Feels aversion to baths and Mood drops by [2,4] when having a bath. For the next 5 minutes, the rate of mood decline increases by [50,75]% and mood-improvement effects decrease by [20,40]%.","Sente aversão a banhos, o Humor cai em 2 ao tomar banho. Pelos próximos 5 minutos, a taxa de queda do humor aumenta em [2,4] e os efeitos de melhoria do humor diminuem em [50,75]%.",,Nenhum,Preferences,Preferências,t11_img_0023_06_01.webp,
https://github.com/fantasfor/Soulmask/blob/main/Talentos/IconesTalentos/t11_img_0025_06_01.webp?raw=true,Aversion to leather gear,Aversão a equipamentos de couro,"Loses [2,4] Mood when equipped with leather gear. For the next 5 minutes, the rate of mood decline increases by [50,75]% and mood-improvement effects decrease by [20,40]%.","Perde 2 de Humor ao equipar equipamentos de couro. Pelos próximos 5 minutos, a taxa de queda do humor aumenta em [2,4] e os efeitos de melhoria do humor diminuem em [50,75]%.",,Nenhum,Preferences,Preferências,t11_img_0025_06_01.webp,
https://github.com/fantasfor/Soulmask/blob/main/Talentos/IconesTalentos/t11_img_0026_06_01.webp?raw=true,Dislikes leather gear,Não gosta de equipamentos de couro,"Loses 6 Mood when equipped with leather gear. For the next 5 minutes, the rate of mood decline increases by 100% and mood-improvement effects decrease by 60%. (In the duration, enters a state of melancholy)","Perde 6 de Humor ao equipar equipamentos de couro. Pelos próximos 5 minutos, a taxa de queda do humor aumenta em 100% e os efeitos de melhoria do humor diminuem em 60%. (Neste período, entra em um estado de melancolia.)",,Nenhum,Preferences,Preferências,t11_img_0026_06_01.webp,
https://github.com/fantasfor/Soulmask/blob/main/Talentos/IconesTalentos/t11_img_0027_06_01.webp?raw=true,Aversion to bone weapons,Aversão a armas de osso,"Loses [2,4] Mood when equipped with bone weapons. For the next 5 minutes, the rate of mood decline increases by [50,75]% and mood-improvement effects decrease by [20,40]%.","Perde 2 de Humor ao equipar armas de osso. Pelos próximos 5 minutos, a taxa de queda do humor aumenta em [2,4] e os efeitos de melhoria do humor diminuem em [50,75]%.",,Nenhum,Preferences,Preferências,t11_img_0027_06_01.webp,
https://github.com/fantasfor/Soulmask/blob/main/Talentos/IconesTalentos/t11_img_0028_06_01.webp?raw=true,Dislikes bone weapons,Não gosta de armas de osso,"Loses 6 Mood when equipped with bone weapons. For the next 5 minutes, the rate of mood decline increases by 100% and mood-improvement effects decrease by 60%. (In the duration, enters a state of melancholy)","Perde 6 de Humor ao equipar armas de osso. Pelos próximos 5 minutos, a taxa de queda do humor aumenta em 100% e os efeitos de melhoria do humor diminuem em 60%. (Neste período, entra em um estado de melancolia.)",,Nenhum,Preferences,Preferências,t11_img_0028_06_01.webp,
https://github.com/fantasfor/Soulmask/blob/main/Talentos/IconesTalentos/t11_img_0029_06_01.webp?raw=true,Aversion to cloth gear,Aversão a trajes de pano,"Feels aversion to low-quality costumes and Mood drops by [2,4] when equipped with cloth gear. For the next 5 minutes, the rate of mood decline increases by [50,75]% and mood-improvement effects decrease by [20,40]%.","Sente aversão ao tabaco e o Humor diminui 2 ao fumar. Pelos próximos 5 minutos, a taxa de queda do humor aumenta em [2,4] e os efeitos de melhoria do humor diminuem em [50,75]%.",,Nenhum,Preferences,Preferências,t11_img_0029_06_01.webp,
https://github.com/fantasfor/Soulmask/blob/main/Talentos/IconesTalentos/t11_img_0031_06_01.webp?raw=true,Aversion to stone weapons,Aversão a armas de pedra,"Dislikes poorly made weapons. Mood drops by [2,4] when equipped with stone weapons. For the next 5 minutes, the rate of mood decline increases by [50,75]% and Mood gain decreases by [20,40]%.","Não gosta de armas rudimentares. Perde 2 de Humor ao equipar armas de pedra. Pelos próximos 5 minutos, a taxa de queda do humor aumenta em [2,4] e o ganho de Humor diminui em [50,75]%.",,Nenhum,Preferences,Preferências,t11_img_0031_06_01.webp,
https://github.com/fantasfor/Soulmask/blob/main/Talentos/IconesTalentos/t11_img_0032_06_01.webp?raw=true,Dislikes stone weapons,Não gosta de armas de pedra,"Dislikes poorly made weapons. Mood drops by 6 when equipped with stone weapons. For the next 5 minutes, the rate of mood decline increases by 100% and Mood gain decreases by 60%. (In the duration, enters a state of melancholy)","Não gosta de armas rudimentares. Perde 6 de Humor ao equipar armas de pedra. Pelos próximos 5 minutos, a taxa de queda do humor aumenta em 100% e o ganho de Humor diminui em 60%. (Neste período, entra em um estado de melancolia.)",,Nenhum,Preferences,Preferências,t11_img_0032_06_01.webp,
https://github.com/fantasfor/Soulmask/blob/main/Talentos/IconesTalentos/t11_img_0033_06_01.webp?raw=true,Aversion to bronze armor,Aversão a armaduras de bronze,"Loses [2,4] Mood when equipped with bronze armor. For the next 5 minutes, the rate of mood decline increases by [50,75]% and mood-improvement effects decrease by [20,40]%.","Perde 2 de Humor ao equipar armaduras de bronze. Pelos próximos 5 minutos, a taxa de queda do humor aumenta em [2,4] e os efeitos de melhoria do humor diminuem em [50,75]%.",,Nenhum,Preferences,Preferências,t11_img_0033_06_01.webp,
https://github.com/fantasfor/Soulmask/blob/main/Talentos/IconesTalentos/t11_img_0034_06_01.webp?raw=true,Dislikes bronze armor,Não gosta de armaduras de bronze,"Loses 6 Mood when equipped with bronze armor. For the next 5 minutes, the rate of mood decline increases by 100% and mood-improvement effects decrease by 60%. (In the duration, enters a state of melancholy)","Perde 6 de Humor ao equipar armaduras de bronze. Pelos próximos 5 minutos, a taxa de queda do humor aumenta em 100% e os efeitos de melhoria do humor diminuem em 60%. (Neste período, entra em um estado de melancolia.)",,Nenhum,Preferences,Preferências,t11_img_0034_06_01.webp,
https://github.com/fantasfor/Soulmask/blob/main/Talentos/IconesTalentos/t11_img_0035_06_01.webp?raw=true,Aversion to bronze weapons,Aversão a armas de bronze,"Loses [2,4] Mood when equipped with bronze weapons. For the next 5 minutes, the rate of mood decline increases by [50,75]% and mood-improvement effects decrease by [20,40]%.","Perde 2 de Humor ao equipar armas de bronze. Pelos próximos 5 minutos, a taxa de queda do humor aumenta em [2,4] e os efeitos de melhoria do humor diminuem em [50,75]%.",,Nenhum,Preferences,Preferências,t11_img_0035_06_01.webp,
https://github.com/fantasfor/Soulmask/blob/main/Talentos/IconesTalentos/t11_img_0037_06_01.webp?raw=true,Aversion to waking up,Aversão a acordar,"Feels down when waking up and loses [2,4] Mood. For the next 5 minutes, the rate of mood decline increases by [50,75]% and mood-improvement effects decrease by [20,40]%.","Fica triste ao acordar e perde 2 de Humor. Pelos próximos 5 minutos, a taxa de queda do humor aumenta em [2,4] e os efeitos de melhoria do humor diminuem em [50,75]%.",,Nenhum,Preferences,Preferências,t11_img_0037_06_01.webp,
https://github.com/fantasfor/Soulmask/blob/main/Talentos/IconesTalentos/t11_img_0038_06_01.webp?raw=true,Dislikes waking up,Não gosta de acordar,"Feels down when waking up and loses 6 Mood. For the next 5 minutes, the rate of mood decline increases by 100% and mood-improvement effects decrease by 60%. (In the duration, enters a state of melancholy)","Fica triste ao acordar e perde 6 de Humor. Pelos próximos 5 minutos, a taxa de queda do humor aumenta em 100% e os efeitos de melhoria do humor diminuem em 60%. (Neste período, entra em um estado de melancolia.)",,Nenhum,Preferences,Preferências,t11_img_0038_06_01.webp,
https://github.com/fantasfor/Soulmask/blob/main/Talentos/IconesTalentos/t11_img_0039_06_01.webp?raw=true,Aversion to communal living,Aversão a viver em comunidade,"Hates being in a tribe with more than 10 people, and Mood drops by [2,4]. For the next 5 minutes, the rate of mood decline increases by [50,75]% and mood-improvement effects decrease by [20,40]%.","Odeia estar em uma tribo com mais de 10 pessoas e perde 2 de Humor. Pelos próximos 5 minutos, a taxa de queda do humor aumenta em [2,4] e os efeitos de melhoria do humor diminuem em [50,75]%.",,Nenhum,Preferences,Preferências,t11_img_0039_06_01.webp,
https://github.com/fantasfor/Soulmask/blob/main/Talentos/IconesTalentos/t11_img_0040_06_01.webp?raw=true,Dislikes communal living,Não gosta de viver em comunidade,"Hates being in a crowded place, Mood drops by 6 when in a tribe with more than 10 members. For the next 5 minutes, the rate of mood decline increases by 100% and mood-improvement effects decrease by 60%. (In the duration, enters a state of melancholy)","Odeia estar em um lugar populoso, perde 6 de Humor quando em uma tribo com mais de 10 membros. Pelos próximos 5 minutos, a taxa de queda do humor aumenta em 100% e os efeitos de melhoria do humor diminuem em 60%. (Neste período, entra em um estado de melancolia.)",,Nenhum,Preferences,Preferências,t11_img_0040_06_01.webp,
https://github.com/fantasfor/Soulmask/blob/main/Talentos/IconesTalentos/t11_img_0041_06_01.webp?raw=true,Aversion to Mediocre Leader,Aversão a líder medíocre,"This barbarian feels aversion and loses [2,4] Mood when led by a leader of Red or lower quality. For the next 5 minutes, the rate of mood decline increases by [50,75]% and mood-improvement effects decrease by [20,40]%.","Este selvagem sente aversão e perde 2 de Humor quando liderado por um líder de qualidade vermelha ou inferior. Pelos próximos 5 minutos, a taxa de queda do humor aumenta em [2,4] e os efeitos de melhoria do humor diminuem em [50,75]%.",,Nenhum,Preferences,Preferências,t11_img_0041_06_01.webp,
https://github.com/fantasfor/Soulmask/blob/main/Talentos/IconesTalentos/t11_img_0042_06_01.webp?raw=true,Dislikes Mediocre Leader,Não gosta de líder medíocre,"This barbarian feels resentful and loses 6 Mood when led by a leader of Red or lower quality. For the next 5 minutes, the rate of mood decline increases by 100% and mood-improvement effects decrease by 60%. (In the duration, enters a state of melancholy)","Este selvagem sente ressentimento e perde 6 de Humor quando liderado por um líder de qualidade vermelha ou inferior. Pelos próximos 5 minutos, a taxa de queda do humor aumenta em 100% e os efeitos de melhoria do humor diminuem em 60%. (Neste período, entra em um estado de melancolia.)",,Nenhum,Preferences,Preferências,t11_img_0042_06_01.webp,
https://github.com/fantasfor/Soulmask/blob/main/Talentos/IconesTalentos/t11_img_0043_06_01.webp?raw=true,Aversion to alpaca and llama,Desgosto por alpacas e lhamas,"Feels aversion to alpacas and llamas, and loses [2,4] Mood when there's an alpaca or llama nearby. For the next 5 minutes, the rate of mood decline increases by [50,75]% and mood-improvement effects decrease by [20,40]%.","Detesta alpacas e lhamas. Quando perto delas, perde 2 pontos de humor a cada intervalo e, por 5 minutos, a taxa de queda de humor aumenta em [2,4]. Ao ganhar humor, o ganho é reduzido em [50,75]%.",,Nenhum,Preferences,Preferências,t11_img_0043_06_01.webp,
https://github.com/fantasfor/Soulmask/blob/main/Talentos/IconesTalentos/t11_img_0044_06_01.webp?raw=true,Extremely dislikes alpaca and llama,Ódio por Alpacas e Lhamas,"Finds everything about alpaca unbearable, and loses 6 Mood when there's an alpaca or llama nearby. For the next 5 minutes, the rate of mood decline increases by 100% and mood-improvement effects decrease by 60%. (Enters a state of melancholy)","Tudo nas alpacas e lhamas é insuportável. Quando perto delas, perde 6 de humor a cada intervalo e, por 5 minutos, a taxa de queda de humor aumenta em 100%. Ao ganhar humor, o ganho é reduzido em 60%. (Neste período, entra em um estado de melancolia.)",,Nenhum,Preferences,Preferências,t11_img_0044_06_01.webp,
https://github.com/fantasfor/Soulmask/blob/main/Talentos/IconesTalentos/t11_img_0045_06_01.webp?raw=true,Aversion to water bodies,Aversão a corpos d'água,"When living by the water, loses [2,4] mood. For the next 5 minutes, the rate of mood decline increases by [50,75]% and mood-improvement effects decrease by [20,40]%.","Ao viver perto da água, perde 2 de humor. Pelos próximos 5 minutos, a taxa de queda do humor aumenta em [2,4] e os efeitos de melhoria do humor diminuem em [50,75]%.",,Nenhum,Preferences,Preferências,t11_img_0045_06_01.webp,
https://github.com/fantasfor/Soulmask/blob/main/Talentos/IconesTalentos/t11_img_0046_06_01.webp?raw=true,Dislikes water bodies,Não gosta de corpos d'água,"When living by the water, loses 6 Mood. For the next 5 minutes, the rate of mood decline increases by 100% and mood-improvement effects decrease by 60%. (In the duration, enters a state of melancholy)","Ao viver perto da água, perde 6 de Humor. Pelos próximos 5 minutos, a taxa de queda do humor aumenta em 100% e os efeitos de melhoria do humor diminuem em 60%. (Neste período, entra em um estado de melancolia.)",,Nenhum,Preferences,Preferências,t11_img_0046_06_01.webp,
https://github.com/fantasfor/Soulmask/blob/main/Talentos/IconesTalentos/t11_img_0047_06_01.webp?raw=true,Aversion to mild cold,Aversão ao frio ameno,"When in a mild cold environment, loses [2,4] Mood. For the next 5 minutes, the rate of mood decline increases by [50,75]% and mood-improvement effects decrease by [20,40]%.","Em um ambiente de frio ameno, perde 2 de Humor. Pelos próximos 5 minutos, a taxa de queda do humor aumenta em [2,4] e os efeitos de melhoria do humor diminuem em [50,75]%.",,Nenhum,Preferences,Preferências,t11_img_0047_06_01.webp,
https://github.com/fantasfor/Soulmask/blob/main/Talentos/IconesTalentos/t11_img_0048_06_01.webp?raw=true,Dislikes mild cold,Não gosta de frio ameno,"With the sensitivity to temperature, Mood drops by 6 when in a mild cold environment. For the next 5 minutes, the rate of mood decline increases by 100% and mood-improvement effects decrease by 60%. (In the duration, enters a state of melancholy)","Com sensibilidade à temperatura, o Humor cai 6 quando em um ambiente de frio ameno. Pelos próximos 5 minutos, a taxa de queda do humor aumenta em 100% e os efeitos de melhoria do humor diminuem em 60%. (Neste período, entra em um estado de melancolia.)",,Nenhum,Preferences,Preferências,t11_img_0048_06_01.webp,
https://github.com/fantasfor/Soulmask/blob/main/Talentos/IconesTalentos/t11_img_0049_06_01.webp?raw=true,Aversion to mild heat,Aversão ao calor ameno,"When in a mild heat environment, loses [2,4] Mood. For the next 5 minutes, the rate of mood decline increases by [50,75]% and mood-improvement effects decrease by [20,40]%.","Em um ambiente de calor ameno, perde 2 de Humor. Pelos próximos 5 minutos, a taxa de queda do humor aumenta em [2,4] e os efeitos de melhoria do humor diminuem em [50,75]%.",,Nenhum,Preferences,Preferências,t11_img_0049_06_01.webp,
https://github.com/fantasfor/Soulmask/blob/main/Talentos/IconesTalentos/t11_img_0050_06_01.webp?raw=true,Dislikes mild heat,Não gosta de calor ameno,"With the sensitivity to temperature, Mood drops by 6 when in a mild heat environment. For the next 5 minutes, the rate of mood decline increases by 100% and mood-improvement effects decrease by 60%. (In the duration, enters a state of melancholy)","Com sensibilidade à temperatura, o Humor cai 6 quando em um ambiente de calor ameno. Pelos próximos 5 minutos, a taxa de queda do humor aumenta em 100% e os efeitos de melhoria do humor diminuem em 60%. (Neste período, entra em um estado de melancolia.)",,Nenhum,Preferences,Preferências,t11_img_0050_06_01.webp,
https://github.com/fantasfor/Soulmask/blob/main/Talentos/IconesTalentos/t11_img_0051_06_01.webp?raw=true,Aversion to comfortable temperatures,Aversão a temperaturas confortáveis,"When in a pleasant environment, loses [2,4] Mood. For the next 5 minutes, the rate of mood decline increases by [50,75]% and mood-improvement effects decrease by [20,40]%.","Em um ambiente de temperatura confortável, perde 2 de Humor. Pelos próximos 5 minutos, a taxa de queda do humor aumenta em [2,4] e os efeitos de melhoria do humor diminuem em [50,75]%.",,Nenhum,Preferences,Preferências,t11_img_0051_06_01.webp,
https://github.com/fantasfor/Soulmask/blob/main/Talentos/IconesTalentos/t11_img_0052_06_01.webp?raw=true,Dislikes comfortable temperatures,Não gosta de temperaturas confortáveis,"With the sensitivity to temperature, Mood drops by 6 when in a pleasant environment. For the next 5 minutes, the rate of mood decline increases by 100% and mood-improvement effects decrease by 60%. (In the duration, enters a state of melancholy)","Com sensibilidade à temperatura, o Humor cai 6 em um ambiente de temperatura confortável. Pelos próximos 5 minutos, a taxa de queda do humor aumenta em 100% e os efeitos de melhoria do humor diminuem em 60%. (Neste período, entra em um estado de melancolia.)",,Nenhum,Preferences,Preferências,t11_img_0052_06_01.webp,
https://github.com/fantasfor/Soulmask/blob/main/Talentos/IconesTalentos/t11_img_0053_06_01.webp?raw=true,Aversion to the cold,Aversão ao frio,"When in a cold environment, loses [2,4] Mood. For the next 5 minutes, the rate of mood decline increases by [50,75]% and mood-improvement effects decrease by [20,40]%.","Em um ambiente frio, perde 2 de Humor. Pelos próximos 5 minutos, a taxa de queda do humor aumenta em [2,4] e os efeitos de melhoria do humor diminuem em [50,75]%.",,Nenhum,Preferences,Preferências,t11_img_0053_06_01.webp,
https://github.com/fantasfor/Soulmask/blob/main/Talentos/IconesTalentos/t11_img_0054_06_01.webp?raw=true,Dislikes the cold,Não gosta do frio,"With the sensitivity to temperature, Mood drops by 6 when in a cold environment. For the next 5 minutes, the rate of mood decline increases by 100% and mood-improvement effects decrease by 60%. (In the duration, enters a state of melancholy)","Com sensibilidade à temperatura, o Humor cai 6 em um ambiente frio. Pelos próximos 5 minutos, a taxa de queda do humor aumenta em 100% e os efeitos de melhoria do humor diminuem em 60%. (Neste período, entra em um estado de melancolia.)",,Nenhum,Preferences,Preferências,t11_img_0054_06_01.webp,
https://github.com/fantasfor/Soulmask/blob/main/Talentos/IconesTalentos/t11_img_0055_06_01.webp?raw=true,Aversion to scorching heat,Aversão ao calor escaldante,"In a scorching heat environment, loses [2,4] Mood. For the next 5 minutes, the rate of mood decline increases by [50,75]% and mood-improvement effects decrease by [20,40]%.","Em um ambiente de calor escaldante, perde 2 de Humor. Pelos próximos 5 minutos, a taxa de queda do humor aumenta em [2,4] e os efeitos de melhoria do humor diminuem em [50,75]%.",,Nenhum,Preferences,Preferências,t11_img_0055_06_01.webp,
https://github.com/fantasfor/Soulmask/blob/main/Talentos/IconesTalentos/t11_img_0056_06_01.webp?raw=true,Dislikes scorching heat,Não gosta de calor escaldante,"With the sensitivity to temperature, Mood drops by 6 when in a scorching heat environment. For the next 5 minutes, the rate of mood decline increases by 100% and mood-improvement effects decrease by 60%. (In the duration, enters a state of melancholy)","Com sensibilidade à temperatura, o Humor cai 6 em um ambiente de calor escaldante. Pelos próximos 5 minutos, a taxa de queda do humor aumenta em 100% e os efeitos de melhoria do humor diminuem em 60%. (Neste período, entra em um estado de melancolia.)",,Nenhum,Preferences,Preferências,t11_img_0056_06_01.webp,
https://github.com/fantasfor/Soulmask/blob/main/Talentos/IconesTalentos/t11_img_0057_06_01.webp?raw=true,Aversion to panther,Desgosto por leopardos,"Gets terrified by panthers, and loses [2,4] Mood when there's a panther nearby. For the next 5 minutes, the rate of mood decline increases by [50,75]% and mood-improvement effects decrease by [20,40]%.","Possui um grande medo de leopardos e por isso perde 2 pontos de Humor na presença deles. Por 5 minutos, a taxa de queda de Humor é aumentada em [2,4] e os pontos de Humor adquiridos reduzem em [50,75]%.",,Nenhum,Preferences,Preferências,t11_img_0057_06_01.webp,
https://github.com/fantasfor/Soulmask/blob/main/Talentos/IconesTalentos/t11_img_0058_06_01.webp?raw=true,Dislikes panther,Aversão a leopardos,"Holds fear deep inside and loses 6 Mood when there's a panther nearby. For the next 5 minutes, the rate of mood decline increases by 100% and mood-improvement effects decrease by 60%. (In the duration, enters a state of melancholy)","Possui um medo irracional de leopardos e por isso perde 6 pontos de Humor na presença deles. Por 5 minutos, a taxa de queda de Humor é aumentada em 100% e os pontos de Humor adquiridos reduzem em 60%. (Neste período, entra em um estado de melancolia.)",,Nenhum,Preferences,Preferências,t11_img_0058_06_01.webp,
https://github.com/fantasfor/Soulmask/blob/main/Talentos/IconesTalentos/t11_img_0059_06_01.webp?raw=true,Aversion to parrot,Desgosto por papagaios,"Gets irritated by annoying parrots, and loses [2,4] Mood when there's a parrot nearby. For the next 5 minutes, the rate of mood decline increases by [50,75]% and mood-improvement effects decrease by [20,40]%.","Se irrita facilmente com papagaios e por isso perde 2 pontos de Humor na presença deles. Por 5 minutos, a taxa de queda de Humor é aumentada em [2,4] e os pontos de Humor adquiridos reduzem em [50,75]%.",,Nenhum,Preferences,Preferências,t11_img_0059_06_01.webp,
https://github.com/fantasfor/Soulmask/blob/main/Talentos/IconesTalentos/t11_img_0060_06_01.webp?raw=true,Dislikes parrot,Aversão a papagaios,"Feels like choking the parrot to death when hearing its voice, and loses 6 Mood when there's a parrot nearby. For the next 5 minutes, the rate of mood decline increases by 100% and mood-improvement effects decrease by 60%. (In the duration, enters a state of melancholy)","Se enfurece só de ouvir o som de papagaios, perdendo 6 pontos de Humor na presença deles. Por 5 minutos, a taxa de queda de Humor é aumentada em 100% e os pontos de Humor adquiridos reduzem em 60%. (Neste período, entra em um estado de melancolia.)",,Nenhum,Preferences,Preferências,t11_img_0060_06_01.webp,
https://github.com/fantasfor/Soulmask/blob/main/Talentos/IconesTalentos/t11_img_0062_06_01.webp?raw=true,Dislikes monkey,Aversão a macacos,"Hates monkeys deeply and loses 6 Mood when living near them. For the next 5 minutes, the rate of mood decline increases by 100% and mood-improvement effects decrease by 60%. (In the duration, enters a state of melancholy)","Odeia macacos e perde 6 pontos de Humor na presença deles. Por 5 minutos, a taxa de queda de Humor é aumentada em 100% e os pontos de Humor adquiridos reduzem em 60%. (Neste período, entra em um estado de melancolia.)",,Nenhum,Preferences,Preferências,t11_img_0062_06_01.webp,
https://github.com/fantasfor/Soulmask/blob/main/Talentos/IconesTalentos/t11_img_0063_06_01.webp?raw=true,Aversion to ostrich,Desgosto por avestruzes,"Feels aversion to ostrich and loses [2,4] Mood when living near them. For the next 5 minutes, the rate of mood decline increases by [50,75]% and mood-improvement effects decrease by [20,40]%.","Não gosta de avestruzes e por isso perde 2 pontos de Humor na presença deles. Por 5 minutos, a taxa de queda de Humor é aumentada em [2,4] e os pontos de Humor adquiridos reduzem em [50,75]%.",,Nenhum,Preferences,Preferências,t11_img_0063_06_01.webp,
https://github.com/fantasfor/Soulmask/blob/main/Talentos/IconesTalentos/t11_img_0064_06_01.webp?raw=true,Dislikes ostrich,Aversão a avestruzes,"Hates ostriches deeply and loses 6 Mood when there's an ostrich nearby. For the next 5 minutes, the rate of mood decline increases by 100% and mood-improvement effects decrease by 60%. (In the duration, enters a state of melancholy)","Odeia avestruzes e perde 6 pontos de Humor na presença deles.Por 5 minutos, a taxa de queda de Humor é aumentada em 100% e os pontos de Humor adquiridos reduzem em 60%. (Neste período, entra em um estado de melancolia.)",,Nenhum,Preferences,Preferências,t11_img_0064_06_01.webp,
https://github.com/fantasfor/Soulmask/blob/main/Talentos/IconesTalentos/t11_img_0066_05_01.webp?raw=true,Aversion to defecation,Aversão à defecação,"Feels painful and loses [2,4,6] Mood when defecating. For the next 5 minutes, the rate of mood decline increases by [50,75,100]%, and mood-improvement effects decrease by [20,40,60]%.","Defecar é uma tarefa dolorosa, resultando em uma diminuição de 2 pontos no Humor ao fazê-lo. Por 5 minutos, a taxa de queda de Humor é aumentada em [2,4,6] e os pontos de Humor adquiridos reduzem em [50,75,100]%.",,Nenhum,Preferences,Preferências,t11_img_0066_05_01.webp,
https://github.com/fantasfor/Soulmask/blob/main/Talentos/IconesTalentos/t1_img_0099_06_01.webp?raw=true,Overwhelming Force,Força Esmagadora,"Each strike carries tremendous force. When damaging a target, an extra 15 Stamina is consumed to increase the damage by [5,10,15]% and drain [5,7.5,10] Stamina from the target.","Cada golpe é esmagador. Ao causar dano, consome 15 de vigor para aumentar o dano em [5,10,15]% e reduz 7,5 de vigor do inimigo.",Claw,Garra,Positive Gifts,Positivo,t1_img_0099_06_01.webp,
https://github.com/fantasfor/Soulmask/blob/main/Talentos/IconesTalentos/t1_img_0110_06_01.webp?raw=true,Fatal Rhythm,Ritmo Fatal,"Controls the rhythm of the battle, and gains 1 stack of boosts for ATK +[2,3,4]% and Attack Speed +[2,3,4]% when attacking enemies while maintaining over 70% Stamina, lasting for 10 seconds and stacking up to 5 times. (Removes all effects if conditions are not met)","Controle total do ritmo de batalha. Quando ataca inimigos com o vigor acima de 70%, ganha um bônus de +[2,3,4]% no ataque e na velocidade de ataque por 10 segundos, acumulando até 5 vezes. Se o vigor não estiver acima de 70%, todos os efeitos acumulados são removidos.",Claw,Garra,Positive Gifts,Positivo,t1_img_0110_06_01.webp,
https://github.com/fantasfor/Soulmask/blob/main/Talentos/IconesTalentos/t1_img_0117_06_01.webp?raw=true,Morale Dampener,Quebrar o Moral Inimigo,"The ferocious attacks instill fear in enemies' hearts. When hitting the target, has a [5,10,15]% chance to reduce their ATK by 3%, DEF by 2% and Movement Speed by 5% for 15s, stacking up to 5 times.","A ferocidade do ataque intimida os inimigos, acertos têm [5,10,15]% de chance de prejudicar o alvo, reduzindo o ATQ em 3%, DEF em 2% e Velocidade de Movimento em 5%, por 15 segundos; máximo de 5 acúmulos.",Claw,Garra,Positive Gifts,Positivo,t1_img_0117_06_01.webp,
https://github.com/fantasfor/Soulmask/blob/main/Talentos/IconesTalentos/t1_img_0142_06_01.webp?raw=true,Tit for Tat,Dente por Dente,"Endure the pain to retaliate. When attacked, there is a 20% chance of storing and dealing all received damage to enemies for [4,6,8]s. (CD: 30s)","Reage fortemente à dor e, ao ser atacado, tem [4,6,8] de chance de acumular dano por 4s. Durante este período, ao atacar inimigos, libera todo o dano acumulado (CD: 30s)",Claw,Garra,Positive Gifts,Positivo,t1_img_0142_06_01.webp,
https://github.com/fantasfor/Soulmask/blob/main/Talentos/IconesTalentos/t1_img_0050_05_01.webp?raw=true,Raging Inferno,Fúria em Chamas,"Reduces the burn effect caused by flames. When the body is ignited, each attack gains a damage boost equal to the ignition damage taken, stacking up to 10 times.","Reduz o efeito de queimadura causado por chamas. Ao ser incendiado, cada ataque contra inimigos concede um acúmulo de bônus de dano igual ao dano recebido por ignição, acumulando até 10 vezes.",Claw,Garra,Positive Gifts,Positivo,t1_img_0050_05_01.webp,
https://github.com/fantasfor/Soulmask/blob/main/Talentos/IconesTalentos/t1_img_0055_06_01.webp?raw=true,Getting Braver,Mais e Mais Coragem,"[Claw Exclusive] Attack enemies 5m from self for a 15% chance to gain a stack of Crit +[2,3,4]%, Crit Resist +[2,3,4]%, Crit DMG +[2,3,4]%, Movement Speed +[2,3,4]% for 30 seconds, stacking up to 5 times.","Atacar inimigos de perto dentro de 5 m tem 15% de chance de ganhar um acúmulo de bônus que aumenta o Crít., Resistência a Crít., Dano Crít. e Velocidade de Movimento em +[2,3,4]% por 30 segundos, máximo de 5 acúmulos.",Claw,Garra,Positive Gifts,Positivo,t1_img_0055_06_01.webp,
https://github.com/fantasfor/Soulmask/blob/main/Talentos/IconesTalentos/t1_img_0050_05_01.webp?raw=true,Raging Inferno,Fúria em Chamas,"Reduces the burn effect caused by flames. When the body is ignited, each attack gains a damage boost equal to [1.5,2]x the ignition damage taken, stacking up to 10 times.","Reduz o efeito de queimadura causado por chamas. Ao ser incendiado, cada ataque contra inimigos concede um acúmulo de bônus de dano igual a 1,5x o dano por ignição, acumulando até 10 vezes.",Claw,Garra,Positive Gifts,Positivo,t1_img_0050_05_01.webp,
https://github.com/fantasfor/Soulmask/blob/main/Talentos/IconesTalentos/t1_img_0126_06_01.webp?raw=true,Refined Tool,Ferramentas Refinadas,"Crafting tools with inventive skills. Probability of producing high-quality tools +[5,7.5,10]%.","Ferramentas feitas com excelência. Ao fabricar ferramentas, aumenta em 7,5% a chance de criar itens de alta qualidade.",Craftman,Artesão,Positive Gifts,Positivo,t1_img_0126_06_01.webp,
https://github.com/fantasfor/Soulmask/blob/main/Talentos/IconesTalentos/t1_img_0134_06_01.webp?raw=true,Crafting Speed Up,Aceleração na Criação por Artesão,"Skilled in processing, the time required for completing crafting quests is reduced by [10,20,30]%.","Habilidade em processamento, o tempo necessário para completar missões de artesanato é reduzido em [10,20,30]%.",Craftman,Artesão,Positive Gifts,Positivo,t1_img_0134_06_01.webp,
https://github.com/fantasfor/Soulmask/blob/main/Talentos/IconesTalentos/t1_img_0135_06_01.webp?raw=true,Accelerate Weapon Crafting,Aceleração de Fabricação de Armas,"Experienced in weapon crafting, the time required to complete weapon crafting quests is reduced by [10,20,30]%.","Experiência em fabricação de armas, o tempo necessário para completar missões de fabricação de armas é reduzido em [10,20,30]%.",Craftman,Artesão,Positive Gifts,Positivo,t1_img_0135_06_01.webp,
https://github.com/fantasfor/Soulmask/blob/main/Talentos/IconesTalentos/t1_img_0136_06_01.webp?raw=true,Accelerate Armor Crafting,Aceleração de Fabricação de Armaduras,"Skilled in armor forging, the time required for armor crafting quests is reduced by [10,20,30]%.","Habilidade em artesanato de armaduras tradicionais, o tempo necessário para missões de fabricação de armaduras é reduzido em [10,20,30]%.",Craftman,Artesão,Positive Gifts,Positivo,t1_img_0136_06_01.webp,
https://github.com/fantasfor/Soulmask/blob/main/Talentos/IconesTalentos/t1_img_0139_06_01.webp?raw=true,Accelerate Alchemy,Acelerar Alquimia,"Talented in alchemy, the time required for alchemy quests is reduced by [10,20,30]%.","Talentoso em alquimia, o tempo necessário para missões de alquimia é reduzido em [10,20,30]%.",Craftman,Artesão,Positive Gifts,Positivo,t1_img_0139_06_01.webp,
https://github.com/fantasfor/Soulmask/blob/main/Talentos/IconesTalentos/t1_img_0140_06_01.webp?raw=true,Accelerate Cooking,Acelerar Culinária,"Experienced in cooking, the time required to complete cooking is reduced by [10,20,30]%.","Experiente em culinária, o tempo necessário para cozinhar alimentos é reduzido em [10,20,30]%.",Craftman,Artesão,Positive Gifts,Positivo,t1_img_0140_06_01.webp,
https://github.com/fantasfor/Soulmask/blob/main/Talentos/IconesTalentos/t1_img_0114_06_01.webp?raw=true,Poisoned Body,Corpo Envenenado,"Full of lethal poison, each attack has a [5,10,15]% chance of inflicting a stack of 10-sec Poison effect (DMG Over Time, Stamina Loss, Weak Spirit), stacking up to 5 times.","Com o corpo cheio de veneno letal, cada ataque tem [5,10,15]% de chance de infligir um acúmulo de 10 segundos de Veneno (Sangramento, Perda de Vigor, Espírito Fraco), máximo de 5 acúmulos.",Fang,Presa,Positive Gifts,Positivo,t1_img_0114_06_01.webp,
https://github.com/fantasfor/Soulmask/blob/main/Talentos/IconesTalentos/t1_img_0144_06_01.webp?raw=true,Pouring Rage,Derramamento de Ira,"Accumulate rage and deal a fatal blow. When attacked, there is a 20% chance of storing the received damage for [4,6,8]s, then dealing all stored damage to enemies in 8s. (CD: 30s)","Acumula ira para dar um golpe fatal. Ao ser atacado, tem [4,6,8] de chance de acumular todo o dano recebido por 4s. Nos 8s seguintes ao acúmulo, ao atacar inimigos, libera todo o dano acumulado (CD: 30s)",Fang,Presa,Positive Gifts,Positivo,t1_img_0144_06_01.webp,
https://github.com/fantasfor/Soulmask/blob/main/Talentos/IconesTalentos/t1_img_0145_06_01.webp?raw=true,Strikeback,Reação Tardia,"Strike upon discerning the enemy's maneuver. Dodging 2 enemy attacks (the interval of each attack is less than 6s) in succession grants you the ability to ignore the enemy's defense for [3,5,7]s.","Lê o ataque inimigo para agir oportunamente. Após esquivar com sucesso de 2 ataques do inimigo (com não mais de 6s entre eles), nos próximos 3s, seus ataques ignoram a defesa do inimigo.",Fang,Presa,Positive Gifts,Positivo,t1_img_0145_06_01.webp,
https://github.com/fantasfor/Soulmask/blob/main/Talentos/IconesTalentos/t1_img_0147_06_01.webp?raw=true,Desperate Response,Instinto de Sobrevivência,"When near death, a strong will to survive flares up, capping HP loss at [5,4,3]% per hit once below 30% of max HP. (Will not trigger if damage taken is greater than Max HP)","Quando à beira da morte, um forte instinto de sobrevivência é ativado: ao ter menos de [5,4,3]% dos PV, a cada ataque recebido, perde no máximo 5% do PV máximo, Não é ativado se o dano tomado é maior que o limite de PV.",Fang,Presa,Positive Gifts,Positivo,t1_img_0147_06_01.webp,
https://github.com/fantasfor/Soulmask/blob/main/Talentos/IconesTalentos/t1_img_0149_06_01.webp?raw=true,Blood Staunching,Supressão de Sangramento,"The blood clots unnaturally fast. When hit, there's a [5,10,15]% chance to instantly remove any Bleed effect and become immune to Bleed for 12 seconds. (CD: 30s)","Coagulação acelerada. Ao ser atacado, há [5,10,15]% de chance de remover o efeito de sangramento e impedir novos efeitos de sangramento por 12s. (Recarga: 30s)",Fang,Presa,Positive Gifts,Positivo,t1_img_0149_06_01.webp,
https://github.com/fantasfor/Soulmask/blob/main/Talentos/IconesTalentos/t1_img_0085_06_01.webp?raw=true,Calm and Peaceful,Calmo e Composto,"Fight with grace and elegance. Gain a stat boost after receiving no damage for 12 seconds, ATK +[1,1.5,2]%, Attack Speed +2%, Crit +[2,2,3]%, Crit DMG +[2,3,4]% at the cost of taking slightly higher damage, stacking up to 5 times; taking damage removes 1 stack each time.","Enfrenta o combate com elegância e calma: ao passar 12 segundos sem sofrer dano, você ganha 1 acúmulo que aumenta o ataque em +[2,2,3]%, a velocidade de ataque em +[2,3,4]%, a chance de crítico em 3% e o dano crítico em 4%, mas também aumenta levemente o dano recebido. Pode acumular até 5 vezes. Sofrer dano remove 1 acúmulo.",Fang,Presa,Positive Gifts,Positivo,t1_img_0085_06_01.webp,
https://github.com/fantasfor/Soulmask/blob/main/Talentos/IconesTalentos/t1_img_0087_06_01.webp?raw=true,Logging Pro,Profissional em Corte de Madeira,"Cuts down trees without damaging their roots, greatly reducing the time required for the felled trees to regrow by [20,30,40]%.","Corta árvores sem danificar suas raízes, reduzindo o tempo necessário para as árvores derrubadas regenerarem em [20,30,40]%.",Fang,Presa,Positive Gifts,Positivo,t1_img_0087_06_01.webp,
https://github.com/fantasfor/Soulmask/blob/main/Talentos/IconesTalentos/t1_img_0088_06_01.webp?raw=true,Vein Protection,Proteção de Veios,"Mine minerals without damaging the veins. Mine Regen Time -[20,30,40]%.","Minera sem danificar os veios, reduzindo o Tempo de Regeneração da Mina em -[20,30,40]%.",Fang,Presa,Positive Gifts,Positivo,t1_img_0088_06_01.webp,
https://github.com/fantasfor/Soulmask/blob/main/Talentos/IconesTalentos/t1_img_0089_06_01.webp?raw=true,Planting Pro,Perito em Plantio,"Tends crops meticulously and with extra care. Output of planted and harvested plants +[10,15,20]%.","Cultivador meticuloso de plantações. A produção de plantas plantadas e colhidas por si aumenta em +[10,15,20]%.",Fang,Presa,Positive Gifts,Positivo,t1_img_0089_06_01.webp,
https://github.com/fantasfor/Soulmask/blob/main/Talentos/IconesTalentos/t1_img_0094_06_01.webp?raw=true,Tear Wound,Laceração,"Ruptures the wound. Damage dealt to bleeding targets +[5,10,15]%.","Rutura a ferida, aumentando o dano causado a alvos sangrando em +[5,10,15]%.",Fang,Presa,Positive Gifts,Positivo,t1_img_0094_06_01.webp,
https://github.com/fantasfor/Soulmask/blob/main/Talentos/IconesTalentos/t1_img_0101_06_01.webp?raw=true,Endurance Burst,Explosão de Resistência,"Stop tolerating when you cannot. After successfully defending against enemy attacks, if Stamina is above 60%, recovers Resilience by [10,20,30] and gains a stack of 10% increase in DEF. When reaching more than 5 stacks, enters the burst status that deals [50,75,100]% more damage for 6 seconds.","Pare de tolerar quando não puder. Após defender com sucesso contra-ataques inimigos, se o Vigor estiver acima de [10,20,30], recupera 20 de Resiliência e ganha um acúmulo de [50,75,100]% de aumento na DEF. Ao atingir mais de 5 acúmulos, entra no estado de explosão, que causa 75% a mais de dano por 6 segundos.",Flint,Pederneira,Positive Gifts,Positivo,t1_img_0101_06_01.webp,
https://github.com/fantasfor/Soulmask/blob/main/Talentos/IconesTalentos/t1_img_0103_06_01.webp?raw=true,Insight DEF,DEF de Percepção,"Detects enemy's defensive deficiencies. Ignores the enemy's DEF within [3,5,7] seconds after reflecting the enemy's attack. (CD: 30s)","Detecta deficiências defensivas do inimigo. Ignora a DEF do inimigo dentro de [3,5,7] segundos após refletir o ataque do inimigo. (CD: 30s)",Flint,Pederneira,Positive Gifts,Positivo,t1_img_0103_06_01.webp,
https://github.com/fantasfor/Soulmask/blob/main/Talentos/IconesTalentos/t1_img_0112_06_01.webp?raw=true,Avoid Vitals,Evitando Órgãos Vitais,"The greater the distance, the less dangerous the threat. When hit by a ranged attack from 10 meters away, there's a 20% chance to reduce the damage taken by [30,50,80]%.","Quanto maior a distância, menor a ameaça. Ao ser atacado de mais de 10 metros, há [30,50,80]% de chance de reduzir o dano recebido em 30%.",Flint,Pederneira,Positive Gifts,Positivo,t1_img_0112_06_01.webp,
https://github.com/fantasfor/Soulmask/blob/main/Talentos/IconesTalentos/t1_img_0124_06_01.webp?raw=true,Refined Armor,Armadura Refinada,"Skilled in crafting. Probability of forging high-quality armor +[5,7.5,10]%.","Habilidade em artesanato, a probabilidade de forjar armaduras de alta qualidade aumenta em 7,5%.",Flint,Pederneira,Positive Gifts,Positivo,t1_img_0124_06_01.webp,
https://github.com/fantasfor/Soulmask/blob/main/Talentos/IconesTalentos/t1_img_0125_06_01.webp?raw=true,Weapon Enhancement,Aprimoramento de Armas,"Artisanal forging. Probability of producing high-quality weapons +[5,7.5,10]%.","Artesanato de alta qualidade, a probabilidade de produzir armas de alta qualidade aumenta em 7,5%.",Flint,Pederneira,Positive Gifts,Positivo,t1_img_0125_06_01.webp,
https://github.com/fantasfor/Soulmask/blob/main/Talentos/IconesTalentos/t1_img_0146_06_01.webp?raw=true,Stimulate Morale,Incentivo do Moral,"Pain awakens self-hatred and activates potential. When attacked, has a [10,15,20]% chance to enter the heart flow, triggering all talents of self that requires triggering within [5,7.5,10]s. (CD: 25s)","A dor desperta o ódio e ativa o potencial. Ao sofrer ataques, tem [10,15,20]% de chance de entrar em um estado de fluxo, onde dentro de 7,5s todos os talentos com chance de ativação serão ativados. (CD: 25s)",Flint,Pederneira,Positive Gifts,Positivo,t1_img_0146_06_01.webp,
https://github.com/fantasfor/Soulmask/blob/main/Talentos/IconesTalentos/t1_img_0061_06_01.webp?raw=true,Firm Will,Vontade Firme,"Firm and unshakable. Has a [15,20,25]% chance to become immune to Hitstun effects. (CD: 5s)","Vontade firme e inabalável. Tem [15,20,25]% de chance de se tornar imune a efeitos de Tontura. (CD: 5s)",Flint,Pederneira,Positive Gifts,Positivo,t1_img_0061_06_01.webp,
https://github.com/fantasfor/Soulmask/blob/main/Talentos/IconesTalentos/t1_img_0084_06_01.webp?raw=true,Tactical Dodge,Esquiva Tática,"Successfully dodging an enemy attack reset the talent cooldown (CD: [60,45,30]s).","Ao esquivar de um ataque inimigo, remove o tempo de recarga dos talentos. (Recarga: 60s)",Flint,Pederneira,Positive Gifts,Positivo,t1_img_0084_06_01.webp,
https://github.com/fantasfor/Soulmask/blob/main/Talentos/IconesTalentos/t1_img_0141_06_01.webp?raw=true,Rock-like Resolve,Vontade de Rocha,"After fending off an enemy attack, increases own Coma, Paralysis, and Bleed resistance by [30,50,80]% for 12 seconds. (CD: 30s)","Ao defender um ataque, aumenta a resistência a tontura, paralisia e sangramento em [30,50,80]% por 12s. (Recarga: 30s)",Guard,Guarda,Positive Gifts,Positivo,t1_img_0141_06_01.webp,
https://github.com/fantasfor/Soulmask/blob/main/Talentos/IconesTalentos/t1_img_0038_06_01.webp?raw=true,Multiple Shooting,Múltiplos Tiros,Mastered the exclusive multi-shooting skill of bows. Shoots more arrows at the same time every time using this kind of skill.,Aprendeu a habilidade de domínio de tiro múltiplo exclusiva dos arcos. É possível atirar mais flechas ao mesmo tempo com essa habilidade.,Hunter,Caçadore,Positive Gifts,Positivo,t1_img_0038_06_01.webp,
https://github.com/fantasfor/Soulmask/blob/main/Talentos/IconesTalentos/t1_img_0043_06_01.webp?raw=true,Marksman Footstep,Passo do Atirador,"Mastered the special movement skills of bows. Movement Speed +[10,15,20]% for 5 seconds when drawing a bow, with a [5,10,15]% chance to remove most Slow effects when triggered. (CD: 8s)","Domina técnicas especiais de movimentação com arcos, aumentando a velocidade de movimento em [5,10,15]% ao puxar a corda do arco por 5 segundos. Ao ativar o bônus de velocidade, há +[10,15,20]% de chance de remover a maioria dos efeitos de lentidão. (Tempo de recarga: 8 s)",Hunter,Caçadore,Positive Gifts,Positivo,t1_img_0043_06_01.webp,
https://github.com/fantasfor/Soulmask/blob/main/Talentos/IconesTalentos/t1_img_0044_06_01.webp?raw=true,Rapid Fire,Tiro Rápido,"An extremely challenging shot technique for archers to master. Full-charge time of bows -[15,35,55]%.","Técnica de tiro extremamente desafiadora para os arqueiros dominarem. O tempo de carga total dos arcos é reduzido em -[15,35,55]%.",Hunter,Caçadore,Positive Gifts,Positivo,t1_img_0044_06_01.webp,
https://github.com/fantasfor/Soulmask/blob/main/Talentos/IconesTalentos/t1_img_0046_06_01.webp?raw=true,Bone-gnawing Wound,Ferida Oculta,"Not all wounds show immediately. Ranged hits have a [5,10,15]% chance to inflict a 5-second hidden wound that sends the target into a coma if they move too quickly.","Algumas dores não se manifestam de imediato. Ao atingir um alvo com arma de longo alcance, há [5,10,15]% de chance de aplicar uma ferida oculta por 5s. Durante esse período, sprintar causa tontura.",Hunter,Caçadore,Positive Gifts,Positivo,t1_img_0046_06_01.webp,
https://github.com/fantasfor/Soulmask/blob/main/Talentos/IconesTalentos/t1_img_0102_06_01.webp?raw=true,Skill Recovery,Recuperação Habilidosa,"Times the tempo of recovery. Recovers HP equal to [15,25,35]% of the damage dealt after successfully reflecting the enemy's attack.","Acelera o tempo de recuperação. Recupera [15,25,35]% do dano causado em PV após refletir com sucesso o ataque do inimigo.",,Nenhum,Positive Gifts,Positivo,t1_img_0102_06_01.webp,
https://github.com/fantasfor/Soulmask/blob/main/Talentos/IconesTalentos/t1_img_0111_06_01.webp?raw=true,Go for the Jugular,Direto na Jugular,"Keen as an eagle's sight. When attacking an enemy 15 meters away, the damage to weak spots +[15,20,25]%.","Visão aguçada como a de uma águia. Ao atacar um inimigo a mais de 15 m de distância, o dano causado aos seus pontos fracos aumenta em +[15,20,25]%.",,Nenhum,Positive Gifts,Positivo,t1_img_0111_06_01.webp,
https://github.com/fantasfor/Soulmask/blob/main/Talentos/IconesTalentos/t1_img_0115_06_01.webp?raw=true,Mind-Heart Unison,Mente e Coração,"Launch fierce attacks; when hitting the target, has a [10,15,20]% chance to enter the heart flow, triggering all talents of self that requires triggering within [5,7.5,10]s. (Cooldown: 25s)","Ataque feroz que, ao acertar um alvo, tem [10,15,20]% de chance de entrar em um estado de fluxo, onde todos os talentos com chance de ativação são ativados por 7,5s. (CD: 25s)",,Nenhum,Positive Gifts,Positivo,t1_img_0115_06_01.webp,
https://github.com/fantasfor/Soulmask/blob/main/Talentos/IconesTalentos/t1_img_0116_06_01.webp?raw=true,PEN DEF,PEN DEF,"When hitting the target, there's a [5,10,15]% chance to ignore the target's DEF. (Cooldown: 2s)","Ao acertar um alvo, tem [5,10,15]% de chance de o ataque ignorar a DEF do alvo. (CD: 2s)",,Nenhum,Positive Gifts,Positivo,t1_img_0116_06_01.webp,
https://github.com/fantasfor/Soulmask/blob/main/Talentos/IconesTalentos/t1_img_0010_06_01.webp?raw=true,Resourceful,Engenhoso,"When self-awareness dominates the body, the likelihood of the body reacting to danger +[10,20,35]%.","Quando a autoconsciência domina o corpo, a probabilidade de o corpo reagir ao perigo aumenta em +[10,20,35]%.",,Nenhum,Positive Gifts,Positivo,t1_img_0010_06_01.webp,
https://github.com/fantasfor/Soulmask/blob/main/Talentos/IconesTalentos/t1_img_0121_05_01.webp?raw=true,Drunken Senses,Percepção Ébria,"Drunk in appearance, sober in spirit. Dodge [1,2,3] attacks within 15 seconds after drinking. Drinkers dodge more attacks (CD: 30 seconds).","Embriagado, mas ainda consciente. Nos 15 segundos após beber, é possível desviar de [1,2,3] ataques. Amantes da bebida ganham usos adicionais. (Tempo de recarga: 30 segundos)",,Nenhum,Positive Gifts,Positivo,t1_img_0121_05_01.webp,
https://github.com/fantasfor/Soulmask/blob/main/Talentos/IconesTalentos/t1_img_0123_06_01.webp?raw=true,Backpack Expansion,Expansão da Mochila,"A hidden compartment in the backpack increases storage space. Has [10,20,30] more inventory slots compared to the average backpack.","Um compartimento secreto na mochila aumenta o espaço de armazenamento. Tem [10,20,30] slots de inventário a mais em comparação com uma mochila comum.",,Nenhum,Positive Gifts,Positivo,t1_img_0123_06_01.webp,
https://github.com/fantasfor/Soulmask/blob/main/Talentos/IconesTalentos/t1_img_0011_06_01.webp?raw=true,Nimble Movement,Ágil,I'm always a step ahead of death. Movement Speed +5%.,A morte sempre me atrasa um pouco. Aumenta a velocidade de movimento em 5%.,,Nenhum,Positive Gifts,Positivo,t1_img_0011_06_01.webp,
https://github.com/fantasfor/Soulmask/blob/main/Talentos/IconesTalentos/t1_img_0148_06_01.webp?raw=true,Crisis Resolution,Reação ap Perigo,"No one can survive on this land without a trump card. When hit, there's a 15% chance that the damage taken will be capped at [5,4,3]% of max HP. (Will not trigger if damage taken is greater than Max HP)","Ninguém sobrevive nesta terra sem um trunfo na manga. Ao ser atingido, há 15% de chance de o dano recebido ser limitado a [5,4,3]% do HP máximo. (Não será ativado se o dano recebido for maior que o HP máximo)",,Nenhum,Positive Gifts,Positivo,t1_img_0148_06_01.webp,
https://github.com/fantasfor/Soulmask/blob/main/Talentos/IconesTalentos/t1_img_0019_06_01.webp?raw=true,Anti-Thirst,Antisede,"Has a strong body that is more resistant to thirst and able to store more water. Max Hydration +[20,30,40]%.","Fortalece o corpo, tornando-o mais resistente à sede e capaz de armazenar mais água. A Hidratação Máxima aumenta em +[20,30,40]%.",,Nenhum,Positive Gifts,Positivo,t1_img_0019_06_01.webp,
https://github.com/fantasfor/Soulmask/blob/main/Talentos/IconesTalentos/t1_img_0020_06_01.webp?raw=true,Long Sight,Visão de Alcance,"Exceptional vision, view distance +[3,5,10] meters.","Visão excepcional, aumentando a distância de visão em +[3,5,10] metros.",,Nenhum,Positive Gifts,Positivo,t1_img_0020_06_01.webp,
https://github.com/fantasfor/Soulmask/blob/main/Talentos/IconesTalentos/t1_img_0032_06_01.webp?raw=true,Giant Sword DMG Increase,Aumento de Dano da Espada Gigante,"Using a giant sword deals more damage. Giant sword DMG +[3,6,9]%.","Usar uma espada gigante causa mais dano. O dano causado por espada gigante aumenta em +[3,6,9]%.",,Nenhum,Positive Gifts,Positivo,t1_img_0032_06_01.webp,
https://github.com/fantasfor/Soulmask/blob/main/Talentos/IconesTalentos/t1_img_0037_06_01.webp?raw=true,Pain Reversal,Reversão de Dor,"Turn pain into power. Taking damage has a [5,10,15]% chance to reset the talent cooldown (CD: 20s).","Transforma a dor em motivação. Ao ser atacado, há [5,10,15]% de chance de remover o tempo de recarga dos talentos. (Recarga: 20s)",,Nenhum,Positive Gifts,Positivo,t1_img_0037_06_01.webp,
https://github.com/fantasfor/Soulmask/blob/main/Talentos/IconesTalentos/t1_img_0040_06_01.webp?raw=true,Good at Melee Combat,Perícia em Combate Corpo-a-Corpo,"Enthusiastic about close-quarters combat. DMG to enemies within 5 meters +[3,6,9]%","Apaixonado por combate corpo a corpo, aumenta o dano em +[3,6,9]% contra inimigos dentro de 5 m",,Nenhum,Positive Gifts,Positivo,t1_img_0040_06_01.webp,
https://github.com/fantasfor/Soulmask/blob/main/Talentos/IconesTalentos/t1_img_0053_06_01.webp?raw=true,Acceleration at Stress,Aceleração sob Estresse,"Gets out of danger in a flash. When attacked, has a 20% chance to increase own Movement Speed by [15,20,30]% for 6 seconds. (CD: 20s)","Escapa do perigo num piscar de olhos. Quando atacado, tem [15,20,30]% de chance de aumentar a própria Velocidade de Movimento em 15% por 6 segundos. (CD: 20s)",,Nenhum,Positive Gifts,Positivo,t1_img_0053_06_01.webp,
https://github.com/fantasfor/Soulmask/blob/main/Talentos/IconesTalentos/t1_img_0069_06_01.webp?raw=true,Limb Destruction,Destruição de Membros,"Limb expert. Attacking the enemy's limbs has a 20% chance of gaining [10,15,25]% bonus damage.","Especialista em membros. Atacar os membros do inimigo tem [10,15,25]% de chance de causar 10% de dano extra.",,Nenhum,Positive Gifts,Positivo,t1_img_0069_06_01.webp,
https://github.com/fantasfor/Soulmask/blob/main/Talentos/IconesTalentos/t1_img_0071_06_01.webp?raw=true,Head Destruction,Destruição da Cabeça,"Skull expert. Attacking the enemy's head has a 20% chance of gaining [10,15,25]% bonus damage.","Especialista em cabeças. Atacar a cabeça do inimigo tem [10,15,25]% de chance de causar 10% de dano extra.",,Nenhum,Positive Gifts,Positivo,t1_img_0071_06_01.webp,
https://github.com/fantasfor/Soulmask/blob/main/Talentos/IconesTalentos/t1_img_0072_06_01.webp?raw=true,Tail Destruction,Destruição da Cauda,"Familiar with tail structure. When attacking the tail of the target, has a 20% chance to increase DMG by [10,15,25]%.","Familiarizado com a estrutura da cauda. Ao atacar a cauda do alvo, tem [10,15,25]% de chance de aumentar o Dano em 10%.",,Nenhum,Positive Gifts,Positivo,t1_img_0072_06_01.webp,
https://github.com/fantasfor/Soulmask/blob/main/Talentos/IconesTalentos/t1_img_0127_06_01.webp?raw=true,Accelerate Wood & Stone,Acelerar Madeira e Pedra,"Dexterous, the time required to complete wood & stone work is reduced by [10,20,30]%.","Seus membros são ágeis, o tempo necessário para completar trabalhos com madeira e pedra é reduzido em [10,20,30]%.",Porter,Faz-tudo,Positive Gifts,Positivo,t1_img_0127_06_01.webp,
https://github.com/fantasfor/Soulmask/blob/main/Talentos/IconesTalentos/t1_img_0129_06_01.webp?raw=true,Accelerate Kiln,Acelerar Forno,"Enthusiasm is unaffected by high-temperatures. Time required for kiln work -[10,20,30]%.","O entusiasmo é inalterado por altas temperaturas, o tempo necessário para completar trabalhos em forno é reduzido em -[10,20,30]%.",Porter,Faz-tudo,Positive Gifts,Positivo,t1_img_0129_06_01.webp,
https://github.com/fantasfor/Soulmask/blob/main/Talentos/IconesTalentos/t1_img_0130_06_01.webp?raw=true,Accelerate leatherworking,Acelerar Curtume,"Expert in leatherworking. Time required for leatherworking -[10,20,30]%.","Especialista em trabalho com couro, o tempo necessário para completar o curtimento de couro é reduzido em -[10,20,30]%.",Porter,Faz-tudo,Positive Gifts,Positivo,t1_img_0130_06_01.webp,
https://github.com/fantasfor/Soulmask/blob/main/Talentos/IconesTalentos/t1_img_0131_06_01.webp?raw=true,Accelerate Weaving,Acelerar Tecelagem,"Skilled in weaving, the time required for weaving work is reduced by [10,20,30]%.","Habilidade em tecelagem, o tempo necessário para trabalhos de tecelagem é reduzido em [10,20,30]%.",Porter,Faz-tudo,Positive Gifts,Positivo,t1_img_0131_06_01.webp,
https://github.com/fantasfor/Soulmask/blob/main/Talentos/IconesTalentos/t1_img_0132_06_01.webp?raw=true,Accelerate potting,Acelerar Cerâmica,"Skilled in potting techniques, the time required to complete potting is reduced by [10,20,30]%.","Habilidade em técnicas de cerâmica, o tempo necessário para completar trabalhos de cerâmica é reduzido em [10,20,30]%.",Porter,Faz-tudo,Positive Gifts,Positivo,t1_img_0132_06_01.webp,
https://github.com/fantasfor/Soulmask/blob/main/Talentos/IconesTalentos/t1_img_0122_06_01.webp?raw=true,Onslaught,Investida Feroz,"Unleash a ferocious offense to suppress the enemy. Depleting a target's Resilience will also remove their Superarmor. Attack Speed +10% for 12 seconds and gains Stamina if damage per hit > 5% of target's Max HP. (CD: [60,45,30]s)","Ao esgotar a resiliência do alvo, remove seu estado de superarmadura com a fúria de uma besta. Aumenta a velocidade de ataque em [60,45,30] por 12s. Se cada golpe causar mais de 5% dos PV máximos do alvo, recupera vida. (Recarga: 60s)",Warrior,Guerreiro,Positive Gifts,Positivo,t1_img_0122_06_01.webp,
https://github.com/fantasfor/Soulmask/blob/main/Talentos/IconesTalentos/t1_img_0008_06_01.webp?raw=true,Without a Sound,Sem Som,"Moves stealthily, making [10,30,50]% fewer sounds.","Move-se furtivamente, fazendo [10,30,50]% menos barulho.",,Nenhum,Positive Gifts,Positivo,t1_img_0008_06_01.webp,
https://github.com/fantasfor/Soulmask/blob/main/Talentos/IconesTalentos/t1_img_0098_06_01.webp?raw=true,Lose-lose,Perde-Perde,"The pain gradually becomes unbearable. When own weak spot is attacked, has a 25% chance to increase the damage dealt to the enemy's weak spot by [20,40,60]% in the next 15 seconds. However, the DMG taken on own weak spot also increases by [20,40,60]%. The effect lasts for 15 seconds. (CD: 25s)","Troca dor por poder. Ao ser atingido em um ponto fraco, tem [20,40,60]% de chance de aumentar o dano sofrido em pontos fracos do inimigo em [20,40,60]% por 15s, mas o dano sofrido em seus pontos fracos também aumenta em 60%. Dura 15s (CD: 25s)",,Nenhum,Positive Gifts,Positivo,t1_img_0098_06_01.webp,
https://github.com/fantasfor/Soulmask/blob/main/Talentos/IconesTalentos/t1_img_0171_06_01.webp?raw=true,Shield Bash,Bloqueio e Contra-Ataque com Escudo,"By mastering the shield technique, you can use (10% Max Stamina+[17,12,7]) Stamina to deflect melee attacks, inflicting damage equal to 100% of your ATK on the attacker. However, if your Stamina is less than 30% while defending yourself, you will take 200% damage.","Você domina técnicas habilidosas de defesa com escudo, consumindo 10% do vigor máximo + +[17,12,7] pontos adicionais para defender ataques corpo a corpo e causando dano ao atacante igual a 100% do seu próprio ataque. Se o vigor estiver abaixo de 30% no momento da defesa, você receberá o dobro do dano.",,Nenhum,Positive Gifts,Positivo,t1_img_0171_06_01.webp,
https://github.com/fantasfor/Soulmask/blob/main/Talentos/IconesTalentos/t1_img_0104_06_01.webp?raw=true,Wrath of Revenge,Ira de Vingança,"Channels fury into strength, becoming utterly infuriated when there's a dying or dead ally within 10 meters, ATK +[10,15,20]%, DEF +[15,20,25]%, Attack Speed +[5,7.5,10]%, Movement Speed +[5,10,15]%, and recover [10,15,20] Stamina per second for 20 seconds. (CD: 50s)","Transforma a tristeza e a raiva em força: ao ter um aliado em estado moribundo ou morto em um raio de 10 metros, fica completamente enfurecido, aumentando o Ataque em [10,15,20], a Defesa em +[15,20,25]%, a Velocidade de Ataque em 7,+[5,10,15]% e a Velocidade de Movimento em +[10,15,20]%, além de recuperar 15 pontos de Vigor por segundo durante 20s. (CD: 50s)",,Nenhum,Positive Gifts,Positivo,t1_img_0104_06_01.webp,
https://github.com/fantasfor/Soulmask/blob/main/Talentos/IconesTalentos/t1_img_0106_05_01.webp?raw=true,Enemy Down Fervency,Fervor de Abater,"Get more pumped after taking down each enemy. If there is a dying or killed enemy within 10 meters, gain [1,2,3] stacks of attack blocking effect, which is consumed upon being attacked. (CD: 40s)","Sempre que um inimigo é derrotado, a excitação aumenta. Quando um inimigo dentro de 10 metros está à beira da morte ou morre, recebe [1,2,3] cargas de bloqueio de dano. Cada ataque recebido consome [1,2,3] carga. (Recarga: 40s)",,Nenhum,Positive Gifts,Positivo,t1_img_0106_05_01.webp,
https://github.com/fantasfor/Soulmask/blob/main/Talentos/IconesTalentos/t1_img_0107_06_01.webp?raw=true,Merciless Means,Meios Implacáveis,"The enemy died a terrible death, reducing the Attack Speed of surviving enemies within 10 meters, reducing their Attack Speed by [5,10,15]%, Crit Resist by [10,15,20]% and DEF by [10,15,20]% for 20 seconds.","O inimigo teve uma morte horrível, os inimigos sobreviventes dentro de 10 metros têm sua Velocidade de Ataque reduzida em [5,10,15]%, Resistência a Crít. em [10,15,20]% em DEF em [10,15,20]% por 20 segundos.",,Nenhum,Positive Gifts,Positivo,t1_img_0107_06_01.webp,
https://github.com/fantasfor/Soulmask/blob/main/Talentos/IconesTalentos/t1_img_0009_06_01.webp?raw=true,Unnoticeable,Imperceptível,"Good at disguising. When spotted by enemies, Vigilance -[20,40,60]%.","Bom em disfarces. Quando avistado por inimigos, a Vigilância do inimigo é reduzida em -[20,40,60]%.",,Nenhum,Positive Gifts,Positivo,t1_img_0009_06_01.webp,
https://github.com/fantasfor/Soulmask/blob/main/Talentos/IconesTalentos/t1_img_0108_06_01.webp?raw=true,Slaughter Fervency,Fervor de Chacina,"There are no words to describe the thrill from killing enemies. Each time you kill or bring an enemy to near death, gain Superarmor and a huge Crit Resist boost for [5,7.5,10] seconds. (CD: 30s)","O prazer de abater um inimigo é indescritível. Sempre que fizer um inimigo ficar à beira da morte ou morrer, recebe 7,5 segundos de imunidade a interrupções e um aumento significativo na resistência a acertos críticos. (Recarga: 30s)",,Nenhum,Positive Gifts,Positivo,t1_img_0108_06_01.webp,
https://github.com/fantasfor/Soulmask/blob/main/Talentos/IconesTalentos/t1_img_0109_06_01.webp?raw=true,Determined,Determinado,"Stay composed in the face of danger. Gain a stat boost after staying still for 6 seconds, ATK +[1,1.5,2]%, Attack Speed +2%, Crit +[2,2,3]%, Crit DMG +[2,3,4]% at the cost of taking slightly higher damage, stacking up to 5 times; all effects are removed after moving.","Mente fria e foco inabalável: ao permanecer 6 segundos sem se mover, você ganha 1 acúmulo que aumenta o ataque em +[2,2,3]%, a velocidade de ataque em +[2,3,4]%, a chance de crítico em 3% e o dano crítico em 4%, mas também aumenta levemente o dano recebido. Pode acumular até 5 vezes. Mover-se remove todos os acúmulos.",,Nenhum,Positive Gifts,Positivo,t1_img_0109_06_01.webp,
https://github.com/fantasfor/Soulmask/blob/main/Talentos/IconesTalentos/t1_img_0113_06_01.webp?raw=true,Steel Body,Corpo de Aço,"When attacked, gains immunity to Hitstun if current Resilience is higher than [70,60,50]%.","Ganha imunidade a efeitos Tontura quando a Resiliência atual é maior que [70,60,50]% ao ser atacado.",,Nenhum,Positive Gifts,Positivo,t1_img_0113_06_01.webp,
https://github.com/fantasfor/Soulmask/blob/main/Talentos/IconesTalentos/t1_img_0118_06_01.webp?raw=true,Suppress Violence,Supressão da Violência,"Suppress enemies with sheer power. When hitting the target, has a [5,10,15]% chance to reduce their Crit by 7% for 15s, stacking up to 5 times.","Utiliza a força para subjugar os inimigos. Atacar e acertar o alvo tem [5,10,15]% de chance de reduzir a Taxa de Crít. do alvo em 7%, durando 15s, máximo de 5 acúmulos.",,Nenhum,Positive Gifts,Positivo,t1_img_0118_06_01.webp,
https://github.com/fantasfor/Soulmask/blob/main/Talentos/IconesTalentos/t1_img_0119_06_01.webp?raw=true,Malice,Malícia,"Generates malice towards enemies carries debuffs; when attacking targets within 5m under Poison, Burn and Bleed, has a 15% chance to gain a stack of effect that boost self Crit by [1,2,3]% and Crit DMG by [2,3,4]%, lasts for 10s, can be stacked up to 5 times.","Alimenta a maldade contra inimigos em estados adversos. Atacando alvos dentro de 5 m que estejam envenenados, queimados ou sangrando, tem [1,2,3]% de chance de obter um acúmulo que aumenta a Taxa de Crít. em [2,3,4]% e o Dano Crít. em 4%, por 10 segundos; máximo de 5 acúmulos.",,Nenhum,Positive Gifts,Positivo,t1_img_0119_06_01.webp,
,Stone cutting speed,Aceleração na Criação por Artesão,"Skilled stone cutters can shorten the time required to complete stone cutting work by [10, 20, 30]%.","Habilidade em técnicas de cerâmica, o tempo necessário para completar trabalhos de cerâmica é reduzido em 10%.",,Faz-tudo,Positive Gifts,Positivo,,
,Grinding acceleration,Acelerar Forno,"Mastering grinding techniques reduces the time required to complete grinding tasks by [10,20,30]%.","Habilidade em técnicas de cerâmica, o tempo necessário para completar trabalhos de cerâmica é reduzido em [10,20,30]%.",,Faz-tudo,Positive Gifts,Positivo,,
https://github.com/fantasfor/Soulmask/blob/main/Talentos/IconesTalentos/t1_img_0012_06_01.webp?raw=true,Strong Physique,Forte,This body has endured so much. Max Stamina +20.,Este corpo já suportou muito. Aumenta o vigor máximo em 20.,,Nenhum,Positive Gifts,Positivo,t1_img_0012_06_01.webp,
,Accelerating construction and manufacturing,Aceleração sob Estresse,"With proficiency in building manufacturing processes, the time required to complete building manufacturing work is shortened by [10,20,30]%.","Habilidade em processamento, o tempo necessário para completar missões de artesanato é reduzido em [10,20,30]%.",,Artesão,Positive Gifts,Positivo,,
https://github.com/fantasfor/Soulmask/blob/main/Talentos/IconesTalentos/t1_img_0143_06_01.webp?raw=true,Riposte,Contragolpe de Bloqueio,"When defending against melee attacks with a weapon (not a shield), there is a [10,15,20]% chance to use an additional 30 Stamina to Cripple the attacker for 5 seconds, significantly reducing their ATK.","Ao defender ataques corpo a corpo sem usar um escudo, há [10,15,20]% de chance de consumir 30 pontos de vigor adicionais para enfraquecer o atacante por 5 segundos, reduzindo significativamente seu ataque.",,Nenhum,Positive Gifts,Positivo,t1_img_0143_06_01.webp,
https://github.com/fantasfor/Soulmask/blob/main/Talentos/IconesTalentos/t1_img_0013_06_01.webp?raw=true,Crisis Response,Reação ao Perigo,"When attacked, has a 20% chance to increase DEF and Max HP by 5% each for 30 seconds. (CD: 50s)","Ao ser atacado, há 20% de chance de ativar, aumentando a Defesa em 5% e os PV Máximos em 5%, por 30 segundos. (CD: 50s)",,Nenhum,Positive Gifts,Positivo,t1_img_0013_06_01.webp,
https://github.com/fantasfor/Soulmask/blob/main/Talentos/IconesTalentos/t1_img_0014_06_01.webp?raw=true,Desperate Struggle,Último Esforço,Recovers 15% of HP in 5 seconds when HP is below 15%. (CD: 35s),"Quando os PV estão abaixo de 15%, recupera 15% de PV em 5 segundos. (CD: 35s)",,Nenhum,Positive Gifts,Positivo,t1_img_0014_06_01.webp,
https://github.com/fantasfor/Soulmask/blob/main/Talentos/IconesTalentos/t1_img_0015_06_01.webp?raw=true,Critical Counter,Momento de Contra-ataque,Gains a 5% damage boost for 6 seconds after blocking an enemy attack. (CD: 15s),"Após defender um ataque inimigo, ganha um efeito de aumento de dano em 5% por 6 segundos. (CD: 15s)",,Nenhum,Positive Gifts,Positivo,t1_img_0015_06_01.webp,
https://github.com/fantasfor/Soulmask/blob/main/Talentos/IconesTalentos/t1_img_0016_06_01.webp?raw=true,Escaping Death,Fugindo do Destino,"When HP is low (<15% or near death) and under attack, the attacker may face God's fury. (CD: 15s)","Se os PV estiverem abaixo de 15% ou em estado crítico ao ser atacado por um inimigo, o inimigo pode sofrer uma punição divina. (CD: 15s)",,Nenhum,Positive Gifts,Positivo,t1_img_0016_06_01.webp,
https://github.com/fantasfor/Soulmask/blob/main/Talentos/IconesTalentos/t1_img_0017_06_01.webp?raw=true,Camel Cow,Vacamelo,"Carries weight skillfully, Max Load +[20,40,60]%.","Carrega peso habilmente, aumentando a Carga Máxima em +[20,40,60]%.",,Nenhum,Positive Gifts,Positivo,t1_img_0017_06_01.webp,
https://github.com/fantasfor/Soulmask/blob/main/Talentos/IconesTalentos/t1_img_0018_06_01.webp?raw=true,Anti-Hunger,Antifome,"Has a strong body that is more resistant to hunger and able to store more food. Max Satiety +[20,30,40]%.","Tem um corpo forte que é mais resistente à fome e capaz de armazenar mais alimentos. A Saciedade Máxima aumenta em +[20,30,40]%.",,Nenhum,Positive Gifts,Positivo,t1_img_0018_06_01.webp,
https://github.com/fantasfor/Soulmask/blob/main/Talentos/IconesTalentos/t1_img_0021_06_01.webp?raw=true,Good Hearing,Boa Audição,"Good hearing, able to hear sounds [5,10,15] decibels lower than the average person.","Audição apurada, capaz de ouvir sons [5,10,15] decibéis mais baixos que a pessoa média.",,Nenhum,Positive Gifts,Positivo,t1_img_0021_06_01.webp,
https://github.com/fantasfor/Soulmask/blob/main/Talentos/IconesTalentos/t1_img_0022_06_01.webp?raw=true,Blood Activating,Ativação Sanguínea,"Has abundant vitality, HP Recovery Speed +[50,100,200]%.","Tem vitalidade abundante, a Velocidade de Recuperação de PV aumenta em +[50,100,200]%.",,Nenhum,Positive Gifts,Positivo,t1_img_0022_06_01.webp,
https://github.com/fantasfor/Soulmask/blob/main/Talentos/IconesTalentos/t1_img_0023_06_01.webp?raw=true,Full Stamina,Vigor Completo,"Improves stamina recovery, receiving an additional [15,25,50]% from each stamina recovery.","A eficiência da recuperação de Vigor é maior. A cada nova recuperação de Vigor, recupera [15,25,50]% a mais que na anterior.",,Nenhum,Positive Gifts,Positivo,t1_img_0023_06_01.webp,
https://github.com/fantasfor/Soulmask/blob/main/Talentos/IconesTalentos/t1_img_0024_06_01.webp?raw=true,Slow Absorption (Food),Absorção Lenta (Alimento),"The food is digested slower, Satiety Consumption -[10,30,50]%.","O alimento é digerida mais lentamente, resultando em uma diminuição de -[10,30,50]% no consumo de alimentos.",,Nenhum,Positive Gifts,Positivo,t1_img_0024_06_01.webp,
https://github.com/fantasfor/Soulmask/blob/main/Talentos/IconesTalentos/t1_img_0025_06_01.webp?raw=true,Slow Absorption (Water),Absorção Lenta (Água),"Slow water absorption. Water Consumption -[10,30,50]%","Hidratação lenta, resultando em uma diminuição de -[10,30,50]% no consumo de hidratação.",,Nenhum,Positive Gifts,Positivo,t1_img_0025_06_01.webp,
https://github.com/fantasfor/Soulmask/blob/main/Talentos/IconesTalentos/t1_img_0026_06_01.webp?raw=true,Rapid Growth,Crescimento Rápido,"Good at reflecting on the past. Character EXP gained +[30,50,80]%.","Bom em refletir sobre o passado. A EXP de Crescimento ganha pelo personagem aumenta em +[30,50,80]%.",,Nenhum,Positive Gifts,Positivo,t1_img_0026_06_01.webp,
https://github.com/fantasfor/Soulmask/blob/main/Talentos/IconesTalentos/t1_img_0027_06_01.webp?raw=true,Single Blade DMG Increase,Aumento de Dano da Lâmina de Uma Mão,"A blade is more powerful when used with one hand. Single blade DMG +[3,6,9]%.","Uma lâmina é mais poderosa quando usada com uma mão. O dano causado por uma lâmina de uma mão aumenta em +[3,6,9]%.",,Nenhum,Positive Gifts,Positivo,t1_img_0027_06_01.webp,
https://github.com/fantasfor/Soulmask/blob/main/Talentos/IconesTalentos/t1_img_0001_06_01.webp?raw=true,Swift Pace,Passo Veloz,"Fast paced, Movement Speed +[3,6,9]%.","Ritmo rápido, aumenta a Velocidade de Movimento em +[3,6,9]%.",,Nenhum,Positive Gifts,Positivo,t1_img_0001_06_01.webp,
https://github.com/fantasfor/Soulmask/blob/main/Talentos/IconesTalentos/t1_img_0028_06_01.webp?raw=true,Spear DMG Increase,Aumento de Dano da Lança,"A spear grants greater power. Spear DMG +[3,6,9]%.","Usar uma lança causa mais dano. O dano causado por lança aumenta em +[3,6,9]%.",,Nenhum,Positive Gifts,Positivo,t1_img_0028_06_01.webp,
https://github.com/fantasfor/Soulmask/blob/main/Talentos/IconesTalentos/t1_img_0029_06_01.webp?raw=true,Bow DMG Increase,Aumento de Dano do Arco,"Using a bow deals more damage. Bow DMG +[3,6,9]%.","Usar um arco causa mais dano. O dano causado por arco aumenta em +[3,6,9]%.",,Nenhum,Positive Gifts,Positivo,t1_img_0029_06_01.webp,
https://github.com/fantasfor/Soulmask/blob/main/Talentos/IconesTalentos/t1_img_0030_06_01.webp?raw=true,Hammer DMG Increase,Aumento de Dano do Martelo,"A hammer grants greater power. Hammer DMG +[3,6,9]%.","Um martelo maior confere maior poder. O dano causado por martelo aumenta em +[3,6,9]%.",,Nenhum,Positive Gifts,Positivo,t1_img_0030_06_01.webp,
https://github.com/fantasfor/Soulmask/blob/main/Talentos/IconesTalentos/t1_img_0031_06_01.webp?raw=true,Gauntlets DMG Increase,Aumento de Dano das Manoplas,"Using a pair of gauntlets deals more damage. Gauntlets DMG +[3,6,9]%.","Usar um par de manoplas causa mais dano. O dano causado por manoplas aumenta em +[3,6,9]%.",,Nenhum,Positive Gifts,Positivo,t1_img_0031_06_01.webp,
https://github.com/fantasfor/Soulmask/blob/main/Talentos/IconesTalentos/t1_img_0033_06_01.webp?raw=true,Dual-blade DMG Increase,Aumento de Dano da Lâmina de Duas Mãos,"Using a dual-blade deals more damage. Dual-blades DMG +[3,6,9]%.","Usar uma lâmina de duas mãos causa mais dano. O dano causado por lâmina de duas mãos aumenta em +[3,6,9]%.",,Nenhum,Positive Gifts,Positivo,t1_img_0033_06_01.webp,
https://github.com/fantasfor/Soulmask/blob/main/Talentos/IconesTalentos/t1_img_0034_06_01.webp?raw=true,Hardened Skin - Anti-Pierce,Pele Endurecida - Antiperfuração,"Thick skin resists Pierce attacks. DMG taken from piercing-type attacks -[10,15,20]%.","Pele grossa, sofre -[10,15,20]% menos dano de perfuração.",,Nenhum,Positive Gifts,Positivo,t1_img_0034_06_01.webp,
https://github.com/fantasfor/Soulmask/blob/main/Talentos/IconesTalentos/t1_img_0035_06_01.webp?raw=true,Hardened Skin - Anti-Slash,Pele Endurecida - Anticorte,"Thick skin resists slashes. DMG taken from slash-type attacks -[10,15,20]%.","Pele resistente a cortes, sofre -[10,15,20]% menos dano de Corte.",,Nenhum,Positive Gifts,Positivo,t1_img_0035_06_01.webp,
https://github.com/fantasfor/Soulmask/blob/main/Talentos/IconesTalentos/t1_img_0036_06_01.webp?raw=true,Hardened Skin - Anti-Blunt Strike,Pele Endurecida - Anticontusão,"Thick skin resists slams. DMG taken from blunt-type attacks -[10,15,20]%.","Pele dura, sofre -[10,15,20]% menos dano de golpes cortantes.",,Nenhum,Positive Gifts,Positivo,t1_img_0036_06_01.webp,
https://github.com/fantasfor/Soulmask/blob/main/Talentos/IconesTalentos/t1_img_0002_06_01.webp?raw=true,Fierce Attack,Ataque Feroz,"Launches a fierce attack, Attack Speed +[3,6,9]%.","Lança um ataque feroz, aumentando a Velocidade de Ataque em +[3,6,9]%.",,Nenhum,Positive Gifts,Positivo,t1_img_0002_06_01.webp,
https://github.com/fantasfor/Soulmask/blob/main/Talentos/IconesTalentos/t1_img_0039_06_01.webp?raw=true,Trick Force,Astúcia,"Mastered how to use force most effectively. Stamina cost -[10,20,30]%.","Dominou a arte de usar a força de maneira mais eficaz. O custo de Vigor é reduzido em -[10,20,30]%..",,Nenhum,Positive Gifts,Positivo,t1_img_0039_06_01.webp,
https://github.com/fantasfor/Soulmask/blob/main/Talentos/IconesTalentos/t1_img_0041_06_01.webp?raw=true,Remote Strike,Ataque à Distância,"The attack gets stronger the farther away the enemy is. DMG to enemies 15 meters away +[3,6,9]%","Mais forte à distância. Aumenta o dano em +[3,6,9]% contra inimigos a mais de 15 m",,Nenhum,Positive Gifts,Positivo,t1_img_0041_06_01.webp,
https://github.com/fantasfor/Soulmask/blob/main/Talentos/IconesTalentos/t1_img_0042_06_01.webp?raw=true,Extraordinary Talent,Talento Extraordinário,"Blessing bestowed by the gods; triggering chance of all probabilistic talents +[10,15,20]%.","A bênção dos deuses aumenta a chance de ativação de todos os talentos probabilísticos em +[10,15,20]%.",,Nenhum,Positive Gifts,Positivo,t1_img_0042_06_01.webp,
https://github.com/fantasfor/Soulmask/blob/main/Talentos/IconesTalentos/t1_img_0045_06_01.webp?raw=true,Quick Reload,Recarga Rápida,"A born genius, natural with all sorts of gadgets. Crossbow Tower, Ballista Reload Speed +[20,35,50]%.","Esse cara é esperto desde pequeno e aprende a usar qualquer equipamento rapidamente. A velocidade de recarga na Torre de Flechas e na Balista de Cerco é reduzida em +[20,35,50]%.",,Nenhum,Positive Gifts,Positivo,t1_img_0045_06_01.webp,
https://github.com/fantasfor/Soulmask/blob/main/Talentos/IconesTalentos/t1_img_0047_06_01.webp?raw=true,Last Radiance,Último Resplendor,"Possesses tenacious vitality, able to recover 20% of HP in 5 seconds when HP is below [10,20,30]%. (CD: 40s)","Possui vitalidade tenaz, capaz de recuperar [10,20,30]% do PV por 5 segundos quando o PV está abaixo de 20%. (CD: 40s)",,Nenhum,Positive Gifts,Positivo,t1_img_0047_06_01.webp,
https://github.com/fantasfor/Soulmask/blob/main/Talentos/IconesTalentos/t1_img_0003_06_01.webp?raw=true,Powerful Attack,Ataque Poderoso,"Has a brutal strength. ATK +[3,6,9]%.","Força brutal inata que aumenta o ATQ em +[3,6,9]%.",,Nenhum,Positive Gifts,Positivo,t1_img_0003_06_01.webp,
https://github.com/fantasfor/Soulmask/blob/main/Talentos/IconesTalentos/t1_img_0048_06_01.webp?raw=true,Wild Nature Awakened,Despertar da Natureza Selvagem,"Dangers of death will bring out the wildness within. When HP is below 30%, ATK +[10,15,20]%, Stamina +[10,15,20] per second, DEF -20%, lasting for 15 seconds. (CD: 30s)","Perigos da morte trazem à tona a selvageria interior. Quando o PV está abaixo de 30%, o ATQ aumenta em +[10,15,20]% e 10 de Vigor são recuperados por segundo, enquanto a própria DEF diminui em 20%, durando por 15 segundos. (CD: 30s)",,Nenhum,Positive Gifts,Positivo,t1_img_0048_06_01.webp,
https://github.com/fantasfor/Soulmask/blob/main/Talentos/IconesTalentos/t1_img_0051_06_01.webp?raw=true,Spreading Flames,Propagação das Chamas,"When I'm on fire, no one can escape! When the body is ignited, the burn effect can be transferred to enemies within a [1,2,3]m radius.","Eu queimei, ninguém vai escapar! Quando o corpo está em chamas, o efeito incendiário é transmitido para inimigos em um raio de [1,2,3] metro.",,Nenhum,Positive Gifts,Positivo,t1_img_0051_06_01.webp,
https://github.com/fantasfor/Soulmask/blob/main/Talentos/IconesTalentos/t1_img_0052_06_01.webp?raw=true,Fatal,Fatal,"Damaging a target with less than 30% HP has a 20% chance to increase the damage by [15,20,25]% and inflict a 5-second hidden wound. If the target moves with haste while wounded, they’ll bleed heavily, losing HP equal to [40,60,80]% of the attacker's ATK per second.","Ao causar dano a alvos com menos de [15,20,25]% de PV, há [40,60,80]% de chance de aumentar o dano em 15% e aplicar uma ferida oculta por 5s. Durante esse tempo, sprintar causa sangramento intenso, drenando PV equivalente a 40% do seu ataque por segundo.",,Nenhum,Positive Gifts,Positivo,t1_img_0052_06_01.webp,
https://github.com/fantasfor/Soulmask/blob/main/Talentos/IconesTalentos/t1_img_0054_06_01.webp?raw=true,Bite the Bullet,Suportando Tudo,"Potential is activated under the spur of motivation. When under attack, there is a 30% chance to increase self Max Load by [20,30,50]% for 10 seconds. (CD: 30s)","O potencial é ativado sob o estímulo da motivação. Quando sob ataque, há [20,30,50]% de chance de aumentar a Carga Máxima em 20% por 10 segundos. (CD: 30s)",,Nenhum,Positive Gifts,Positivo,t1_img_0054_06_01.webp,
https://github.com/fantasfor/Soulmask/blob/main/Talentos/IconesTalentos/t1_img_0056_06_01.webp?raw=true,Fire Deterrence,Dissuasão Flamejante,"The ghastly vision of the burning body deals a crushing blow to the enemy's courage, reducing their ATK and movement speed by 10% within a [3,5,8]m radius for 10 seconds, stacking up to 3 times.","A visão aterrorizante do corpo em chamas intimida inimigos, reduzindo o ataque e a velocidade de movimento em [3,5,8] em um raio de 3 metros por 10 segundos, acumulando até 3 vezes.",,Nenhum,Positive Gifts,Positivo,t1_img_0056_06_01.webp,
https://github.com/fantasfor/Soulmask/blob/main/Talentos/IconesTalentos/t1_img_0057_06_01.webp?raw=true,Crave for Blood,Desejo de Sangue,"With the desire for blood, when attacking targets within 5 meters, has a 25% chance to convert [10,20,30]% of damage into HP restoration to self.","Com o desejo de sangue, ao atacar alvos a até 5 metros, tem [10,20,30]% de chance de converter 10% do dano em restauração de PV para si.",,Nenhum,Positive Gifts,Positivo,t1_img_0057_06_01.webp,
https://github.com/fantasfor/Soulmask/blob/main/Talentos/IconesTalentos/t1_img_0004_06_01.webp?raw=true,Enhance DEF,Aumento de DEF,"Has a higher defense than most people, DEF +[3,6,9]%.","Tem uma defesa superior à da maioria das pessoas, aumentando a DEF em +[3,6,9]%.",,Nenhum,Positive Gifts,Positivo,t1_img_0004_06_01.webp,
https://github.com/fantasfor/Soulmask/blob/main/Talentos/IconesTalentos/t1_img_0060_05_01.webp?raw=true,Surprise Attack,Ataque Surpresa,"Each part has weak spots. Has a [10%,15%,20] chance for taking any part hit as a weak spot.","Cada parte tem pontos fracos. Atacar qualquer parte tem [10, 15, 20]% de chance de considerá-la como um ponto fraco.",,Nenhum,Positive Gifts,Positivo,t1_img_0060_05_01.webp,
https://github.com/fantasfor/Soulmask/blob/main/Talentos/IconesTalentos/t1_img_0062_06_01.webp?raw=true,Clever Escape,Fuga Inteligente,"Stores up Stamina to make a quick getaway at any time, also recovers [10,15,25] Stamina from Hitstun. (CD: 5s)","Guarda Vigor para fazer uma fuga rápida a qualquer momento, também recupera [10,15,25] de Vigor ao sofrer Tontura. (CD: 5s)",,Nenhum,Positive Gifts,Positivo,t1_img_0062_06_01.webp,
https://github.com/fantasfor/Soulmask/blob/main/Talentos/IconesTalentos/t1_img_0064_05_01.webp?raw=true,Hardened Body,Corpo Endurecido,"When facing threats, the body tenses up instantly. During Hitstun, there is a 20% chance of gaining Superarmor for [1,2,3] seconds. (CD: 5s)","Ao enfrentar uma ameaça, retesa o corpor instantaneamente. Quando afetado por Tontura, há 20% de chance de obter [1,2,3] segundos de Corpo Robusto. (CD: 5s)",,Nenhum,Positive Gifts,Positivo,t1_img_0064_05_01.webp,
https://github.com/fantasfor/Soulmask/blob/main/Talentos/IconesTalentos/t1_img_0065_06_01.webp?raw=true,Head Stress Response,Resposta ao Estresse da Cabeça,"The stress response has a 20% chance to kick in when the head is attacked, DMG taken -[20,30,50]% for 5 seconds. (CD: 12s)","Ao ser atingido na cabeça, há -[20,30,50]% de chance de gerar uma resposta ao estresse, reduzindo o dano recebido em 20% nos próximos 5s. (CD: 12s)",,Nenhum,Positive Gifts,Positivo,t1_img_0065_06_01.webp,
https://github.com/fantasfor/Soulmask/blob/main/Talentos/IconesTalentos/t1_img_0066_06_01.webp?raw=true,Arm Stress Response,Resposta ao Estresse do Braço,"The stress response has a 20% chance to kick in when the arm is attacked, DMG taken -[20,30,50]% for 5 seconds. (CD: 12s)","Ao ser atingido no braço, há -[20,30,50]% de chance de gerar uma resposta ao estresse, reduzindo o dano recebido em 20% nos próximos 5s. (CD: 12s)",,Nenhum,Positive Gifts,Positivo,t1_img_0066_06_01.webp,
https://github.com/fantasfor/Soulmask/blob/main/Talentos/IconesTalentos/t1_img_0067_06_01.webp?raw=true,Torso Stress Response,Resposta ao Estresse do Tronco,"The stress response has a 20% chance to kick in when the torso is attacked, DMG taken -[20,30,50]% for 5 seconds. (CD: 12s)","Ao ser atingido no tronco, há -[20,30,50]% de chance de gerar uma resposta ao estresse, reduzindo o dano recebido em 20% nos próximos 5s. (CD: 12s)",,Nenhum,Positive Gifts,Positivo,t1_img_0067_06_01.webp,
https://github.com/fantasfor/Soulmask/blob/main/Talentos/IconesTalentos/t1_img_0005_06_01.webp?raw=true,Injury Relieve,Alívio de Lesão,"Born to be tough and resilient, DMG taken -[3,6,9]%.","Nasceu para resistir, sofre -[3,6,9]% menos dano.",,Nenhum,Positive Gifts,Positivo,t1_img_0005_06_01.webp,
https://github.com/fantasfor/Soulmask/blob/main/Talentos/IconesTalentos/t1_img_0068_06_01.webp?raw=true,Thigh Stress Response,Resposta ao Estresse da Coxa,"The stress response has a 20% chance to kick in when the thigh is attacked, DMG taken -[20,30,50]% for 5 seconds. (CD: 12s)","Ao ser atingido na coxa, há -[20,30,50]% de chance de gerar uma resposta ao estresse, reduzindo o dano recebido em 20% nos próximos 5s. (CD: 12s)",,Nenhum,Positive Gifts,Positivo,t1_img_0068_06_01.webp,
https://github.com/fantasfor/Soulmask/blob/main/Talentos/IconesTalentos/t1_img_0070_06_01.webp?raw=true,Torso Destruction,Destruição do Tronco,"Familiar with torso structure. When attacking the torso of the target, has a 20% chance to increase DMG by [10,15,25]%.","Familiarizado com a estrutura do tronco. Ao atacar o tronco do alvo, tem [10,15,25]% de chance de aumentar o Dano em 10%.",,Nenhum,Positive Gifts,Positivo,t1_img_0070_06_01.webp,
https://github.com/fantasfor/Soulmask/blob/main/Talentos/IconesTalentos/t1_img_0073_06_01.webp?raw=true,Weak Spot Enhance,Aprimoramento de Ponto Fraco,"Intentionally strengthens own weak spots. Damage taken when hit -[20,40,60]%.","Fortalece intencionalmente seus próprios pontos fracos, reduzindo o dano sofrido em -[20,40,60]% quando são atingidos.",,Nenhum,Positive Gifts,Positivo,t1_img_0073_06_01.webp,
https://github.com/fantasfor/Soulmask/blob/main/Talentos/IconesTalentos/t1_img_0074_06_01.webp?raw=true,Fight Back,Contra-Ataque,"Each joint of the body is a lethal weapon. When a body part(except head) other than the weak spots is hit by a melee attack within a 5m range, [10,15,20]% of the damage is returned back to the attacker.","Cada articulação do corpo é uma arma letal. Quando uma parte do corpo (exceto a cabeça) que não seja um ponto fraco é atingida por um ataque corpo a corpo dentro de um alcance de 5 m, [10,15,20]% do dano é devolvido ao atacante.",,Nenhum,Positive Gifts,Positivo,t1_img_0074_06_01.webp,
https://github.com/fantasfor/Soulmask/blob/main/Talentos/IconesTalentos/t1_img_0075_06_01.webp?raw=true,Weakness Thump,Golpe no Ponto Fraco,"Attacking the enemy's weak spot has a 25% chance of increasing damage by [15,20,25]%.","Atacar o ponto fraco do inimigo tem [15,20,25]% de chance de aumentar o dano em 15%.",,Nenhum,Positive Gifts,Positivo,t1_img_0075_06_01.webp,
https://github.com/fantasfor/Soulmask/blob/main/Talentos/IconesTalentos/t1_img_0077_05_01.webp?raw=true,Loadless Fast Marching,Marcha Rápida com Pouca Carga,"Unleash agility with a lighter pack. Movement Speed +[5,10,15]% when the Load is less than 50%.","Libera agilidade com uma carga mais leve. A Velocidade de Movimento aumenta em +[5,10,15]% quando a Carga está abaixo de 50%.",,Nenhum,Positive Gifts,Positivo,t1_img_0077_05_01.webp,
https://github.com/fantasfor/Soulmask/blob/main/Talentos/IconesTalentos/t1_img_0006_06_01.webp?raw=true,Full Vitality,Vitalidade Completa,"A rosy, glowing complexion indicates good health, Max HP +[3,6,9]%.","Complexão rosada e brilhante indica boa saúde, aumenta o PV máximo em +[3,6,9]%.",,Nenhum,Positive Gifts,Positivo,t1_img_0006_06_01.webp,
https://github.com/fantasfor/Soulmask/blob/main/Talentos/IconesTalentos/t1_img_0078_06_01.webp?raw=true,Loaded Raid,Incursão Carregada,"Travels faster despite carrying weight. When load is above 90%, Movement Speed +[10,20,40]%.","Viaja mais rápido apesar de carregar peso. Quando a carga está acima de 90%, a Velocidade de Movimento aumenta em +[10,20,40]%.",,Nenhum,Positive Gifts,Positivo,t1_img_0078_06_01.webp,
https://github.com/fantasfor/Soulmask/blob/main/Talentos/IconesTalentos/t1_img_0079_06_01.webp?raw=true,Endurance,Resistência,"After fending off an enemy attack, DEF +[30,50,80]% for 12 seconds and gains immunity to critical hits during this time. (CD: 30s)","Ao defender um ataque inimigo, aumenta a defesa em +[30,50,80]% por 12s. Durante esse período, não pode sofrer acertos críticos. (Recarga: 30s)",,Nenhum,Positive Gifts,Positivo,t1_img_0079_06_01.webp,
https://github.com/fantasfor/Soulmask/blob/main/Talentos/IconesTalentos/t1_img_0080_06_01.webp?raw=true,Defense to Offense,Defensiva para Ofensiva,"Mastered great skills for reflecting attacks. Returns a [20,35,50]% of damage to the attacker after successfully reflecting the enemy's melee attack.","Dominou grandes habilidades para refletir ataques. Retorna [20,35,50]% do dano ao atacante após refletir com sucesso o ataque corpo a corpo do inimigo.",,Nenhum,Positive Gifts,Positivo,t1_img_0080_06_01.webp,
https://github.com/fantasfor/Soulmask/blob/main/Talentos/IconesTalentos/t1_img_0082_05_01.webp?raw=true,Dodge and Strike,Esquivar e Atacar,"Successfully dodging an enemy attack increases Movement Speed +[10,20,30]%, Attack Speed +[10,20,30]%, ATK +[5,7.5,10]% for 5 seconds. (CD: 10s)","Após desviar com sucesso de um ataque inimigo, aumenta em +[10,20,30]% a Velocidade de Movimento e de Ataque, e em 7,5% o ATQ por 5s (CD: 10s)",,Nenhum,Positive Gifts,Positivo,t1_img_0082_05_01.webp,
https://github.com/fantasfor/Soulmask/blob/main/Talentos/IconesTalentos/t1_img_0083_06_01.webp?raw=true,Extreme Dodge,Esquiva Extrema,"Instantly recovers [15,25,35] Stamina after dodging enemy attacks.","Recupera [15,25,35] de Vigor imediatamente após esquivar-se com sucesso de um ataque.",,Nenhum,Positive Gifts,Positivo,t1_img_0083_06_01.webp,
https://github.com/fantasfor/Soulmask/blob/main/Talentos/IconesTalentos/t1_img_0086_06_01.webp?raw=true,Static Recovery,Recuperação Estática,"Life is in stillness. When remaining stationary for 15 seconds without any movement, slowly recovers HP equal to [15,20,25]% of DEF per second.","Vida em repouso. Ao ficar sem se movimentar por 15 s, inicia uma recuperação gradual, recuperando [15,20,25]% da DEF em PV por segundo.",,Nenhum,Positive Gifts,Positivo,t1_img_0086_06_01.webp,
https://github.com/fantasfor/Soulmask/blob/main/Talentos/IconesTalentos/t1_img_0007_06_01.webp?raw=true,Light Footsteps,Passos Leves,"Takes soft steps, reducing the volume footfall noise by [10,30,50]%.","Caminha com passos suaves, reduzindo o volume do barulho dos passos em [10,30,50]%.",,Nenhum,Positive Gifts,Positivo,t1_img_0007_06_01.webp,
https://github.com/fantasfor/Soulmask/blob/main/Talentos/IconesTalentos/t1_img_0092_05_01.webp?raw=true,Quick Bandaging,Bandagem Rápida,"The multi-time [3,2,1] rd place of the tribe's bandaging competition. Bandage Time -[30%,40%,50%]%","Já ganhou o terceiro lugar várias vezes no campeonato de bandagem organizado pela tribo. O tempo de bandagem é reduzido em [3,2,1].",,Nenhum,Positive Gifts,Positivo,t1_img_0092_05_01.webp,
https://github.com/fantasfor/Soulmask/blob/main/Talentos/IconesTalentos/t1_img_0093_06_01.webp?raw=true,Blood Absorption,Absorção de Sangue,"Satiate hunger with blood. Dealing damage to targets within 5 meters has a [5,10,15]% chance to inflict additional damage equal to 3% of their Max HP (up to 100 HP) and heal the attacker for the same amount. This effect is 5% stronger (up to 150 HP) against bleeding targets.","Sede de Sangue: ao causar dano a um alvo dentro de 5 metros, há [5,10,15]% de chance de fazê-lo perder 3% do PV máximo (até 100 pontos) e restaurar a mesma quantidade para o atacante. Se o alvo estiver sangrando, o efeito aumenta para 5% (até 150 pontos).",,Nenhum,Positive Gifts,Positivo,t1_img_0093_06_01.webp,
https://github.com/fantasfor/Soulmask/blob/main/Talentos/IconesTalentos/t1_img_0095_06_01.webp?raw=true,Fight to Death,Lutar até a Morte,"Prefers counterattack to defense. When attacked, has a 20% chance to increase own ATK by [20,30,50]% at the cost of reducing DEF by [20,30,50]% for 15 seconds. (CD: 25s)","Prefira o contra-ataque à defesa. Ao sofrer ataque há 20% de chance de aumentar o dano causado em [20,30,40]%, mas o dano sofrido também aumenta [20,30,40]%, dura 15s.(CD 25s)",,Nenhum,Positive Gifts,Positivo,t1_img_0095_06_01.webp,
https://github.com/fantasfor/Soulmask/blob/main/Talentos/IconesTalentos/t1_img_0097_05_01.webp?raw=true,Bloodbath Recovery,Recuperação de Banho de Sangue,"Blood is life. Taking damage has a 20% chance to activate Bloodlust Recovery, restoring HP equal to [10,20,30]% of own ATK per second for 15 seconds. HP lost to Bleeding during this effect is converted into [1.0,1.25,1.5]x the amount of HP recovery. (CD: 25s)","Sangue é vida. Ao ser atacado, há [10,20,30]% de chance de lamber o sangue para se curar, restaurando 30% da vida com base no seu poder de ataque por segundo, durante 15s. Durante esse tempo, a vida perdida por sangramento será convertida em 1,5 vezes a vida recuperada. (Tempo de recarga: 25s)",,Nenhum,Positive Gifts,Positivo,t1_img_0097_05_01.webp,
https://github.com/fantasfor/Soulmask/blob/main/Talentos/IconesTalentos/t5_img_0001_06_01.webp?raw=true,Weapon Master,Mestre das Armas,"Proficient in a variety of weapons, DMG dealt with any weapon +10%, Attack Speed +10%.","Proficiente em uma variedade de armas, o dano causado com qualquer arma aumenta em 10% e a Velocidade de Ataque aumenta em 10%.",,Nenhum,Title,Título,t5_img_0001_06_01.webp,
https://github.com/fantasfor/Soulmask/blob/main/Talentos/IconesTalentos/t5_img_0002_06_01.webp?raw=true,Hardbone,Osso Duro,A true master of endurance. Immune to critical hits if the unit's Resilience is above 50% when attacked.,"Ninguém apanha melhor do que ele. Se a resiliência atual estiver acima de 50%, não pode sofrer acertos críticos.",,Nenhum,Title,Título,t5_img_0002_06_01.webp,
https://github.com/fantasfor/Soulmask/blob/main/Talentos/IconesTalentos/t5_img_0003_06_01.webp?raw=true,Heartcaptor,Conquistador de Corações,The notorious executioner of the tribe. +12% Damage when attacking the Torso of the target.,"Como um carrasco da tribo de reputação notória, o dano causado à região do Tronco aumenta permanentemente em 12%.",,Nenhum,Title,Título,t5_img_0003_06_01.webp,
https://github.com/fantasfor/Soulmask/blob/main/Talentos/IconesTalentos/t5_img_0004_06_01.webp?raw=true,Nightwalker,Contra-Ataque,"Get used to the dark and become a part of it. When moving at night, Movement Speed +10%, Crit +5%.",Adapte-se à escuridão e seja parte dela. Aumenta a Velocidade de Movimento em 10% e o Crít. em 5% durante a noite.,,Nenhum,Title,Título,t5_img_0004_06_01.webp,
https://github.com/fantasfor/Soulmask/blob/main/Talentos/IconesTalentos/t5_img_0005_06_01.webp?raw=true,Axe Killer,Recuperação Habilidosa,The ancestral throwing axe skill has the power to render prey fragile. Hitting a target with the throwing axe increases its DMG taken by 10% for 10 seconds.,Uma técnica ancestral de arremesso de machadinhas que pode enfraquecer a presa. Acertar um alvo com uma machadinha aumentará o dano que ele recebe em 10% por 10 segundos.,,Nenhum,Title,Título,t5_img_0005_06_01.webp,
https://github.com/fantasfor/Soulmask/blob/main/Talentos/IconesTalentos/t5_img_0006_06_01.webp?raw=true,Fly Cutter Assassin,Assassino da Faca de Arremesso,"Made a name by taking down a tribal leader with a fly cutter from several meters away, leaving him bleeding out. When hitting the target, inflicts a bleeding effect that drains HP equal to 20% of self ATK per second, lasting 10s, and stackable.","Ganhou fama ao matar um chefe de uma tribo a vários metros de distância com uma faca de arremesso, fazendo-o sangrar até a morte. É capaz de causar um efeito de sangramento de 20% do poder de ataque por segundo, com duração de 10 segundos, podendo ser acumulado.",,Nenhum,Title,Título,t5_img_0006_06_01.webp,
https://github.com/fantasfor/Soulmask/blob/main/Talentos/IconesTalentos/t5_img_0007_06_01.webp?raw=true,Lung Piercer,Profissional em Corte de Madeira,Throws off the prey's breathing rhythm. Hitting a target with the lance reduces its Stamina Recovery by 80% for 10 seconds.,"Desestabiliza a respiração do alvo, fazendo a presa entrar em pânico. Acertar um alvo com uma lança reduzirá sua capacidade de recuperação de vigor em 80% por 10 segundos.",,Nenhum,Title,Título,t5_img_0007_06_01.webp,
https://github.com/fantasfor/Soulmask/blob/main/Talentos/IconesTalentos/t5_img_0008_06_01.webp?raw=true,Archery Master,Aceleração sob Estresse,"The prey's destiny is sealed as the arrow leaves the bowstring. Using a bow grants a 20% chance to designate any hit part as a weak spot, and reduces the target's Movement Speed by 50% for 6 seconds.",O destino da presa é selado no momento em que a flecha deixa o arco. Arcos têm 20% de chance de considerar qualquer parte do corpo atingida como um ponto fraco e reduzir a velocidade de movimento do alvo em 50% por 6 segundos.,,Nenhum,Title,Título,t5_img_0008_06_01.webp,
https://github.com/fantasfor/Soulmask/blob/main/Talentos/IconesTalentos/t5_img_0009_06_01.webp?raw=true,Expert Craftsman,Origem - Artesão,"Skilled in crafting, the proficiency growth rate for cooking and crafting +50%.","Hábil em artesanato, a taxa de crescimento da proficiência em culinária e artesanato aumenta em 50%.",,Nenhum,Title,Título,t5_img_0009_06_01.webp,
https://github.com/fantasfor/Soulmask/blob/main/Talentos/IconesTalentos/t5_img_0010_06_01.webp?raw=true,Skilled Hand,Não gosta de calor ameno,"Skilled in crafting, the proficiency growth rate for weapon crafting, armor crafting, and alchemy +50%.","Hábil em artesanato, a taxa de crescimento da proficiência em fabricação de armas, fabricação de armaduras e alquimia aumenta em 50%.",,Nenhum,Title,Título,t5_img_0010_06_01.webp,
https://github.com/fantasfor/Soulmask/blob/main/Talentos/IconesTalentos/t5_img_0011_06_01.webp?raw=true,Butcher In Woods,Açougueiro na Floresta,Animal killer; Damage dealt to non-human creatures +10%.,"Assassino de animais, aumenta o dano em 10% contra criaturas não humanas.",,Nenhum,Title,Título,t5_img_0011_06_01.webp,
https://github.com/fantasfor/Soulmask/blob/main/Talentos/IconesTalentos/t5_img_0012_06_01.webp?raw=true,Death Bringer,Determinado,"Gets a rush from attacking near-death enemies or enemies below 30% of Max HP, gaining a 25% chance to increase ATK and Movement Speed by 20%, and Attack Speed by 10% for 8 seconds. (CD: 30s)","Atacar inimigos com PV abaixo de 30% ou em estado crítico causar entusiasmo, com 25% de chance de aumentar temporariamente o poder de ataque em 20%, a velocidade de movimento em 20%, e a velocidade de ataque em 10%, por 8 segundos. (CD: 30s)",,Nenhum,Title,Título,t5_img_0012_06_01.webp,
https://github.com/fantasfor/Soulmask/blob/main/Talentos/IconesTalentos/t5_img_0013_06_01.webp?raw=true,Chest Breaker,Mais e Mais Coragem,"Able to quickly open any box, no matter how intricate it is. The speed of opening boxes +80%.","Capaz de abrir rapidamente qualquer caixa, não importa quão intrincada seja. A velocidade de abertura de caixas aumenta em 80%.",,Nenhum,Title,Título,t5_img_0013_06_01.webp,
https://github.com/fantasfor/Soulmask/blob/main/Talentos/IconesTalentos/t5_img_0014_06_01.webp?raw=true,The Chosen,Uma predileção por frio,"There are always a few lucky folks in every village, and I'm one of them! Chance of dropping rare items +20%.","Em cada vila, sempre há algumas pessoas com muita sorte, e eu sou uma delas. A probabilidade de queda de itens raros aumenta em 20%.",,Nenhum,Title,Título,t5_img_0014_06_01.webp,
https://github.com/fantasfor/Soulmask/blob/main/Talentos/IconesTalentos/t5_img_0015_06_01.webp?raw=true,Mad Worker,Tiro Rápido,Tireless as a machine and make people worry about the mental health. Max Morale +100%.,"Incansável como uma máquina, as pessoas até se preocupam com sua saúde mental. O Moral Máximo aumenta em 100%.",,Nenhum,Title,Título,t5_img_0015_06_01.webp,
https://github.com/fantasfor/Soulmask/blob/main/Talentos/IconesTalentos/t5_img_0016_06_01.webp?raw=true,The Unburned,Ignífugo,"Because of their strange skin, tribesmen see them as alien. They are not affected by burn or ignition effects.","A estrutura de sua pele é incomum, fazendo com que os membros da tribo o vejam como um estranho. Efeitos de queimadura ou incineração não causam nenhum dano.",,Nenhum,Title,Título,t5_img_0016_06_01.webp,
https://github.com/fantasfor/Soulmask/blob/main/Talentos/IconesTalentos/t5_img_0017_06_01.webp?raw=true,Blood Drinker,Absorção de Sangue,"Blood nourishment. 40% of Bleeding DMG dealt to melee targets is converted into healing. If the unit is currently Bleeding, this effect is increased to 80%.","Transforma sangue em vida. Ao causar dano de sangramento a inimigos próximos, 40% do dano vira cura. Se estiver sangrando, a cura aumenta para 80%.",,Nenhum,Title,Título,t5_img_0017_06_01.webp,
https://github.com/fantasfor/Soulmask/blob/main/Talentos/IconesTalentos/t5_img_0019_06_01.webp?raw=true,Skilled Work Expert,Recuperação Habilidosa,"Attentive to details. Proficiency growth rate for weaving, potting, and leatherworking +50%.","Atento aos detalhes. A taxa de crescimento da proficiência em tecelagem, cerâmica e curtume aumenta em 50%.",,Nenhum,Title,Título,t5_img_0019_06_01.webp,
https://github.com/fantasfor/Soulmask/blob/main/Talentos/IconesTalentos/t5_img_0020_06_01.webp?raw=true,Manual Labor Expert,Origem - Trabalhador,"Good at heavy works. Proficiency growth rate for wood planing, stone cutting, and kilning +50%","Bom em trabalhos pesados, com um aumento de 50% na taxa de crescimento da proficiência com madeira, pedra e forno.",,Nenhum,Title,Título,t5_img_0020_06_01.webp,
https://github.com/fantasfor/Soulmask/blob/main/Talentos/IconesTalentos/t5_img_0024_06_01.webp?raw=true,Born Laborer,Origem - Trabalhador,"Destined to be a hardworking laborer, with a 50% increase in proficiency growth rate for logging, mining.","Destinado a ser um trabalhador esforçado, com um aumento de 50% na taxa de crescimento da proficiência em corte de madeira e mineração.",,Nenhum,Title,Título,t5_img_0024_06_01.webp,
https://github.com/fantasfor/Soulmask/blob/main/Talentos/IconesTalentos/t5_img_0025_06_01.webp?raw=true,Farming Expert,Perito em Agricultura,Experienced in farming. The crops the character plants grow 20% faster.,Tem bastante experiência com agricultura: as plantações cultivadas pessoalmente crescem 20% mais rápido.,,Nenhum,Title,Título,t5_img_0025_06_01.webp,
https://github.com/fantasfor/Soulmask/blob/main/Talentos/IconesTalentos/t5_img_0026_06_01.webp?raw=true,Expert Slaughter,Especialista em abate,The best slaughter in the village; output from slaughtering animals increases by 20%.,O melhor açougueiro da vila: aumenta em 20% os recursos obtidos ao abater animais.,,Nenhum,Title,Título,t5_img_0026_06_01.webp,
https://github.com/fantasfor/Soulmask/blob/main/Talentos/IconesTalentos/t6_img_0001_06_01.webp?raw=true,Experience - Battle-tested,Experiência - Testado em Batalha,"Has a lot of combat experience and skills. DMG taken -[40,50,60]% when fighting as a companion.","Tem muita experiência em combate e habilidades que podem reduzir todo o Dano Sofrido em -[40,50,60]% ao lutar como um companheiro.",,Nenhum,Title,Título,t6_img_0001_06_01.webp,
https://github.com/fantasfor/Soulmask/blob/main/Talentos/IconesTalentos/t10_img_0001_06_01.webp?raw=true,Famous Trash,Chama da Amizade,"Fragile mind is easy to break, Max Morale -50%.","Mente frágil é fácil de quebrar, o que reduz o Moral Máximo em 50%.",,Nenhum,Title,Título,t10_img_0001_06_01.webp,
https://github.com/fantasfor/Soulmask/blob/main/Talentos/IconesTalentos/t10_img_0002_06_01.webp?raw=true,Unlucky One,Gosta de macacos,The legendary figure of misfortune in the neighborhood. Chance of dropping rare items -50%.,Figura lendária de azar na região. A chance de dropar itens raros é reduzida em 50%.,,Nenhum,Title,Título,t10_img_0002_06_01.webp,
https://github.com/fantasfor/Soulmask/blob/main/Talentos/IconesTalentos/t10_img_0003_06_01.webp?raw=true,Born Revolt,Saúde Precária,"Carries an unparalleled sense of self-importance, and never has recognition for others. The speed at which Recognition declines increases by 200%; when Recognition drops too low, defects the tribe with some assets; when Recognition falls below 400, reveals True Self, DMG dealt when attacking from the back of the enemy increases by 15%.","Extremamente arrogante e nunca se importa com os outros. A taxa de queda de reconhecimento aumenta em 200%. Quando o reconhecimento estiver muito baixa, deserta com parte dos recursos da tribo. Quando o reconhecimento cai abaixo de 400, revela sua verdadeira natureza e causa 15% a mais de dano ao atacar o alvo por trás.",,Nenhum,Title,Título,t10_img_0003_06_01.webp,
https://github.com/fantasfor/Soulmask/blob/main/Talentos/IconesTalentos/t10_img_0004_06_01.webp?raw=true,The Flammable,Suportando Tudo,"The greasy body seems as though it's been soaked in an oil tank. When ignited, the HP loss will be doubled.","Seu corpo é oleoso como se estivesse coberto por óleo, o dano por queimadura é dobrado quando o corpo está em chamas.",,Nenhum,Title,Título,t10_img_0004_06_01.webp,
https://github.com/fantasfor/Soulmask/blob/main/Talentos/IconesTalentos/t3_img_0002_06_01.webp?raw=true,Tribe - Power of Erosion,Tribo: Poder da Erosão,"As people from Claw Tribe, DMG to Flint Tribe, Fang Tribe, Outcast, and Plunderers enemies +[2,5,8]%.","Como membro da Tribo Garra, seu dano a inimigos da Tribo Pederneira, Tribo Presa, Exilados e Saqueadores aumenta em +[2,5,8]%.",Claw,Garra,Tribe,Tribo,t3_img_0002_06_01.webp,
https://github.com/fantasfor/Soulmask/blob/main/Talentos/IconesTalentos/t3_img_0003_06_01.webp?raw=true,Tribe - Wild Power,Tribo: Poder Selvagem,"As people from Claw Tribe, Crit DMG +[6,8,10]% permanently.","Como membro da Tribo Garra, seu Dano Crít. aumenta permanentemente em +[6,8,10]%.",Claw,Garra,Tribe,Tribo,t3_img_0003_06_01.webp,
https://github.com/fantasfor/Soulmask/blob/main/Talentos/IconesTalentos/t3_img_0004_06_01.webp?raw=true,Tribe - Power of Crit,Tribo: Poder de Ataque Crítico,"As people from Claw Tribe, Crit Rate +[2,5,8]% permanently.","Como membro da Tribo Garra, sua Taxa de Crít. aumenta permanentemente em +[2,5,8]%.",Claw,Garra,Tribe,Tribo,t3_img_0004_06_01.webp,
https://github.com/fantasfor/Soulmask/blob/main/Talentos/IconesTalentos/t3_img_0010_06_01.webp?raw=true,Tribe - Crit DMG & Cold Resist,Tribo: Resistência ao Frio e Dano Crít.,"The Claw Tribe living in the Snow Mountain has developed natural resistance; Cold Resist +[5,10,15], Crit DMG +[6,8,10]%.","Membros da Tribo Garra que vivem há muito tempo na Montanha Nevada desenvolveram resistência natural, aumentando a Resistência ao Frio em 15 e o Dano Crít. em +[5,10,15].",Claw,Garra,Tribe,Tribo,t3_img_0010_06_01.webp,
https://github.com/fantasfor/Soulmask/blob/main/Talentos/IconesTalentos/t3_img_0011_06_01.webp?raw=true,Tribe - Crit & Cold Resist,Tribo: Crít. e Resistência ao Frio,"The Claw Tribe living in the Snow Mountain has developed natural resistance; Cold Resist +[5,10,15], Crit +[2,5,8]%.","Membros da Tribo Garra que vivem há muito tempo na Montanha Nevada desenvolveram resistência natural, aumentando a Resistência ao Frio em 10 e a Taxa de Crít. em +[5,10,15].",Claw,Garra,Tribe,Tribo,t3_img_0011_06_01.webp,
https://github.com/fantasfor/Soulmask/blob/main/Talentos/IconesTalentos/t3_img_0016_06_01.webp?raw=true,Tribe - Crit DMG & Radiation Resist,Tribo: Dano Crít. e Resistência à Radiação,"The Claw Tribe living in the Wasteland has developed natural resistance; Radiation Resist +[5,10,15], Crit DMG +[6,8,10]%.","Membros da Tribo Garra que vivem há muito tempo nas estepes desenvolveram resistência natural, aumentando a Resistência à Radiação em 15 e o Dano Crít. em +[5,10,15].",Claw,Garra,Tribe,Tribo,t3_img_0016_06_01.webp,
https://github.com/fantasfor/Soulmask/blob/main/Talentos/IconesTalentos/t3_img_0017_06_01.webp?raw=true,Tribe - Crit & Radiation Resist,Tribo: Crít. e Resistência à Radiação,"The Claw Tribe living in the Wasteland has developed natural resistance; Radiation Resist +[5,10,15], Crit +[2,5,8]%.","Membros da Tribo Garra que vivem há muito tempo nas estepes desenvolveram resistência natural, aumentando a Resistência à Radiação em 10 e a Taxa de Crít. em +[5,10,15].",Claw,Garra,Tribe,Tribo,t3_img_0017_06_01.webp,
https://github.com/fantasfor/Soulmask/blob/main/Talentos/IconesTalentos/t3_img_0022_06_01.webp?raw=true,Tribe - Crit DMG & Heat Resist,Tribo: Dano Crít. e Resistência ao Calor Escaldante,"The Claw Tribe living in the Volcano has developed natural resistance; Scorching Heat Resist +[5,10,15], Crit DMG +[6,8,10]%.","Membros da Tribo Garra que vivem há muito tempo no Vulcão desenvolveram resistência natural, aumentando a Resistência ao Calor Escaldante em 15 e o Dano Crít. em +[5,10,15].",Claw,Garra,Tribe,Tribo,t3_img_0022_06_01.webp,
https://github.com/fantasfor/Soulmask/blob/main/Talentos/IconesTalentos/t3_img_0023_06_01.webp?raw=true,Tribe - Crit DMG & Scorching Heat Resist,Tribo: Crít. e Resistência ao Calor Escaldante,"The Claw Tribe living in the Volcano has developed natural resistance; Scorching Heat Resist +[5,10,15], Crit +[2,5,8]%.","Membros da Tribo Garra que vivem há muito tempo no Vulcão desenvolveram resistência natural, aumentando a Resistência ao Calor Escaldante em 10 e a Taxa de Crít. em +[5,10,15].",Claw,Garra,Tribe,Tribo,t3_img_0023_06_01.webp,
https://github.com/fantasfor/Soulmask/blob/main/Talentos/IconesTalentos/t3_img_0008_06_01.webp?raw=true,Tribe - Poison Resist,Tribo: Resistência a Veneno,"As people from Fang Tribe, Poison Resist +[20,25,30] permanently.","Como membro da Tribo Presa, a Resistência a Veneno aumenta em +[20,25,30] permanentemente.",Fang,Presa,Tribe,Tribo,t3_img_0008_06_01.webp,
https://github.com/fantasfor/Soulmask/blob/main/Talentos/IconesTalentos/t3_img_0009_06_01.webp?raw=true,Tribe - Poison Immunity,Tribo: Imunidade a Veneno,"As people from Fang Tribe, Poison DMG taken -[15,20,25]% permanently.","Como membro da Tribo Presa, o dano de Veneno recebido diminui permanentemente em -[15,20,25]%.",Fang,Presa,Tribe,Tribo,t3_img_0009_06_01.webp,
https://github.com/fantasfor/Soulmask/blob/main/Talentos/IconesTalentos/t3_img_0014_06_01.webp?raw=true,Tribe - Poison & Cold Resist,Tribo: Resistência ao Frio e Veneno,"The Fang Tribe living in the Snow Mountain has developed natural resistance; Cold Resist +[5,10,15], Poison Resist +[5,10,15].","Membros da Tribo Presa que vivem há muito tempo na Montanha Nevada desenvolveram resistência natural, aumentando a Resistência ao Frio em +[5,10,15] e a Resistência a Veneno em 10.",Fang,Presa,Tribe,Tribo,t3_img_0014_06_01.webp,
https://github.com/fantasfor/Soulmask/blob/main/Talentos/IconesTalentos/t3_img_0015_06_01.webp?raw=true,Tribe - Poison DMG Immunity & Cold Resist,Tribo: Imunidade a Veneno e Resistência ao Frio,"The Fang Tribe lives in the Snow Mountain and has developed natural resistance; Cold Resist +[5,10,15], Poison DMG taken -[15,20,25]%.","Membros da Tribo Presa que vivem há muito tempo na Montanha Nevada desenvolveram resistência natural, aumentando a Resistência ao Frio em +[5,10,15] e reduzindo o Dano Sofrido por Veneno em -[15,20,25]%.",Fang,Presa,Tribe,Tribo,t3_img_0015_06_01.webp,
https://github.com/fantasfor/Soulmask/blob/main/Talentos/IconesTalentos/t3_img_0021_05_01.webp?raw=true,Tribe - Poison & Radiation Resist,Tribo: Resistência à Radiação e Veneno,"The Fang Tribe living in the Wasteland has developed natural resistance; Radiation Resist +[5,10,15], Poison Resist +[5,10,15].","Membros da Tribo Presa que vivem há muito tempo nas estepes desenvolveram resistência natural, aumentando a Resistência à Radiação em +[5,10,15] e a Resistência a Veneno em 10.",Fang,Presa,Tribe,Tribo,t3_img_0021_05_01.webp,
https://github.com/fantasfor/Soulmask/blob/main/Talentos/IconesTalentos/t3_img_0021_05_01.webp?raw=true,Tribe - Poison & Radiation Resist,Tribo: Resistência à Radiação e Veneno,"The Fang Tribe living in the Wasteland has developed natural resistance; Radiation Resist +[5,10,15], Poison DMG taken -[15,20,25]%.","Membros da Tribo Presa que vivem há muito tempo nas estepes desenvolveram resistência natural, aumentando a Resistência à Radiação em +[5,10,15] e reduzindo o Dano Sofrido por Veneno em -[15,20,25]%.",Fang,Presa,Tribe,Tribo,t3_img_0021_05_01.webp,
https://github.com/fantasfor/Soulmask/blob/main/Talentos/IconesTalentos/t3_img_0026_06_01.webp?raw=true,Tribe - Poison & Scorching Heat Resist,Tribo: Resistência ao Calor Escaldante e Veneno,"The Fang Tribe living in the Volcano has developed natural resistance; Scorching Heat Resist +[5,10,15], Poison Resist +[5,10,15].","Membros da Tribo Presa que vivem há muito tempo no Vulcão desenvolveram resistência natural, aumentando a Resistência ao Calor Escaldante em +[5,10,15] e a Resistência a Veneno em 10.",Fang,Presa,Tribe,Tribo,t3_img_0026_06_01.webp,
https://github.com/fantasfor/Soulmask/blob/main/Talentos/IconesTalentos/t3_img_0027_06_01.webp?raw=true,Tribe - Poison DMG Immunity & Scorching Heat Resist,Tribo: Imunidade a Veneno e Resistência ao Calor Escaldante,"The Fang Tribe lives in the Volcano and has developed natural resistance; Scorching Heat Resist +[5,10,15], Poison DMG taken -[15,20,25]%.","Membros da Tribo Presa que vivem há muito tempo no Vulcão desenvolveram resistência natural, aumentando a Resistência ao Calor Escaldante em +[5,10,15] e reduzindo o Dano Sofrido por Veneno em -[15,20,25]%.",Fang,Presa,Tribe,Tribo,t3_img_0027_06_01.webp,
https://github.com/fantasfor/Soulmask/blob/main/Talentos/IconesTalentos/t3_img_0005_06_01.webp?raw=true,Tribe - Power of Defense,Tribo: Poder de Defesa,"As people from Flint Tribe, DEF +[3,6,9]% permanently.","Como membro da Tribo Pederneira, sua DEF aumenta permanentemente em +[3,6,9]%.",Flint,Pederneira,Tribe,Tribo,t3_img_0005_06_01.webp,
https://github.com/fantasfor/Soulmask/blob/main/Talentos/IconesTalentos/t3_img_0006_06_01.webp?raw=true,Tribe - Power of Tenacity,Tribo: Poder de Tenacidade,"As people from Flint Tribe, Max Resilience +[15,20,25] permanently.","Como membro da Tribo Pederneira, sua Resiliência Máxima aumenta permanentemente em +[15,20,25] pontos.",Flint,Pederneira,Tribe,Tribo,t3_img_0006_06_01.webp,
https://github.com/fantasfor/Soulmask/blob/main/Talentos/IconesTalentos/t3_img_0007_06_01.webp?raw=true,Tribe - Power of Crit Resist,Tribo: Poder de Resistência a Crít.,"As people from Flint Tribe, Crit Resist +[3,6,9]% permanently.","Como membro da Tribo Pederneira, sua Resistência a Crít. aumenta permanentemente em +[3,6,9]%.",Flint,Pederneira,Tribe,Tribo,t3_img_0007_06_01.webp,
https://github.com/fantasfor/Soulmask/blob/main/Talentos/IconesTalentos/t3_img_0012_06_01.webp?raw=true,Tribe - Resilience & Cold Resist,Tribo: Tenacidade e Resistência ao Frio,"The Flint Tribe living in the Snow Mountain has developed natural resistance; Cold Resist +[5,10,15], Max Resilience +[15,20,25].","Membros da Tribo Pederneira que vivem há muito tempo na Montanha Nevada desenvolveram resistência natural, aumentando a Resistência ao Frio em +[15,20,25] e a Resiliência Máxima em 20.",Flint,Pederneira,Tribe,Tribo,t3_img_0012_06_01.webp,
https://github.com/fantasfor/Soulmask/blob/main/Talentos/IconesTalentos/t3_img_0013_06_01.webp?raw=true,Tribe - DEF & Cold Resist,Tribo: DEF e Resistência ao Frio,"The Flint Tribe living in the Snow Mountain has developed natural resistance; Cold Resist +[5,10,15], DEF +[3,6,9]%.","Membros da Tribo Pederneira que vivem há muito tempo na Montanha Nevada desenvolveram resistência natural, aumentando a Resistência ao Frio em +[5,10,15] e a Defesa em +[3,6,9]%.",Flint,Pederneira,Tribe,Tribo,t3_img_0013_06_01.webp,
https://github.com/fantasfor/Soulmask/blob/main/Talentos/IconesTalentos/t3_img_0018_06_01.webp?raw=true,Tribe - Resilience & Radiation Resist,Tribo: Tenacidade e Resistência à Radiação,"The Flint Tribe living in the Wasteland has developed natural resistance; Radiation Resist +[5,10,15], Max Resilience +[15,20,25].","Membros da Tribo Pederneira que vivem há muito tempo nas estepes desenvolveram resistência natural, aumentando a Resistência à Radiação em +[15,20,25] e a Resiliência Máxima em 20.",Flint,Pederneira,Tribe,Tribo,t3_img_0018_06_01.webp,
https://github.com/fantasfor/Soulmask/blob/main/Talentos/IconesTalentos/t3_img_0019_06_01.webp?raw=true,Tribe - DEF & Radiation Resist,Tribo: Defesa e Resistência à Radiação,"The Flint Tribe living in the Wasteland has developed natural resistance; Radiation Resist +[5,10,15], DEF +[3,6,9]%.","Membros da Tribo Pederneira que vivem há muito tempo nas estepes desenvolveram resistência natural, aumentando a Resistência à Radiação em +[5,10,15] e a Defesa em +[3,6,9]%.",Flint,Pederneira,Tribe,Tribo,t3_img_0019_06_01.webp,
https://github.com/fantasfor/Soulmask/blob/main/Talentos/IconesTalentos/t3_img_0024_06_01.webp?raw=true,Tribe - Resilience & Scorching Heat Resist,Tribo: Tenacidade e Resistência ao Calor Escaldante,"The Flint Tribe living in the Volcano has developed natural resistance; Scorching Heat Resist +[5,10,15], Max Resilience +[15,20,25].","Membros da Tribo Pederneira que vivem há muito tempo no Vulcão desenvolveram resistência natural, aumentando a Resistência ao Calor Escaldante em +[15,20,25] e a Resiliência Máxima em 20.",Flint,Pederneira,Tribe,Tribo,t3_img_0024_06_01.webp,
https://github.com/fantasfor/Soulmask/blob/main/Talentos/IconesTalentos/t3_img_0025_06_01.webp?raw=true,Tribe - DEF & Scorching Heat Resist,Tribo: Defesa e Resistência ao Calor Escaldante,"The Flint Tribe living in the Volcano has developed natural resistance; Scorching Heat Resist +[5,10,15], DEF +[3,6,9]%.","Membros da Tribo Pederneira que vivem há muito tempo no Vulcão desenvolveram resistência natural, aumentando a Resistência ao Calor Escaldante em +[5,10,15] e a Defesa em +[3,6,9]%.",Flint,Pederneira,Tribe,Tribo,t3_img_0025_06_01.webp,
https://github.com/fantasfor/Soulmask/blob/main/Talentos/IconesTalentos/t3_img_0028_06_01.webp?raw=true,Outcast - Cold Resist,Exilado: Resistência ao Frio,"Folks living in the Snow Mountain are getting used to the cold. Cold Resist +[5,10,15].","Os indivíduos que vivem há muito tempo na Montanha Nevada já se adaptaram ao Frio, aumentando a Resistência ao Frio em +[5,10,15].",Snow Mountain,Montanha de Neve,Tribe,Tribo,t3_img_0028_06_01.webp,
https://github.com/fantasfor/Soulmask/blob/main/Talentos/IconesTalentos/t3_img_0044_06_01.webp?raw=true,Outcast - Radiation Resist,Exilado: Resistência à Radiação,"Folks living in the Wasteland are getting used to the radiation. Radiation Resist +[5,10,15].","Os indivíduos que vivem há muito tempo nas estepes já se adaptaram à Radiação, aumentando a Resistência à Radiação em +[5,10,15].",Snow Mountain,Montanha de Neve,Tribe,Tribo,t3_img_0044_06_01.webp,
https://github.com/fantasfor/Soulmask/blob/main/Talentos/IconesTalentos/t3_img_0043_06_01.webp?raw=true,Outcast - Scorching Heat Resist,Exilado: Resistência ao Calor Escaldante,"Folks living in the Volcano are getting used to the scorching heat. Scorching Heat Resist +[5,10,15].","Os indivíduos que vivem há muito tempo no Vulcão já se adaptaram ao Calor Escaldante, aumentando a Resistência ao Calor Escaldante em +[5,10,15].",Snow Mountain,Montanha de Neve,Tribe,Tribo,t3_img_0043_06_01.webp,
https://github.com/fantasfor/Soulmask/blob/main/Talentos/IconesTalentos/t3_img_0001_06_01.webp?raw=true,Tribe - Survivor,Tribo - Sobrevivente,"As a survivor of the tribe wars, you'll need strength to survive in this land. Max Load +20%.","Como sobrevivente da guerra de tribos, ter força é a chave para sobreviver nesta terra. Aumenta a carga máxima em 20%.",,Nenhum,Tribe,Tribo,t3_img_0001_06_01.webp,New
https://github.com/fantasfor/Soulmask/blob/main/Talentos/IconesTalentos/t1_img_0150_06_01.webp?raw=true,Breezy Downpour,Chuva Leve,"Movement Speed -[10,20,30]% permanently, but Attack Speed +[10,20,30]%.","Velocidade de Movimento -[10,20,30]% permanentemente, mas Velocidade de Ataque +[10,20,30]%.",,Nenhum,Positive Gifts,,t1_img_0150_06_01.webp,New
https://github.com/fantasfor/Soulmask/blob/main/Talentos/IconesTalentos/t1_img_0151_06_01.webp?raw=true,Wolf Pack Protection,Proteção da Alcateia,"[Wildwolf Exclusive] Upon full HP recovery or reviving from near-death, the character and allied tribesmen within [5,7.5,10] meters become immune to most Slow effects for [8,10,12] seconds. (Cooldown: 30 seconds)","Ao recuperar totalmente a vida ou ao reviver de quase morte, o personagem e os membros da tribo aliados dentro de [5, 7,5, 10] metros tornam-se imunes à maioria dos efeitos de Lentidão por [8, 10, 12] segundos. (Tempo de Recarga: 30 segundos)",Wildwolf,Lobo Selvagem,Positive Gifts,Positivo,t1_img_0151_06_01.webp,New
https://github.com/fantasfor/Soulmask/blob/main/Talentos/IconesTalentos/t1_img_0152_06_01.webp?raw=true,Protection of the Savagehorn,Proteção do Chifre Selvagem,"[Savagehorn Exclusive] Upon full HP recovery or reviving from near-death, the character and allied tribesmen within [5,7.5,10] meters become immune to Critical Hits for [8,10,12] seconds. (Cooldown: 30 seconds)","Ao recuperar totalmente o HP ou reviver de quase morte, o personagem e os membros da tribo aliados dentro de [5, 7,5, 10] metros tornam-se imunes a Golpes Críticos por [8, 10, 12] segundos. (Recarga: 30 segundos)",Sacagehorn,Chifre Selvagem,Positive Gifts,Positivo,t1_img_0152_06_01.webp,New
https://github.com/fantasfor/Soulmask/blob/main/Talentos/IconesTalentos/t1_img_0153_06_01.webp?raw=true,Last Light Counter,Contra-ataque da Última Luz,"For [2,4,6] seconds after full HP recovery or reviving from near-death, reflect 100% of damage taken from attacks within 5 meters back to the attacker. (Cooldown: 30 seconds)","Por [2, 4, 6] segundos após recuperar totalmente o HP ou reviver de quase morte, reflete 100% do dano recebido de ataques dentro de 5 metros de volta para o atacante. (Recarga: 30 segundos)",,Nenhum,Positive Gifts,Positivo,t1_img_0153_06_01.webp,New
https://github.com/fantasfor/Soulmask/blob/main/Talentos/IconesTalentos/t1_img_0154_06_01.webp?raw=true,Body-Blood Conversion,Conversão Corpo-Sangue,"Triggers when HP is below 50%; for [8,10,12] seconds, damage taken is converted to Stamina damage proportionally. Stamina does not regenerate automatically during this effect. (Cooldown: 30 seconds)","Ativado quando o HP está abaixo de 50%; por [8, 10, 12] segundos, o dano recebido é convertido em dano de Vigor proporcionalmente. O Vigor não regenera automaticamente durante este efeito. (Recarga: 30 segundos)",,Nenhum,Positive Gifts,Positivo,t1_img_0154_06_01.webp,New
https://github.com/fantasfor/Soulmask/blob/main/Talentos/IconesTalentos/t1_img_0155_06_01.webp?raw=true,Body-Resilience Conversion,Conversão Corpo-Resiliência,"Triggers when HP is below 50%; for [8,10,12] seconds, resilience damage taken is converted to Stamina damage proportionally. Stamina does not regenerate automatically during this effect. (Cooldown: 30 seconds)","Ativado quando o HP está abaixo de 50%; por [8, 10, 12] segundos, o dano de resiliência recebido é convertido em dano de Vigor proporcionalmente. O Vigor não regenera automaticamente durante este efeito. (Recarga: 30 segundos)",,Nenhum,Positive Gifts,Positivo,t1_img_0155_06_01.webp,New
https://github.com/fantasfor/Soulmask/blob/main/Talentos/IconesTalentos/t1_img_0156_06_01.webp?raw=true,Resilient Healing,Cura Resiliente,"Taking damage while HP is above 70% restores HP by [10,20,30]% of DEF every second until full.","Sofrer dano enquanto o HP está acima de 70% restaura o HP em [10,20,30]% da DEF a cada segundo até ficar completo.",,Nenhum,Positive Gifts,Positivo,t1_img_0156_06_01.webp,New
https://github.com/fantasfor/Soulmask/blob/main/Talentos/IconesTalentos/t1_img_0157_06_01.webp?raw=true,Unyielding Will,Vontade Inabalável,"Triggers when HP falls below 50%: unable to Dodge, but Immune to Hitstun for [15,20,25]s. (CD: 60s)","Ativa quando o HP cai abaixo de 50%: incapaz de Esquivar, mas Imune ao Atordoamento por [15,20,25]s. (Recarga: 60s)",,Nenhum,Positive Gifts,Positivo,t1_img_0157_06_01.webp,New
https://github.com/fantasfor/Soulmask/blob/main/Talentos/IconesTalentos/t1_img_0158_06_01.webp?raw=true,Embers,Brasas,"Prevents entering Near-Death when HP is depleted; instead, grants immunity to 3 lethal attacks for 8 sec. The user dies immediately if charges are exhausted. (Cooldown: 45 seconds)","Impede entrar em Quase Morte quando o HP é esgotado; em vez disso, concede imunidade a 3 ataques letais por 8 seg. O personagem morre imediatamente se as cargas se esgotarem. (Recarga: 45 segundos)",,Nenhum,Positive Gifts,Positivo,t1_img_0158_06_01.webp,New
https://github.com/fantasfor/Soulmask/blob/main/Talentos/IconesTalentos/t1_img_0159_05_01.webp?raw=true,Embers,Brasas,"Prevents entering Near-Death when HP is depleted; instead, grants immunity to [6,9] lethal attacks for [10,12]s. The user dies immediately if charges are exhausted. (Cooldown: 45 seconds)","Impede entrar em Quase Morte quando o HP é esgotado; em vez disso, concede imunidade a [6,9] ataques letais por [10,12]s. O personagem morre imediatamente se as cargas se esgotarem. (Recarga: 45 segundos)",,Nenhum,Positive Gifts,Positivo,t1_img_0159_05_01.webp,New
https://github.com/fantasfor/Soulmask/blob/main/Talentos/IconesTalentos/t1_img_0160_06_01.webp?raw=true,Stamina Siphon,Drenagem de Vigor,"Hitting an enemy has a [5,10,15]% chance to trigger; for 12 seconds, each of the target's attacks consumes an extra [10,15,20] Stamina, restoring [10,15,20] Stamina to the caster.","Acertar um inimigo tem [5,10,15]% de chance de ativar; por 12 segundos, cada ataque do alvo consome [10,15,20] de Vigor extra, restaurando [10,15,20] de Vigor ao conjurador.",,Nenhum,Positive Gifts,Positivo,t1_img_0160_06_01.webp,New
https://github.com/fantasfor/Soulmask/blob/main/Talentos/IconesTalentos/t1_img_0161_06_01.webp?raw=true,Bloodfury Pursuit,Perseguição de Fúria Sanguinária,"When attacked, a [15,20,25]% chance to sacrifice [10,30,50]% of Max HP to gain a [10,30,50]% Attack Power boost for 12 seconds. (CD: 30 seconds)","Quando atacado, [15,20,25]% de chance de sacrificar [10,30,50]% do HP Máximo para obter um aumento de [10,30,50]% no Poder de Ataque por 12 segundos. (Recarga: 30 segundos)",,Nenhum,Positive Gifts,Positivo,t1_img_0161_06_01.webp,New
https://github.com/fantasfor/Soulmask/blob/main/Talentos/IconesTalentos/t1_img_0162_06_01.webp?raw=true,Damage Immunity Blessing,Bênção de Imunidade a Dano,"When attacked, a [5,10,15]% chance to trigger, during which all damage taken from enemies over the next [8,10,12] seconds is calculated at its minimum possible value. (Cooldown: 30 seconds)","Quando atacado, [5,10,15]% de chance de ativar; durante os próximos [8,10,12] segundos, todo dano recebido de inimigos é calculado no seu valor mínimo possível. (Recarga: 30 segundos)",,Nenhum,Positive Gifts,Positivo,t1_img_0162_06_01.webp,New
https://github.com/fantasfor/Soulmask/blob/main/Talentos/IconesTalentos/t1_img_0163_06_01.webp?raw=true,Bloodstained Thorns,Espinhos Manchados de Sangue,"When under the Bleed effect, the character inflicts Bleed on enemies within [1,2,3] meter.","Enquanto sob o efeito de Sangramento, o personagem inflige Sangramento em inimigos dentro de [1,2,3] metros.",,Nenhum,Positive Gifts,Positivo,t1_img_0163_06_01.webp,New
https://github.com/fantasfor/Soulmask/blob/main/Talentos/IconesTalentos/t1_img_0164_06_01.webp?raw=true,Life Shacles,Grilhões da Vida,"When attacked, a 15% chance to lose all HP recovery abilities for [15,20,25] seconds, but each instance of damage taken cannot exceed 2% of the character's Max HP. (Cooldown: 60 seconds)","Quando atacado, 15% de chance de perder todas as habilidades de recuperação de HP por [15,20,25] segundos, mas cada instância de dano recebido não pode exceder 2% do HP Máximo do personagem. (Recarga: 60 segundos)",,Nenhum,Positive Gifts,Positivo,t1_img_0164_06_01.webp,New
https://github.com/fantasfor/Soulmask/blob/main/Talentos/IconesTalentos/t1_img_0165_06_01.webp?raw=true,Scapegoat,Bode Expiatório,"[Savagehorn Exclusive] When attacked, a 15% chance to transfer all debuffs inflicted on the character to another enemy within 15 meters, lasting [8,10,12] seconds. (Cooldown: [60,45,30] seconds)","Quando atacado, 15% de chance de transferir todos os debuffs infligidos ao personagem para outro inimigo dentro de 15 metros, durando [8,10,12] segundos. (Recarga: [60,45,30] segundos)",Sacagehorn,Chifre Selvagem,Positive Gifts,Positivo,t1_img_0165_06_01.webp,New
https://github.com/fantasfor/Soulmask/blob/main/Talentos/IconesTalentos/t1_img_0166_06_01.webp?raw=true,Cunning,Astúcia,"[Wildwolf Exclusive] When attacked, a 15% chance to reflect any effects inflicted on the character back to the source, lasting [8,10,12] seconds. (CD: [60,45,30] seconds)","Quando atacado, 15% de chance de refletir quaisquer efeitos infligidos ao personagem de volta à fonte, durando [8,10,12] segundos. (Recarga: [60,45,30] segundos)",Wildwolf,Lobo Selvagem,Positive Gifts,Positivo,t1_img_0166_06_01.webp,New
https://github.com/fantasfor/Soulmask/blob/main/Talentos/IconesTalentos/t1_img_0167_06_01.webp?raw=true,Tabooed Body,Corpo Tabu,"When attacked, a [5,10,15]% chance to disable all of the attacker's Talents for [5,10,15] seconds. (CD: 40 seconds)","Quando atacado, [5,10,15]% de chance de desativar todos os Talentos do atacante por [5,10,15] segundos. (Recarga: 40 segundos)",,Nenhum,Positive Gifts,Positivo,t1_img_0167_06_01.webp,New
https://github.com/fantasfor/Soulmask/blob/main/Talentos/IconesTalentos/t1_img_0168_06_01.webp?raw=true,Rampage,Fúria Desenfreada,"Enters a [5,10,15]-second Rampage state when Ignited, Poisoned, or Bleeding: +20% Attack Speed and Movement SPD, 20% of DMG dealt is converted to HP Recovery, and becomes immune to most Slow effects. (CD: [60,45,30] seconds)","Entra em estado de Fúria por [5,10,15] segundos ao ser Ignitado, Envenenado ou Sangrando: +20% de Velocidade de Ataque e Velocidade de Movimento, 20% do dano causado é convertido em Recuperação de HP, e torna-se imune à maioria dos efeitos de Lentidão. (Recarga: [60,45,30] segundos)",,Nenhum,Positive Gifts,Positivo,t1_img_0168_06_01.webp,New
https://github.com/fantasfor/Soulmask/blob/main/Talentos/IconesTalentos/t1_img_0169_06_01.webp?raw=true,Courageous Current,Corrente Coragem,"Hitting the target has a [5,10,15]% chance to instantly reset the character's Talent cooldowns. (Cooldown: [60,45,30] seconds)","Acertar o alvo tem [5,10,15]% de chance de reiniciar instantaneamente as recargas dos Talentos do personagem. (Recarga: [60,45,30] segundos)",,Nenhum,Positive Gifts,Positivo,t1_img_0169_06_01.webp,New
https://github.com/fantasfor/Soulmask/blob/main/Talentos/IconesTalentos/t1_img_0170_06_01.webp?raw=true,Damage Boost Blessing,Bênção de Aumento de Dano,"Hitting an enemy has a [5,10,15]% chance to trigger; the next 10 instances of weapon damage dealt to the target will be locked at the highest damage value, lasting [8,10,12] seconds. (Cooldown: 30 seconds)","Acertar um inimigo tem [5,10,15]% de chance de ativar; as próximas 10 instâncias de dano de arma causadas ao alvo serão fixadas no valor de dano mais alto, durando [8,10,12] segundos. (Recarga: 30 segundos)",,Nenhum,Positive Gifts,Positivo,t1_img_0170_06_01.webp,New
https://github.com/fantasfor/Soulmask/blob/main/Talentos/IconesTalentos/t1_img_0172_06_01.webp?raw=true,Damage Boost Steal,Roubo de Aumento de Dano,"[Wildwolf Exclusive] Hitting an enemy has a [5,10,15]% chance to steal 10% of their damage boost, lasting 12 seconds, with a maximum of 5 stacks.","Acertar um inimigo tem [5,10,15]% de chance de roubar 10% do seu aumento de dano, durando 12 segundos, com máximo de 5 acumulações.",Wildwolf,Lobo Selvagem,Positive Gifts,Positivo,t1_img_0172_06_01.webp,New
https://github.com/fantasfor/Soulmask/blob/main/Talentos/IconesTalentos/t1_img_0173_06_01.webp?raw=true,Damage Immunity Steal,Roubo de Imunidade a Dano,"[Savagehorn Exclusive] Hitting an enemy has a [5,10,15]% chance to steal 10% of their damage reduction, lasting 12 seconds, with a maximum of 5 stacks.","Acertar um inimigo tem [5,10,15]% de chance de roubar 10% da sua redução de dano, durando 12 segundos, com máximo de 5 acumulações.",Sacagehorn,Chifre Selvagem,Positive Gifts,Positivo,t1_img_0173_06_01.webp,New
https://github.com/fantasfor/Soulmask/blob/main/Talentos/IconesTalentos/t1_img_0174_06_01.webp?raw=true,Attack Steal,Roubo de Ataque,"[Warrior Exclusive] Hitting an enemy has a [5,10,15]% chance to steal 10% of their Attack (up to 30 points), lasting 12 seconds, with a maximum of 5 stacks.","Acertar um inimigo tem [5,10,15]% de chance de roubar 10% do seu Ataque (até 30 pontos), durando 12 segundos, com máximo de 5 acumulações.",Warrior,Guerreiro,Positive Gifts,Positivo,t1_img_0174_06_01.webp,New
https://github.com/fantasfor/Soulmask/blob/main/Talentos/IconesTalentos/t1_img_0175_06_01.webp?raw=true,Defense Steal,Roubo de Defesa,"[Guard Exclusive] Hitting an enemy has a [5,10,15]% chance to steal 10% of their Defense (up to 40 points), lasting 12 seconds, with a maximum of 5 stacks.","Acertar um inimigo tem [5,10,15]% de chance de roubar 10% da sua Defesa (até 40 pontos), durando 12 segundos, com máximo de 5 acumulações.",Guard,Guarda,Positive Gifts,Positivo,t1_img_0175_06_01.webp,New
https://github.com/fantasfor/Soulmask/blob/main/Talentos/IconesTalentos/t1_img_0176_06_01.webp?raw=true,Stamina Steal,Roubo de Vigor,"[Hunter Exclusive] Hitting an enemy has a [5,10,15]% chance to steal 10% of their Max Stamina (up to 30 points), lasting 12 seconds, with a maximum of 5 stacks.","Acertar um inimigo tem [5,10,15]% de chance de roubar 10% do seu Vigor Máximo (até 30 pontos), durando 12 segundos, com máximo de 5 acumulações.",Hunter,Caçador,Positive Gifts,Positivo,t1_img_0176_06_01.webp,New
https://github.com/fantasfor/Soulmask/blob/main/Talentos/IconesTalentos/t1_img_0177_06_01.webp?raw=true,Crit steal,Roubo de Crítico,"Hitting an enemy has a [5,10,15]% chance to steal 5% Crit and 10% Crit DMG Increase from the target for 12 seconds, with a maximum of 5 stacks.","Acertar um inimigo tem [5,10,15]% de chance de roubar 5% de Crítico e 10% de Aumento de Dano Crítico do alvo por 12 segundos, com máximo de 5 acumulações.",,Nenhum,Positive Gifts,Positivo,t1_img_0177_06_01.webp,New
https://github.com/fantasfor/Soulmask/blob/main/Talentos/IconesTalentos/t1_img_0178_06_01.webp?raw=true,Crit Resist Steal,Roubo de Resistência a Crítico,"Hitting an enemy has a [5,10,15]% chance to steal 5% Crit Resist and 10% Crit DMG Reduction from the target for 12 seconds, with a maximum of 5 stacks.","Acertar um inimigo tem [5,10,15]% de chance de roubar 5% de Resistência a Crítico e 10% de Redução de Dano Crítico do alvo por 12 segundos, com máximo de 5 acumulações.",,Nenhum,Positive Gifts,Positivo,t1_img_0178_06_01.webp,New
https://github.com/fantasfor/Soulmask/blob/main/Talentos/IconesTalentos/t1_img_0179_06_01.webp?raw=true,Moment of Respite,Oportunidade de Fôlego,"Upon taking Weapon Damage for the first time, that Damage is recovered over [5,4,3]s. Taking Weapon Damage again during this recovery immediately inflicts Damage equal to the initial strike and cancels the recovery. (CD: [10,8,5]s)","Ao receber Dano de Arma pela primeira vez, esse dano é recuperado ao longo de [5,4,3]s. Receber Dano de Arma novamente durante essa recuperação inflige imediatamente o dano igual ao golpe inicial e cancela a recuperação. (Recarga: [10,8,5]s)",,Nenhum,Positive Gifts,Positivo,t1_img_0179_06_01.webp,New
https://github.com/fantasfor/Soulmask/blob/main/Talentos/IconesTalentos/t1_img_0180_06_01.webp?raw=true,Attack-Defense Resonance - Attack,Ressonância Ataque-Defesa - Ataque,"Hitting the target has a [10,15,20]% chance to boost the user's lower stat between Attack and Defense, up to a maximum of 20% boost, lasting 12 seconds. (Cooldown: [60,45,30] seconds)","Acertar o alvo tem [10,15,20]% de chance de aumentar o atributo mais baixo do usuário entre Ataque e Defesa, até no máximo 20% de bônus, durando 12 segundos. (Recarga: [60,45,30] segundos)",,Nenhum,Positive Gifts,Positivo,t1_img_0180_06_01.webp,New
https://github.com/fantasfor/Soulmask/blob/main/Talentos/IconesTalentos/t1_img_0181_06_01.webp?raw=true,Damage Resonance - Attack,Ressonância de Dano - Ataque,"Hitting the target has a [10,15,20]% chance to boost the character's lower stat between DMG Increase and DMG Reduction, up to a maximum of 50% boost, lasting 12 seconds. (Cooldown: [60,45,30] seconds)","Acertar o alvo tem [10,15,20]% de chance de aumentar o atributo mais baixo do personagem entre Aumento de Dano e Redução de Dano, até no máximo 50% de bônus, durando 12 segundos. (Recarga: [60,45,30] segundos)",,Nenhum,Positive Gifts,Positivo,t1_img_0181_06_01.webp,New
https://github.com/fantasfor/Soulmask/blob/main/Talentos/IconesTalentos/t1_img_0182_06_01.webp?raw=true,Damage Alteration - Attack,Fluxo de Dano: Ataque,"Hitting an enemy has a [5,10,15]% chance to convert 50% of the user's DMG Reduction into bonus DMG Increase for 12 seconds. (Cooldown: [60,45,30] seconds)","Acertar um inimigo tem [5,10,15]% de chance de converter 50% da Redução de Dano do usuário em Aumento de Dano bônus por 12 segundos. (Recarga: [60,45,30] segundos)",,Nenhum,Positive Gifts,Positivo,t1_img_0182_06_01.webp,New
https://github.com/fantasfor/Soulmask/blob/main/Talentos/IconesTalentos/t1_img_0183_06_01.webp?raw=true,Attack-Defense Alteration - Attack,Fluxo Ataque-Defesa: Ataque,"Hitting an enemy has a [5,10,15]% chance to convert 50% of the character's total Defense into Attack for 12 seconds.(Cooldown: [60,45,30] seconds)","Acertar um inimigo tem [5,10,15]% de chance de converter 50% da Defesa total do personagem em Ataque por 12 segundos. (Recarga: [60,45,30] segundos)",,Nenhum,Positive Gifts,Positivo,t1_img_0183_06_01.webp,New
https://github.com/fantasfor/Soulmask/blob/main/Talentos/IconesTalentos/t1_img_0184_06_01.webp?raw=true,Full Power State,Estado de Poder Total,"When hitting a target at full HP and Resilience, the user enters a 12-second Full Power state, during which Crit damage increases by 50% and they cannot be critically hit. (Cooldown: [60,45,30] seconds)","Ao acertar um alvo com HP e Resiliência máximos, o usuário entra em um estado de Poder Total por 12 segundos, durante o qual o dano Crítico aumenta em 50% e não pode ser atingido criticamente. (Recarga: [60,45,30] segundos)",,Nenhum,Positive Gifts,Positivo,t1_img_0184_06_01.webp,New
https://github.com/fantasfor/Soulmask/blob/main/Talentos/IconesTalentos/t1_img_0185_06_01.webp?raw=true,Initiative,Iniciativa,"Dealing damage to the target's back inflicts an additional [20,35,50] Coma damage. (Cooldown: [10,7.5,5] seconds)","Causar dano nas costas do alvo inflige [20,35,50] de dano de Coma adicional. (Recarga: [10,7.5,5] segundos)",,Nenhum,Positive Gifts,Positivo,t1_img_0185_06_01.webp,New
https://github.com/fantasfor/Soulmask/blob/main/Talentos/IconesTalentos/t1_img_0186_06_01.webp?raw=true,Miasmic Blood,Sangue Miasmático,"Upon hit, a [5,10,15]% chance to cause the target to accumulate a great amount of poison when using medicinal items, lasting 15 seconds.","Ao acertar, [5,10,15]% de chance de fazer o alvo acumular grande quantidade de veneno ao usar itens medicinais, durando 15 segundos.",,Nenhum,Positive Gifts,Positivo,t1_img_0186_06_01.webp,New
https://github.com/fantasfor/Soulmask/blob/main/Talentos/IconesTalentos/t1_img_0187_06_01.webp?raw=true,Stagnating Toxin,Estagnação Toxina,"Hitting a poisoned target has a [5,10,15]% chance to trigger, causing their Attack Speed or Movement Speed to become increasingly sluggish whenever they attack or dash, lasting 15 seconds.","Acertar um alvo envenenado tem [5,10,15]% de chance de ativar, fazendo com que sua Velocidade de Ataque ou Velocidade de Movimento fique cada vez mais lenta ao atacar ou esquivar, durando 15 segundos.",,Nenhum,Positive Gifts,Positivo,t1_img_0187_06_01.webp,New
https://github.com/fantasfor/Soulmask/blob/main/Talentos/IconesTalentos/t1_img_0188_06_01.webp?raw=true,Cursed Strike,Golpe Amaldiçoado,"Upon hit, a [5,10,15]% chance to disable all of the target's Talents for [5,7.5,10] seconds. (Cooldown: 30 seconds)","Ao acertar, [5,10,15]% de chance de desativar todos os Talentos do alvo por [5,7.5,10] segundos. (Recarga: 30 segundos)",,Nenhum,Positive Gifts,Positivo,t1_img_0188_06_01.webp,New
https://github.com/fantasfor/Soulmask/blob/main/Talentos/IconesTalentos/t1_img_0189_06_01.webp?raw=true,Arterial Rupture,Ruptura Arterial,"Attacking a bleeding enemy has a [5,10,15]% chance to greatly increase their Bleed damage taken for 8 seconds.","Atacar um inimigo sangrando tem [5,10,15]% de chance de aumentar muito o dano de Sangramento recebido por 8 segundos.",,Nenhum,Positive Gifts,Positivo,t1_img_0189_06_01.webp,New
https://github.com/fantasfor/Soulmask/blob/main/Talentos/IconesTalentos/t1_img_0190_06_01.webp?raw=true,Defensive Attack,Ataque Defensivo,"After blocking an enemy attack, the character's attack ignores the enemy's defense for the next [1,2,3] second. (Cooldown: 20 seconds)","Após bloquear um ataque inimigo, os ataques do personagem ignoram a defesa do inimigo pelo próximo [1,2,3] segundo(s). (Recarga: 20 segundos)",,Nenhum,Positive Gifts,Positivo,t1_img_0190_06_01.webp,New
https://github.com/fantasfor/Soulmask/blob/main/Talentos/IconesTalentos/t1_img_0191_06_01.webp?raw=true,Attack-Defense Resonance - Defense,Ressonância Ataque-Defesa - Defesa,"When defending against enemy attacks, a [15,20,25]% chance to boost the user's lower stat between Attack and Defense by 20% of the higher stat's value, lasting 12 seconds. (Cooldown: [60,45,30] seconds)","Ao defender contra ataques inimigos, [15,20,25]% de chance de aumentar o atributo mais baixo do usuário entre Ataque e Defesa em 20% do valor do atributo mais alto, durando 12 segundos. (Recarga: [60,45,30] segundos)",,Nenhum,Positive Gifts,Positivo,t1_img_0191_06_01.webp,New
https://github.com/fantasfor/Soulmask/blob/main/Talentos/IconesTalentos/t1_img_0192_06_01.webp?raw=true,Damage Resonance - Defense,Ressonância de Dano - Defesa,"When defending against enemy attacks, a [15,20,25]% chance to boost the user's lower stat between DMG Increase and DMG Reduction by 50% of the higher stat's value, lasting 12 seconds. (Cooldown: [60,45,30] seconds)","Ao defender contra ataques inimigos, [15,20,25]% de chance de aumentar o atributo mais baixo do usuário entre Aumento de Dano e Redução de Dano em 50% do valor do atributo mais alto, durando 12 segundos. (Recarga: [60,45,30] segundos)",,Nenhum,Positive Gifts,Positivo,t1_img_0192_06_01.webp,New
https://github.com/fantasfor/Soulmask/blob/main/Talentos/IconesTalentos/t1_img_0193_06_01.webp?raw=true,Damage Alteration - Defense,Alteração de Dano - Defesa,"When defending against enemy attacks, a [10,15,20]% chance to convert half of the user's current DMG Increase into DMG Reduction for 12 seconds. (Cooldown: [60,45,30] seconds)","Ao defender contra ataques inimigos, [10,15,20]% de chance de converter metade do Aumento de Dano atual do usuário em Redução de Dano por 12 segundos. (Recarga: [60,45,30] segundos)",,Nenhum,Positive Gifts,Positivo,t1_img_0193_06_01.webp,New
https://github.com/fantasfor/Soulmask/blob/main/Talentos/IconesTalentos/t1_img_0194_06_01.webp?raw=true,Attack-Defense Alteration - Defense,Alteração Ataque-Defesa - Defesa,"When defending against enemy attacks, a [10,15,20]% chance to convert half of the user's Attack into Defense at 200% conversation rate for 12 seconds.(Cooldown: [60,45,30] seconds)","Ao defender contra ataques inimigos, [10,15,20]% de chance de converter metade do Ataque do usuário em Defesa com taxa de conversão de 200% por 12 segundos. (Recarga: [60,45,30] segundos)",,Nenhum,Positive Gifts,Positivo,t1_img_0194_06_01.webp,New
https://github.com/fantasfor/Soulmask/blob/main/Talentos/IconesTalentos/t1_img_0195_06_01.webp?raw=true,Chaos Defense,Defesa do Caos,"When defending against enemy attacks, a [5,10,15]% chance to Baffle the attacker, reversing their movement controls for 5 seconds. (Cooldown: 20 seconds)","Ao defender contra ataques inimigos, [5,10,15]% de chance de Confundir o atacante, revertendo seus controles de movimento por 5 segundos. (Recarga: 20 segundos)",,Nenhum,Positive Gifts,Positivo,t1_img_0195_06_01.webp,New
https://github.com/fantasfor/Soulmask/blob/main/Talentos/IconesTalentos/t1_img_0196_06_01.webp?raw=true,Confusion Defense,Defesa da Confusão,"When defending against enemy attacks, a [5,10,15]% chance to Confuse the attacker, reversing their camera controls for 5 seconds. (Cooldown: 20 seconds)","Ao defender contra ataques inimigos, [5,10,15]% de chance de Desconcertar o atacante, revertendo seus controles de câmera por 5 segundos. (Recarga: 20 segundos)",,Nenhum,Positive Gifts,Positivo,t1_img_0196_06_01.webp,New
https://github.com/fantasfor/Soulmask/blob/main/Talentos/IconesTalentos/t1_img_0197_06_01.webp?raw=true,Shock Defense,Defesa do Choque,"When defending against enemy attacks, a [5,10,15]% chance to paralyze the attacker, making them unable to defend themselves for 5 seconds. (Cooldown: 20 seconds)","Ao defender contra ataques inimigos, [5,10,15]% de chance de paralisar o atacante, impossibilitando-o de se defender por 5 segundos. (Recarga: 20 segundos)",,Nenhum,Positive Gifts,Positivo,t1_img_0197_06_01.webp,New
https://github.com/fantasfor/Soulmask/blob/main/Talentos/IconesTalentos/t1_img_0198_06_01.webp?raw=true,Superarmor Break,Quebra de Corpo Robusto,"When reflecting an enemy attack, a 20% chance to remove the attacker's Superarmor.(Cooldown: 15 seconds)","Ao Realizar um Contra-ataque perfeito, 20% de chance de remover a Superarmadura do atacante. (Recarga: 15 segundos)",,Nenhum,Positive Gifts,Positivo,t1_img_0198_06_01.webp,New
https://github.com/fantasfor/Soulmask/blob/main/Talentos/IconesTalentos/t1_img_0199_05_01.webp?raw=true,Superarmor Break,Quebra de Corpo Robusto,"When reflecting an enemy attack, a [30,40]% chance to remove the attacker's Superarmor and prevent them from gaining Superarmor for [2,3] seconds. (Cooldown: 15 seconds)","Ao Realizar um Contra-ataque perfeito, [30,40]% de chance de remover a Superarmadura do atacante e impedi-lo de ganhar Superarmadura por [2,3] segundos. (Recarga: 15 segundos)",,Nenhum,Positive Gifts,Positivo,t1_img_0199_05_01.webp,New
https://github.com/fantasfor/Soulmask/blob/main/Talentos/IconesTalentos/t1_img_0200_06_01.webp?raw=true,Confusion Reflect,Reflexo da Confusão,"When reflecting an enemy's attack, the character Baffles the attacker, reversing their movement controls for [6,8,10] seconds. (Cooldown: 25 seconds)","Ao Realizar um Contra-ataque perfeito, o personagem Confunde o atacante, revertendo seus controles de movimento por [6,8,10] segundos. (Recarga: 25 segundos)",,Nenhum,Positive Gifts,Positivo,t1_img_0200_06_01.webp,New
https://github.com/fantasfor/Soulmask/blob/main/Talentos/IconesTalentos/t1_img_0201_06_01.webp?raw=true,Baffle Reflect,Reflexo de Bloqueio,"When reflecting an enemy's attack, the character confuses the attacker, reversing their camera controls for [6,8,10] seconds. (Cooldown: 25 seconds)","Ao Realizar um Contra-ataque perfeito, o personagem Desconcerta o atacante, revertendo seus controles de câmera por [6,8,10] segundos. (Recarga: 25 segundos)",,Nenhum,Positive Gifts,Positivo,t1_img_0201_06_01.webp,New
https://github.com/fantasfor/Soulmask/blob/main/Talentos/IconesTalentos/t1_img_0202_06_01.webp?raw=true,Momentum Shift,Momentum Shift,"When reflecting an enemy's attack, if the enemy's attack or defense stats exceed the character's, the character boosts the lower stat by up to 20% based on the enemy's strength for 12 seconds. (Cooldown: [60,45,30] seconds)","Ao Realizar um Contra-ataque perfeito, se o Ataque ou Defesa do inimigo superar o do personagem, o personagem aumenta o atributo mais baixo em até 20% com base na força do inimigo por 12 segundos. (Recarga: [60,45,30] segundos)",,Nenhum,Positive Gifts,Positivo,t1_img_0202_06_01.webp,New
https://github.com/fantasfor/Soulmask/blob/main/Talentos/IconesTalentos/t1_img_0203_06_01.webp?raw=true,Shock Reflect,Reflexo de Choque,"When reflecting an enemy's attack, the character paralyzes the attacker, making them unable to defend themselves for [6,8,10] seconds. (Cooldown: 25 seconds)","Ao Realizar um Contra-ataque perfeito, o personagem paralisa o atacante, impossibilitando-o de se defender por [6,8,10] segundos. (Recarga: 25 segundos)",,Nenhum,Positive Gifts,Positivo,t1_img_0203_06_01.webp,New
https://github.com/fantasfor/Soulmask/blob/main/Talentos/IconesTalentos/t1_img_0204_06_01.webp?raw=true,Chain Dodge,Esquiva em Cadeia,"Successfully dodging an enemy attack grants immunity to next incoming damage for the next [2,3,4] seconds. (CD: 5 seconds)","Esquivar com sucesso de um ataque inimigo concede imunidade ao próximo dano recebido pelos próximos [2,3,4] segundos. (Recarga: 5 segundos)",,Nenhum,Positive Gifts,Positivo,t1_img_0204_06_01.webp,New
https://github.com/fantasfor/Soulmask/blob/main/Talentos/IconesTalentos/t1_img_0205_06_01.webp?raw=true,Limb Shatter,Quebra de Membro,"[15,20,25]% chance to trigger after successfully dodging an enemy's attack; the next attack within [2,3,4] sec has +100% Crit Rate and randomly inflicts Baffle, Confuse or Reverse-Dodge for 6 seconds. (Cooldown: 12 seconds)","[15,20,25]% de chance de ativar após esquivar com sucesso do ataque de um inimigo; o próximo ataque dentro de [2,3,4] seg tem +100% de Taxa de Crítico e inflige aleatoriamente Confusão, Desconcerto ou Esquiva Reversa por 6 segundos. (Recarga: 12 segundos)",,Nenhum,Positive Gifts,Positivo,t1_img_0205_06_01.webp,New
https://github.com/fantasfor/Soulmask/blob/main/Talentos/IconesTalentos/t1_img_0206_06_01.webp?raw=true,Offense is the Best Defense,O Ataque é a Melhor Defesa,"After a successful dodge, the character's attacks cannot be reflected back for [4,6,8]s, and their weapon attacks can reflect enemy attacks.","Após uma esquiva bem-sucedida, os ataques do personagem não podem ser refletidos por [4,6,8]s, e seus ataques de arma podem refletir os ataques inimigos.",,Nenhum,Positive Gifts,Positivo,t1_img_0206_06_01.webp,New
https://github.com/fantasfor/Soulmask/blob/main/Talentos/IconesTalentos/t1_img_0207_06_01.webp?raw=true,Reorganize,Reorganizar,"While in a [Near-Death] state, if a nearby enemy is downed to near-death or killed, the character immediately exits the [Near-Death] state.","Enquanto em estado de [Quase Morte], se um inimigo próximo for derrubado para Quase Morte ou morto, o personagem sai imediatamente do estado de [Quase Morte].",,Nenhum,Positive Gifts,Positivo,t1_img_0207_06_01.webp,New
https://github.com/fantasfor/Soulmask/blob/main/Talentos/IconesTalentos/t1_img_0208_05_01.webp?raw=true,Reorganize,Reorganizar,"While in a [Near-Death] state, if a nearby enemy is downed to near-death or killed, the character immediately exits the [Near-Death] state and additionally recovers [10,20]% HP.","Enquanto em estado de [Quase Morte], se um inimigo próximo for derrubado para Quase Morte ou morto, o personagem sai imediatamente do estado de [Quase Morte] e recupera adicionalmente [10,20]% de HP.",,Nenhum,Positive Gifts,Positivo,t1_img_0208_05_01.webp,New
https://github.com/fantasfor/Soulmask/blob/main/Talentos/IconesTalentos/t1_img_0209_06_01.webp?raw=true,Executioner's Dread,Terror do Carrasco,"When executing a target, enemies within 10 meters are weakened and enter the Coward state, suffering a [10,15,20]% reduction in ATK and Crit, and a [5,10,15]% reduction in Attack Speed, lasting 15 seconds.","Ao executar um alvo, os inimigos dentro de 10 metros ficam enfraquecidos e entram no estado de Covarde, sofrendo redução de [10,15,20]% em ATQ e Crítico, e [5,10,15]% de redução na Velocidade de Ataque, durando 15 segundos.",,Nenhum,Positive Gifts,Positivo,t1_img_0209_06_01.webp,New
https://github.com/fantasfor/Soulmask/blob/main/Talentos/IconesTalentos/t1_img_0210_06_01.webp?raw=true,Perfect Absorption,Absorção Perfeita,"All HP recovery effects are increased by [20,35,50]%.","Todos os efeitos de recuperação de HP são aumentados em [20,35,50]%.",,Nenhum,Positive Gifts,Positivo,t1_img_0210_06_01.webp,New
https://github.com/fantasfor/Soulmask/blob/main/Talentos/IconesTalentos/t1_img_0211_06_01.webp?raw=true,Spirit of the Pack,Espírito da Matilha,"[Wildwolf Exclusive] Hitting an enemy has a [5,10,15]% chance to trigger, gaining a [2,3,4]% damage boost for each allied tribesman within 15 meters (up to 5 allies). This bonus is increased to [4,6,8]% for each Wildwolf tribesman; lasting 20 seconds. (Cooldown: 10 seconds)","Acertar um inimigo tem [5,10,15]% de chance de ativar, ganhando [2,3,4]% de aumento de dano para cada membro aliado da tribo dentro de 15 metros (até 5 aliados). Esse bônus aumenta para [4,6,8]% para cada membro da tribo Wildwolf; durando 20 segundos. (Recarga: 10 segundos)",Wildwolf,Lobo Selvagem,Positive Gifts,Positivo,t1_img_0211_06_01.webp,New
https://github.com/fantasfor/Soulmask/blob/main/Talentos/IconesTalentos/t1_img_0212_06_01.webp?raw=true,Savagehorn Soul,Alma do Chifre Selvagem,"[Savagehorn Exclusive] Hitting an enemy has a [5,10,15]% chance to trigger, gaining a [2,3,4]% damage reduction for each allied tribesman within 15 meters (up to 5 allies). This bonus is increased to [4,6,8]% for each Savagehorn tribesman; lasting 20 seconds. (Cooldown: 10 seconds)","Acertar um inimigo tem [5,10,15]% de chance de ativar, ganhando [2,3,4]% de redução de dano para cada membro aliado da tribo dentro de 15 metros (até 5 aliados). Esse bônus aumenta para [4,6,8]% para cada membro da tribo Savagehorn; durando 20 segundos. (Recarga: 10 segundos)",Sacagehorn,Chifre Selvagem,Positive Gifts,Positivo,t1_img_0212_06_01.webp,New
https://github.com/fantasfor/Soulmask/blob/main/Talentos/IconesTalentos/t1_img_0213_06_01.webp?raw=true,Courage Transfer,Transferência de Coragem,"Gaining a buff has a [10,15,20]% chance to transfer some of the character's buffs to allied units within 15 meters in the next [6,8,10] seconds. (Cooldown: 25 seconds)","Receber um bônus tem [10,15,20]% de chance de transferir alguns dos bônus do personagem para unidades aliadas dentro de 15 metros nos próximos [6,8,10] segundos. (Recarga: 25 segundos)",,Nenhum,Positive Gifts,Positivo,t1_img_0213_06_01.webp,New
https://github.com/fantasfor/Soulmask/blob/main/Talentos/IconesTalentos/t1_img_0214_06_01.webp?raw=true,Bloodline Suppression,Supressão da Linhagem Sanguínea,"[15,20,25]% chance when attacked to inflict Dread on the attacker for 10 seconds. During this time, the enemy's Single-hit DMG cannot exceed 300. Effect reduced against Bosses. (CD: [45,35,25]s)","[15,20,25]% de chance ao ser atacado de infligir Pavor no atacante por 10 segundos. Durante esse tempo, o Dano por golpe único do inimigo não pode exceder 300. Efeito reduzido contra Chefões. (Recarga: [45,35,25]s)",,Nenhum,Positive Gifts,Positivo,t1_img_0214_06_01.webp,New
https://github.com/fantasfor/Soulmask/blob/main/Talentos/IconesTalentos/t1_img_0215_06_01.webp?raw=true,Swiftness Resonance - Attack,Ressonância de Agilidade - Ataque,"Hitting the target has a [10,15,20]% chance to boost the user's lower stat between Movement Speed and Attack Speed by 50% of the higher stat's value for 12 seconds. (Cooldown: [60,45,30] seconds)","Acertar o alvo tem [10,15,20]% de chance de aumentar o atributo mais baixo do usuário entre Velocidade de Movimento e Velocidade de Ataque em 50% do valor do atributo mais alto por 12 segundos. (Recarga: [60,45,30] segundos)",,Nenhum,Positive Gifts,Positivo,t1_img_0215_06_01.webp,New
https://github.com/fantasfor/Soulmask/blob/main/Talentos/IconesTalentos/t1_img_0216_06_01.webp?raw=true,Swiftness Resonance - Defense,Ressonância de Velocidade - Defesa,"When defending against enemy attacks, a [15,20,25]% chance to boost the character's lower stat between Movement Speed and Attack Speed by 50% of the higher stat's value for 12 seconds. (Cooldown: [60,45,30] seconds)","Ao defender contra ataques inimigos, [15,20,25]% de chance de aumentar o atributo mais baixo do personagem entre Velocidade de Movimento e Velocidade de Ataque em 50% do valor do atributo mais alto por 12 segundos. (Recarga: [60,45,30] segundos)",,Nenhum,Positive Gifts,Positivo,t1_img_0216_06_01.webp,New
https://github.com/fantasfor/Soulmask/blob/main/Talentos/IconesTalentos/t1_img_0217_06_01.webp?raw=true,Resurgence,Ressurgimento,"Enters a 10-second Rampage state upon reaching full HP or recovering from Near-Death, increasing Attack Speed and Movement Speed by 20%, converting 20% of damage dealt to the target into HP recovery, and gaining immunity to most Slow effects. (Cooldown: [60,45,30] seconds)","Entra em estado de Fúria por 10 segundos ao atingir HP máximo ou recuperar de Quase Morte, aumentando a Velocidade de Ataque e Velocidade de Movimento em 20%, convertendo 20% do dano causado ao alvo em recuperação de HP, e ganhando imunidade à maioria dos efeitos de Lentidão. (Recarga: [60,45,30] segundos)",,Nenhum,Positive Gifts,Positivo,t1_img_0217_06_01.webp,New
https://github.com/fantasfor/Soulmask/blob/main/Talentos/IconesTalentos/t1_img_0218_06_01.webp?raw=true,Reverse-Dodge Defense,Defesa de Esquiva Reversa,"When defending against enemy attacks, a [5,10,15]% chance to disorient the attacker with Reverse-Dodge, reversing their dodge direction for 5 seconds. (Cooldown: 20 seconds)","Ao defender contra ataques inimigos, [5,10,15]% de chance de desorientar o atacante com Esquiva Reversa, revertendo sua direção de esquiva por 5 segundos. (Recarga: 20 segundos)",,Nenhum,Positive Gifts,Positivo,t1_img_0218_06_01.webp,New
https://github.com/fantasfor/Soulmask/blob/main/Talentos/IconesTalentos/t1_img_0219_06_01.webp?raw=true,Reverse-Dodge Reflect,Reflexo por Esquiva Reversa,"When reflecting an enemy's attack, the character disorients the attacker with Reverse-Dodge, reversing their dodge direction for [6,8,10] seconds. (Cooldown: 25 seconds)","Ao contra-atacar ataque inimigo, causa inversão de Esquiva no Alvo, invertendo direção de esquiva por [6, 8, 10]s (CD 25s)",,Nenhum,Positive Gifts,Positivo,t1_img_0219_06_01.webp,New
https://github.com/fantasfor/Soulmask/blob/main/Talentos/IconesTalentos/t1_img_0220_06_01.webp?raw=true,Seed of Combustion,Semente da Combustão,"Attacking an Ignited enemy with a Weapon has a [5,10,15]% chance to inflict ""Seed of Combustion"" for 5s: Rolling or Dodging will trigger a combustion, Igniting all targets within [2,4,6] meters.","Atacar um inimigo Ignitado com uma Arma tem [5,10,15]% de chance de infligir ""Semente da Combustão"" por 5s: Rolar ou Esquivar ativará uma combustão, Ignitando todos os alvos dentro de [2,4,6] metros.",,Nenhum,Positive Gifts,Positivo,t1_img_0220_06_01.webp,New
https://github.com/fantasfor/Soulmask/blob/main/Talentos/IconesTalentos/t1_img_0221_06_01.webp?raw=true,Seed of Vemon,Semente do Veneno,"Attacking a Poisoned enemy with a Weapon has a [5,10,15]% chance to inflict ""Seed of Venom"" for 5s: Rolling or Dodging will trigger a toxic explosion, Poisoning all targets within [2,4,6] meters.","Atacar um inimigo Envenenado com uma Arma tem [5,10,15]% de chance de infligir ""Semente do Veneno"" por 5s: Rolar ou Esquivar ativará uma explosão tóxica, Envenenando todos os alvos dentro de [2,4,6] metros.",,Nenhum,Positive Gifts,Positivo,t1_img_0221_06_01.webp,New
https://github.com/fantasfor/Soulmask/blob/main/Talentos/IconesTalentos/t1_img_0222_06_01.webp?raw=true,Seed of Bloodboil,Semente da Fervura de Sangue,"Attacking a Bleeding enemy with a Weapon has a [5,10,15]% chance to inflict ""Seed of Bloodboil"" for 5s: Rolling or Dodging will trigger a blood eruption, Bleeding all targets within [2,4,6] meters.","Atacar um inimigo Sangrando com uma Arma tem [5,10,15]% de chance de infligir ""Semente da Fervura de Sangue"" por 5s: Rolar ou Esquivar ativará uma erupção de sangue, causando Sangramento em todos os alvos dentro de [2,4,6] metros.",,Nenhum,Positive Gifts,Positivo,t1_img_0222_06_01.webp,New
https://github.com/fantasfor/Soulmask/blob/main/Talentos/IconesTalentos/t1_img_0223_06_01.webp?raw=true,Movement Speed Steal,Roubo de Velocidade de Movimento,"[Savagehorn Exclusive] Hitting an enemy has a [5,10,15]% chance to steal 6% of the target's Movement Speed for 10 seconds. Stacks up to 5 times.","Acertar um inimigo tem [5,10,15]% de chance de roubar 6% da Velocidade de Movimento do alvo por 10 segundos. Acumula até 5 vezes.",Sacagehorn,Chifre Selvagem,Positive Gifts,Positivo,t1_img_0223_06_01.webp,New
https://github.com/fantasfor/Soulmask/blob/main/Talentos/IconesTalentos/t1_img_0224_06_01.webp?raw=true,Attack Speed Steal,Roubo de Velocidade de Ataque,"[Wildwolf Exclusive] Hitting an enemy has a [5,10,15]% chance to steal 5% of the target's Attack Speed for 10 seconds. Stacks up to 5 times.","Acertar um inimigo tem [5,10,15]% de chance de roubar 5% da Velocidade de Ataque do alvo por 10 segundos. Acumula até 5 vezes.",Wildwolf,Lobo Selvagem,Positive Gifts,Positivo,t1_img_0224_06_01.webp,New
https://github.com/fantasfor/Soulmask/blob/main/Talentos/IconesTalentos/t1_img_0225_06_01.webp?raw=true,Spiked Whip Damage Boost,Espinhoso Aumento de Dano do Chicote,"Using a spiked whip grants greater power. Spiked whip weapons DMG +[3,6,9]%.","Usar um chicote com espinhos concede maior poder. Dano de armas de chicote com espinhos +[3,6,9]%.",,Nenhum,Positive Gifts,Positivo,t1_img_0225_06_01.webp,New
https://github.com/fantasfor/Soulmask/blob/main/Talentos/IconesTalentos/t1_img_0226_06_01.webp?raw=true,Sleight of Hand,Agilidade,"[15,20,25]% chance to not consume the item when firing an arrow or using a throwable.","[15,20,25]% de chance de não consumir o item ao disparar uma flecha ou usar um arremessável.",,Nenhum,Positive Gifts,Positivo,t1_img_0226_06_01.webp,New
https://github.com/fantasfor/Soulmask/blob/main/Talentos/IconesTalentos/t1_img_0227_06_01.webp?raw=true,Multi-Throw,Arremesso Múltiplo,"[10,15,20]% chance to throw several extras when using a throwable item.","[10,15,20]% de chance de arremessar vários extras ao usar um item arremessável.",,Nenhum,Positive Gifts,Positivo,t1_img_0227_06_01.webp,New
https://github.com/fantasfor/Soulmask/blob/main/Talentos/IconesTalentos/t1_img_0228_06_01.webp?raw=true,Throw Dodge,Esquiva de Arremesso,"Dodging automatically throws an equipped Throwing Axe, Knife, or Spear at an enemy within [10,15] meters.","Esquivar arremessa automaticamente um Machado de Arremesso, Faca ou Lança equipada em um inimigo dentro de [10,15] metros.",,Nenhum,Positive Gifts,Positivo,t1_img_0228_06_01.webp,New
https://github.com/fantasfor/Soulmask/blob/main/Talentos/IconesTalentos/t1_img_0229_05_01.webp?raw=true,Throw Dodge,Esquiva de Arremesso,"Dodging automatically throws an equipped Throwing Axe, Knife, or Spear at an enemy within 15 meters. Also inflicts a 5-second 50% [Slow] upon hit.","Esquivar arremessa automaticamente um Machado de Arremesso, Faca ou Lança equipada em um inimigo dentro de 15 metros. Também inflige [Lentidão] de 50% por 5 segundos ao acertar.",,Nenhum,Positive Gifts,Positivo,t1_img_0229_05_01.webp,New
https://github.com/fantasfor/Soulmask/blob/main/Talentos/IconesTalentos/t1_img_0230_06_01.webp?raw=true,Grapple-Throw,Arremesso com Agarrão,"Hitting a target with a Throwing Axe, Knife, or Spear pulls them towards the character.","Acertar um alvo com Machado de Arremesso, Faca ou Lança puxa o alvo em direção ao personagem.",,Nenhum,Positive Gifts,Positivo,t1_img_0230_06_01.webp,New
https://github.com/fantasfor/Soulmask/blob/main/Talentos/IconesTalentos/t1_img_0231_05_01.webp?raw=true,Grapple-Throw,Arremesso com Agarrão,"Hitting a target with a Throwing Axe, Knife, or Spear pulls them to the character's side.","Acertar um alvo com Machado de Arremesso, Faca ou Lança puxa o alvo para o lado do personagem.",,Nenhum,Positive Gifts,Positivo,t1_img_0231_05_01.webp,New
https://github.com/fantasfor/Soulmask/blob/main/Talentos/IconesTalentos/t1_img_0232_05_01.webp?raw=true,Grapple-Throw,Arremesso com Agarrão,"Hitting a target with a Throwing Axe, Knife, or Spear pulls them to the character's side and prevents them from rolling for 5 seconds.","Acertar um alvo com Machado de Arremesso, Faca ou Lança puxa o alvo para o lado do personagem e impede-o de rolar por 5 segundos.",,Nenhum,Positive Gifts,Positivo,t1_img_0232_05_01.webp,New
https://github.com/fantasfor/Soulmask/blob/main/Talentos/IconesTalentos/t1_img_0233_06_01.webp?raw=true,Resonant Burst - Attack,Explosão Ressonante - Ataque,"Hitting an enemy has a [10,15,20]% chance to boost the lower stat between Crit Rate and Crit Resist by 30% of the higher stat's value for 12 seconds. (Cooldown: [60,45,30] seconds)","Acertar um inimigo tem [10,15,20]% de chance de aumentar o atributo mais baixo entre Taxa de Crítico e Resistência a Crítico em 30% do valor do atributo mais alto por 12 segundos. (Recarga: [60,45,30] segundos)",,Nenhum,Positive Gifts,Positivo,t1_img_0233_06_01.webp,New
https://github.com/fantasfor/Soulmask/blob/main/Talentos/IconesTalentos/t1_img_0234_06_01.webp?raw=true,Burst Alteration - Attack,Alteração de Explosão - Ataque,"Hitting an enemy has a [5,10,15]% chance to convert all current [Crit Resist] into [Crit Rate] at a 50% ratio for 12 seconds.(Cooldown: [60,45,30] seconds)","Acertar um inimigo tem [5,10,15]% de chance de converter toda a [Resistência a Crítico] atual em [Taxa de Crítico] na proporção de 50% por 12 segundos. (Recarga: [60,45,30] segundos)",,Nenhum,Positive Gifts,Positivo,t1_img_0234_06_01.webp,New
https://github.com/fantasfor/Soulmask/blob/main/Talentos/IconesTalentos/t1_img_0235_06_01.webp?raw=true,Resonant Burst - Defense,Explosão Ressonante - Defesa,"When defending against enemy attacks, a [15,20,25]% chance to boost the user's lower stat between Crit Rate and Crit Resist by 30% of the higher stat's value for 12 seconds. (Cooldown: [60,45,30] seconds)","Ao defender contra ataques inimigos, [15,20,25]% de chance de aumentar o atributo mais baixo do usuário entre Taxa de Crítico e Resistência a Crítico em 30% do valor do atributo mais alto por 12 segundos. (Recarga: [60,45,30] segundos)",,Nenhum,Positive Gifts,Positivo,t1_img_0235_06_01.webp,New
https://github.com/fantasfor/Soulmask/blob/main/Talentos/IconesTalentos/t1_img_0236_06_01.webp?raw=true,Burst Alteration - Defense,Alteração de Explosão - Defesa,"When defending against enemy attacks, a [10,15,20]% chance to convert 50% of the user's current Crit Rate into Crit Resist for 12 seconds. (Cooldown: [60,45,30] seconds)","Ao defender contra ataques inimigos, [10,15,20]% de chance de converter 50% da Taxa de Crítico atual do usuário em Resistência a Crítico por 12 segundos. (Recarga: [60,45,30] segundos)",,Nenhum,Positive Gifts,Positivo,t1_img_0236_06_01.webp,New
https://github.com/fantasfor/Soulmask/blob/main/Talentos/IconesTalentos/t1_img_0237_06_01.webp?raw=true,Opportunistic Chain Strike,Ataque em Cadeia Oportunista,"Upon successfully Dodging an enemy attack, gain 1 stack of ""Chain Strike"" for 3s: The next Backstab with a Weapon will deal extra hits based on the number of stacks. Max [2,3,4] stacks.","Após esquivar com sucesso de um ataque inimigo, ganha 1 acumulação de ""Golpe em Cadeia"" por 3s: o próximo Ataque pelas Costas com uma Arma causará golpes extras com base no número de acumulações. Máximo de [2,3,4] acumulações.",,Nenhum,Positive Gifts,Positivo,t1_img_0237_06_01.webp,New
https://github.com/fantasfor/Soulmask/blob/main/Talentos/IconesTalentos/t1_img_0238_06_01.webp?raw=true,Soulflame Sniping,Tiro Preciso da Chama da Alma,"[Hunter Exclusive] While charging a bow, HP continuously drains; arrows fired deal additional damage equal to [50,75]% of HP lost during charging (Damage cap: 100% of Max HP).","Enquanto carrega um arco, o HP drena continuamente; flechas disparadas causam dano adicional igual a [50,75]% do HP perdido durante o carregamento (Limite de Dano: 100% do HP Máximo).",Hunter,Caçador,Positive Gifts,Positivo,t1_img_0238_06_01.webp,New
https://github.com/fantasfor/Soulmask/blob/main/Talentos/IconesTalentos/t1_img_0239_05_01.webp?raw=true,Soulflame Sniping,Tiro Preciso da Chama da Alma,"[Hunter Exclusive] While charging a bow, HP continuously drains; arrows deal additional damage equal to 100% of HP lost. Firing with perfect timing greatly boosts the effect (Damage cap: 100% of Max HP).","Enquanto carrega um arco, o HP drena continuamente; flechas causam dano adicional igual a 100% do HP perdido. Disparar no momento perfeito aumenta muito o efeito (Limite de Dano: 100% do HP Máximo).",Hunter,Caçador,Positive Gifts,Positivo,t1_img_0239_05_01.webp,New
https://github.com/fantasfor/Soulmask/blob/main/Talentos/IconesTalentos/t1_img_0240_06_01.webp?raw=true,Intimidating Strike,Golpe Intimidante,"[5,10,15]% chance on melee hit to inflict Dread for 6 seconds, during which, the target's single-hit damage capped at 300. Effect reduced against Bosses. (Cooldown: [25,20,15] seconds)","[5,10,15]% de chance em acerto corpo a corpo de infligir Pavor por 6 segundos; durante esse tempo, o dano por golpe único do alvo é limitado a 300. Efeito reduzido contra Chefões. (Recarga: [25,20,15] segundos)",,Nenhum,Positive Gifts,Positivo,t1_img_0240_06_01.webp,New
https://github.com/fantasfor/Soulmask/blob/main/Talentos/IconesTalentos/t1_img_0241_06_01.webp?raw=true,Prime Battle Spirit,Espírito de Batalha Supremo,"When at full HP and Resilience, hitting an enemy grants a [4,6,8]-sec [Offense is the Best Defense]: The user's attacks cannot be reflected, and can reflect enemy attacks with any weapon. (Cooldown: 25 seconds)","Quando com HP e Resiliência máximos, acertar um inimigo concede [4,6,8] seg de [O Ataque é a Melhor Defesa]: os ataques do usuário não podem ser refletidos, e podem refletir os ataques inimigos com qualquer arma. (Recarga: 25 segundos)",,Nenhum,Positive Gifts,Positivo,t1_img_0241_06_01.webp,New
https://github.com/fantasfor/Soulmask/blob/main/Talentos/IconesTalentos/t1_img_0242_06_01.webp?raw=true,Swiftness Alteration - Attack,Fluxo Ágil: Ataque,"Hitting an enemy has a [5,10,15]% chance to convert 25% of the user's current [Movement Speed] into [Attack Speed] for 12 seconds. (Cooldown: [60,45,30] seconds)","Acertar um inimigo tem [5,10,15]% de chance de converter 25% da [Velocidade de Movimento] atual do usuário em [Velocidade de Ataque] por 12 segundos. (Recarga: [60,45,30] segundos)",,Nenhum,Positive Gifts,Positivo,t1_img_0242_06_01.webp,New
https://github.com/fantasfor/Soulmask/blob/main/Talentos/IconesTalentos/t1_img_0243_06_01.webp?raw=true,Swiftness Alteration - Defense,Fluxo Ágil: Defesa,"When defending against enemy attacks, a [10,15,20]% chance to convert 25% of the user's current [Attack Speed] into [Movement Speed] for 12 seconds. (Cooldown: [60,45,30] seconds)","Ao defender contra ataques inimigos, [10,15,20]% de chance de converter 25% da [Velocidade de Ataque] atual do usuário em [Velocidade de Movimento] por 12 segundos. (Recarga: [60,45,30] segundos)",,Nenhum,Positive Gifts,Positivo,t1_img_0243_06_01.webp,New
https://github.com/fantasfor/Soulmask/blob/main/Talentos/IconesTalentos/t1_img_0244_06_01.webp?raw=true,Skillful Hand,Mão Habilidosa,"[Wildwolf Exclusive] As a craftsman, the character has a [5,10]% chance to add one extra stat when crafting a weapon.","Como artesão, o personagem tem [5,10]% de chance de adicionar um atributo extra ao fabricar uma arma.",Wildwolf,Lobo Selvagem,Positive Gifts,Positivo,t1_img_0244_06_01.webp,New
https://github.com/fantasfor/Soulmask/blob/main/Talentos/IconesTalentos/t1_img_0245_05_01.webp?raw=true,Skillful Hand,Mão Habilidosa,"[Wildwolf Exclusive] As a craftsman, the character has a 10% chance to add up to 2 extra stats when crafting a weapon.","Como artesão, o personagem tem 10% de chance de adicionar até 2 atributos extras ao fabricar uma arma.",Wildwolf,Lobo Selvagem,Positive Gifts,Positivo,t1_img_0245_05_01.webp,New
https://github.com/fantasfor/Soulmask/blob/main/Talentos/IconesTalentos/t1_img_0246_06_01.webp?raw=true,Masterwork Armor,Armadura Magistral,"[Savagehorn Exclusive] As a craftsman, the character has a [5,10]% chance to add one extra stat when crafting gear.","Como artesão, o personagem tem [5,10]% de chance de adicionar um atributo extra ao fabricar um equipamento.",Sacagehorn,Chifre Selvagem,Positive Gifts,Positivo,t1_img_0246_06_01.webp,New
https://github.com/fantasfor/Soulmask/blob/main/Talentos/IconesTalentos/t1_img_0247_05_01.webp?raw=true,Masterwork Armor,Armadura Magistral,"[Savagehorn Exclusive] As a craftsman, the character has a 10% chance to add up to 2 extra stats when crafting armor.","Como artesão, o personagem tem 10% de chance de adicionar até 2 atributos extras ao fabricar uma armadura.",Sacagehorn,Chifre Selvagem,Positive Gifts,Positivo,t1_img_0247_05_01.webp,New
https://github.com/fantasfor/Soulmask/blob/main/Talentos/IconesTalentos/t1_img_0248_06_01.webp?raw=true,Armorer's Focus,Foco do Armeiro,"[Craftsman Exclusive] Exceptionally focused when crafting armor, chance to produce high-quality items +5%.","Excepcionalmente focado ao fabricar armaduras, chance de produzir itens de alta qualidade +5%.",Craftsman,Artesão,Positive Gifts,Positivo,t1_img_0248_06_01.webp,New
https://github.com/fantasfor/Soulmask/blob/main/Talentos/IconesTalentos/t1_img_0249_05_01.webp?raw=true,Armorer's Focus,Foco do Armeiro,"[Craftsman Exclusive] Exceptionally focused when crafting gear, chance to produce high-quality items +7.5%.","Excepcionalmente focado ao fabricar equipamentos, chance de produzir itens de alta qualidade +7,5%.",Craftsman,Artesão,Positive Gifts,Positivo,t1_img_0249_05_01.webp,New
https://github.com/fantasfor/Soulmask/blob/main/Talentos/IconesTalentos/t1_img_0250_05_01.webp?raw=true,Armorer's Focus,Foco do Armeiro,"[Craftsman Exclusive] Exceptionally focused when crafting armor, chance to produce high-quality items +10%.","Excepcionalmente focado ao fabricar armaduras, chance de produzir itens de alta qualidade +10%.",Craftsman,Artesão,Positive Gifts,Positivo,t1_img_0250_05_01.webp,New
https://github.com/fantasfor/Soulmask/blob/main/Talentos/IconesTalentos/t1_img_0251_06_01.webp?raw=true,Weaponsmith's Focus,Foco do Ferreiro,"[Craftsman Exclusive] Exceptionally focused while forging weapons, chance to produce high-quality items +[5,7.5,10]%.","Excepcionalmente focado ao forjar armas, chance de produzir itens de alta qualidade +[5,7.5,10]%.",Craftsman,Artesão,Positive Gifts,Positivo,t1_img_0251_06_01.webp,New
https://github.com/fantasfor/Soulmask/blob/main/Talentos/IconesTalentos/t1_img_0252_06_01.webp?raw=true,Weapon Maintenance,Manutenção de Armas,"[Wildwolf Exclusive] As a craftsman, the character reduces durability cost by [20,35]% when repairing weapons.","Como artesão, o personagem reduz o custo de durabilidade em [20,35]% ao reparar armas.",Wildwolf,Lobo Selvagem,Positive Gifts,Positivo,t1_img_0252_06_01.webp,New
https://github.com/fantasfor/Soulmask/blob/main/Talentos/IconesTalentos/t1_img_0253_05_01.webp?raw=true,Weapon Maintenance,Manutenção de Armas,"[Wildwolf Exclusive] As a craftsman, the character reduces durability loss by 50% when repairing weapons.","Como artesão, o personagem reduz a perda de durabilidade em 50% ao reparar armas.",Wildwolf,Lobo Selvagem,Positive Gifts,Positivo,t1_img_0253_05_01.webp,New
https://github.com/fantasfor/Soulmask/blob/main/Talentos/IconesTalentos/t1_img_0254_06_01.webp?raw=true,Armor Maintenance,Manutenção de Armaduras,"[Savagehorn Exclusive] As a craftsman, the character reduces durability cost by [20,35]% when repairing armor.","Como artesão, o personagem reduz o custo de durabilidade em [20,35]% ao reparar armaduras.",Sacagehorn,Chifre Selvagem,Positive Gifts,Positivo,t1_img_0254_06_01.webp,New
https://github.com/fantasfor/Soulmask/blob/main/Talentos/IconesTalentos/t1_img_0255_05_01.webp?raw=true,Armor Maintenance,Manutenção de Armaduras,"[Savagehorn Exclusive] As a craftsman, the character reduces durability loss by 50% when repairing armor.","Como artesão, o personagem reduz a perda de durabilidade em 50% ao reparar armaduras.",Sacagehorn,Chifre Selvagem,Positive Gifts,Positivo,t1_img_0255_05_01.webp,New
https://github.com/fantasfor/Soulmask/blob/main/Talentos/IconesTalentos/t1_img_0256_06_01.webp?raw=true,Tool Maintenance,Manutenção de Ferramentas,"[Craftsman Exclusive] Durability cost of repairer tools is reduced by [20,35]%.","Custo de durabilidade das ferramentas de reparo reduzido em [20,35]%.",Craftsman,Artesão,Positive Gifts,Positivo,t1_img_0256_06_01.webp,New
https://github.com/fantasfor/Soulmask/blob/main/Talentos/IconesTalentos/t1_img_0257_05_01.webp?raw=true,Tool Maintenance,Manutenção de Ferramentas,[Craftsman Exclusive] Durability loss of repairer tools is reduced by 50%.,Perda de durabilidade das ferramentas de reparo reduzida em 50%.,Craftsman,Artesão,Positive Gifts,Positivo,t1_img_0257_05_01.webp,New
https://github.com/fantasfor/Soulmask/blob/main/Talentos/IconesTalentos/t3_img_0031_06_01.webp?raw=true,Tribe - Breath of the Wildwolf,Tribo - Sopro do Lobo Selvagem,"The people of the Wildwolf Tribe have extraordinary endurance. Stamina recovery is increased by [5,10,15]%, and their attacks inflict [2,4,6] Paralysis damage.","O povo da Tribo Lobo Selvagem tem resistência extraordinária. A recuperação de Vigor é aumentada em [5,10,15]%, e seus ataques infligem [2,4,6] de dano de Paralisia.",Wildwolf,Lobo Selvagem,Tribe,Tribo,t3_img_0031_06_01.webp,New
https://github.com/fantasfor/Soulmask/blob/main/Talentos/IconesTalentos/t3_img_0032_06_01.webp?raw=true,Tribe - Might of the Wildwolf,Tribo - Poder do Lobo Selvagem,"The people of the Wildwolf Tribe are ruthless. Damage +[4,6,8]% and attacks inflict [2,4,6] stacks of [Bleed].","O povo da Tribo Lobo Selvagem é implacável. Dano +[4,6,8]% e ataques infligem [2,4,6] acumulações de [Sangramento].",Wildwolf,Lobo Selvagem,Tribe,Tribo,t3_img_0032_06_01.webp,New
https://github.com/fantasfor/Soulmask/blob/main/Talentos/IconesTalentos/t3_img_0033_06_01.webp?raw=true,Tribe - Endurance & Heat Resist,Tribo - Resistência e Resistência ao Calor,"Having long lived in the scorching lands, the Wildwolf people have developed natural resistance: [Heat Resist] +[5,10,15], Stamina Recovery +[5,10,15]%, and their attacks inflict [2,4,6] Paralysis damage.","Tendo vivido por muito tempo em terras escaldantes, o povo Lobo Selvagem desenvolveu resistência natural: [Resistência ao Calor] +[5,10,15], Recuperação de Vigor +[5,10,15]%, e seus ataques infligem [2,4,6] de dano de Paralisia.",Wildwolf,Lobo Selvagem,Tribe,Tribo,t3_img_0033_06_01.webp,New
https://github.com/fantasfor/Soulmask/blob/main/Talentos/IconesTalentos/t3_img_0034_06_01.webp?raw=true,Tribe - Increased Damage & Heat Resist,Tribo - Dano Aumentado e Resistência ao Calor,"Having long lived in the scorching lands, the Wildwolf people have developed natural resistance: [Heat Resist] +[5,10,15], [Damage] +[4,6,8]%, and their attacks inflict [2,4,6] Bleed damage.","Tendo vivido por muito tempo em terras escaldantes, o povo Lobo Selvagem desenvolveu resistência natural: [Resistência ao Calor] +[5,10,15], [Dano] +[4,6,8]%, e seus ataques infligem [2,4,6] de dano de Sangramento.",Wildwolf,Lobo Selvagem,Tribe,Tribo,t3_img_0034_06_01.webp,New
https://github.com/fantasfor/Soulmask/blob/main/Talentos/IconesTalentos/t3_img_0035_06_01.webp?raw=true,Tribe - Endurance & Radiation Resist,Tribo - Resistência Resistência à Radiação,"Having long lived in the radiation wasteland, the Wildwolf people have developed natural resistance: [Radiation Resist] +[5,10,15], Stamina Recovery +[5,10,15]%, and their attacks inflict [2,4,6] Paralysis damage.","Tendo vivido por muito tempo no deserto radioativo, o povo Lobo Selvagem desenvolveu resistência natural: [Resistência à Radiação] +[5,10,15], Recuperação de Vigor +[5,10,15]%, e seus ataques infligem [2,4,6] de dano de Paralisia.",Wildwolf,Lobo Selvagem,Tribe,Tribo,t3_img_0035_06_01.webp,New
https://github.com/fantasfor/Soulmask/blob/main/Talentos/IconesTalentos/t3_img_0036_06_01.webp?raw=true,Tribe - Increased Damage & Radiation Resist,Tribo - Dano Aumentado e Resistência à Radiação,"Having long lived in the radiation wasteland, the Wildwolf people have developed natural resistance: [Radiation Resist] +[5,10,15], [Damage] +[4,6,8]%, and their attacks inflict [2,4,6] Bleed damage.","Tendo vivido por muito tempo no deserto radioativo, o povo Lobo Selvagem desenvolveu resistência natural: [Resistência à Radiação] +[5,10,15], [Dano] +[4,6,8]%, e seus ataques infligem [2,4,6] de dano de Sangramento.",Wildwolf,Lobo Selvagem,Tribe,Tribo,t3_img_0036_06_01.webp,New
https://github.com/fantasfor/Soulmask/blob/main/Talentos/IconesTalentos/t3_img_0037_06_01.webp?raw=true,Tribe - Breath of the Savagehorn,Tribo - Sopro do Chifre Selvagem,"The people of the Savagehorn Tribe have an indomitable will. [Max Stamina] +[10,15,20], [RESIL-Down DEF] +[3,6,10]%.","O povo da Tribo Chifre Selvagem tem uma vontade indomável. [Vigor Máximo] +[10,15,20], [DEF contra Queda de Resiliência] +[3,6,10]%.",Sacagehorn,Chifre Selvagem,Tribe,Tribo,t3_img_0037_06_01.webp,New
https://github.com/fantasfor/Soulmask/blob/main/Talentos/IconesTalentos/t3_img_0038_06_01.webp?raw=true,Tribe - Might of the Savagehorn,Tribo - Poder do Chifre Selvagem,"The people of the Savagehorn Tribe are steadfast and strong. [Damage Reduction] is increased by [4,6,8]%, and their attacks inflict [2,4,6] Coma damage.","O povo da Tribo Chifre Selvagem é firme e forte. [Redução de Dano] é aumentada em [4,6,8]%, e seus ataques infligem [2,4,6] de dano de Coma.",Sacagehorn,Chifre Selvagem,Tribe,Tribo,t3_img_0038_06_01.webp,New
https://github.com/fantasfor/Soulmask/blob/main/Talentos/IconesTalentos/t3_img_0039_06_01.webp?raw=true,Tribe - Stamina & Heat Resist,Tribo - Vigor e Resistência ao Calor,"Having long lived in the scorching lands, the Savagehorn people have developed natural resistance: [Heat Resist] +[5,10,15], [Max Stamina] +[10,15,20], and [RESIL-Down DEF] +[3,6,10]%.","Tendo vivido por muito tempo em terras escaldantes, o povo Chifre Selvagem desenvolveu resistência natural: [Resistência ao Calor] +[5,10,15], [Vigor Máximo] +[10,15,20], e [DEF contra Queda de Resiliência] +[3,6,10]%.",Sacagehorn,Chifre Selvagem,Tribe,Tribo,t3_img_0039_06_01.webp,New
https://github.com/fantasfor/Soulmask/blob/main/Talentos/IconesTalentos/t3_img_0040_06_01.webp?raw=true,Tribe - DMG Immunity & Heat Resist,Tribo - Imunidade a Dano e Resistência ao Calor,"Having long lived in the scorching lands, the Savagehorn people have developed natural resistance: [Heat Resist] +[5,10,15], [Damage Reduction] +[4,6,8]%, and their attacks inflict [2,4,6] Coma damage.","Tendo vivido por muito tempo em terras escaldantes, o povo Chifre Selvagem desenvolveu resistência natural: [Resistência ao Calor] +[5,10,15], [Redução de Dano] +[4,6,8]%, e seus ataques infligem [2,4,6] de dano de Coma.",Sacagehorn,Chifre Selvagem,Tribe,Tribo,t3_img_0040_06_01.webp,New
https://github.com/fantasfor/Soulmask/blob/main/Talentos/IconesTalentos/t3_img_0041_06_01.webp?raw=true,Tribe - Stamina & Radiation Resist,Tribo - Vigor e Resistência à Radiação,"Having long lived in the radiation wasteland, the Savagehorn people have developed natural resistance: [Radiation Resist] +[5,10,15], [Max Stamina] +[10,15,20], and [RESIL-Down DEF] +[3,6,10]%.","Tendo vivido por muito tempo no deserto radioativo, o povo Chifre Selvagem desenvolveu resistência natural: [Resistência à Radiação] +[5,10,15], [Vigor Máximo] +[10,15,20], e [DEF contra Queda de Resiliência] +[3,6,10]%.",Sacagehorn,Chifre Selvagem,Tribe,Tribo,t3_img_0041_06_01.webp,New
https://github.com/fantasfor/Soulmask/blob/main/Talentos/IconesTalentos/t3_img_0042_06_01.webp?raw=true,Tribe - DMG Immunity & Radiation Resist,Tribo - Imunidade a Dano e Resistência à Radiação,"Having long lived in the radiation wasteland, the Savagehorn people have developed natural resistance: [Radiation Resist] +[5,10,15], [Damage Reduction] +[4,6,8]%, and their attacks inflict [2,4,6] Coma damage.","Tendo vivido por muito tempo no deserto radioativo, o povo Chifre Selvagem desenvolveu resistência natural: [Resistência à Radiação] +[5,10,15], [Redução de Dano] +[4,6,8]%, e seus ataques infligem [2,4,6] de dano de Coma.",Sacagehorn,Chifre Selvagem,Tribe,Tribo,t3_img_0042_06_01.webp,New
https://github.com/fantasfor/Soulmask/blob/main/Talentos/IconesTalentos/t5_img_0018_06_01.webp?raw=true,The Dauntless,Intrépido,Sacrifices Dodge ability for Immunity to Hitstun.,Sacrifica a habilidade de Esquivar em troca de Imunidade ao Atordoamento.,,Nenhum,Title,Título,t5_img_0018_06_01.webp,New
https://github.com/fantasfor/Soulmask/blob/main/Talentos/IconesTalentos/t5_img_0021_06_01.webp?raw=true,Fate-Choker,Salteador do Destino,Suppress enemies with an invisible hand clamping their throat. Taking damage from melee attackers reduces their talent skill activation chance by 5% for 12 seconds. Stacks up to 5 times.,Suprime inimigos com uma mão invisível apertando sua garganta. Receber dano de atacantes corpo a corpo reduz a chance de ativação de habilidades de Talento deles em 5% por 12 segundos. Acumula até 5 vezes.,,Nenhum,Title,Título,t5_img_0021_06_01.webp,New
https://github.com/fantasfor/Soulmask/blob/main/Talentos/IconesTalentos/t5_img_0022_06_01.webp?raw=true,Bonebreaker,Quebra-Ossos,Greatsword Mastery: Release the button at the perfect moment during a Charged Heavy Strike to unleash an even more devastating slash.,Maestria com Espadão: Solte o botão no momento perfeito durante um Golpe Pesado Carregado para desferir um golpe ainda mais devastador.,,Nenhum,Title,Título,t5_img_0022_06_01.webp,New
https://github.com/fantasfor/Soulmask/blob/main/Talentos/IconesTalentos/t5_img_0023_06_01.webp?raw=true,Oppressor,Opressor,Hitting an enemy has a 15% chance to inflict a 15-sec Dread on them: the target's single-hit damage capped at 300. Cap scales with the [Tribal Status] of both parties. (CD: 30s),Acertar um inimigo tem 15% de chance de infligir Pavor por 15 seg: o dano por golpe único do alvo é limitado a 300. O limite escala com o [Status Tribal] de ambas as partes. (Recarga: 30s),,Nenhum,Title,Título,t5_img_0023_06_01.webp,New
https://github.com/fantasfor/Soulmask/blob/main/Talentos/IconesTalentos/t7_img_0072_06_01.webp?raw=true,Likes whipping others,Gosta de chicotear os outros,"Likes whipping others. Reaches full effect after [3,2] whippings and gains [20,40] Mood. For the next 15 minutes, the rate of Mood decline decreases by [30,50]%, and mood-improvement effects increase by [75,100]%.","Gosta de chicotear os outros. Atinge o efeito completo após [3,2] chicotadas e ganha [20,40] de Humor. Pelos próximos 15 minutos, a taxa de declínio do Humor diminui em [30,50]%, e os efeitos de melhora do Humor aumentam em [75,100]%.",,Nenhum,Preferences,Preferências,t7_img_0072_06_01.webp,New
https://github.com/fantasfor/Soulmask/blob/main/Talentos/IconesTalentos/t7_img_0073_06_01.webp?raw=true,Loves whipping others,Adora chicotear os outros,"Likes whipping others. Reaches full effect after 1 whipping and gains 60 Mood. For the next 15 minutes, the rate of Mood decline decreases by 70%, and mood-improvement effects increase by 125%. (During this time, this can lead to a state of elation.)","Gosta de chicotear os outros. Atinge o efeito completo após 1 chicotada e ganha 60 de Humor. Pelos próximos 15 minutos, a taxa de declínio do Humor diminui em 70%, e os efeitos de melhora do Humor aumentam em 125%. (Durante esse tempo, isso pode levar a um estado de euforia.)",,Nenhum,Preferences,Preferências,t7_img_0073_06_01.webp,New
https://github.com/fantasfor/Soulmask/blob/main/Talentos/IconesTalentos/t7_img_0074_06_01.webp?raw=true,Likes being whipped,Gosta de ser chicoteado,"Has a special physiological response to being whipped. Reaches full effect after [3,2] whippings and gives [20,40] Mood. For the next 15 minutes, the rate of mood decline decreases by [30,50]%, and mood-improvement effects increase by [75,100]%.","Tem uma resposta fisiológica especial ao ser chicoteado. Atinge o efeito completo após [3,2] chicotadas e ganha [20,40] de Humor. Pelos próximos 15 minutos, a taxa de declínio do Humor diminui em [30,50]%, e os efeitos de melhora do Humor aumentam em [75,100]%.",,Nenhum,Preferences,Preferências,t7_img_0074_06_01.webp,New
https://github.com/fantasfor/Soulmask/blob/main/Talentos/IconesTalentos/t7_img_0075_06_01.webp?raw=true,Loves being whipping,Adora ser chicoteado,"Has a special physiological response to being whipped. Reaches full effect after 1 whipping and gains 60 Mood. For the next 15 minutes, the rate of mood decline decreases by 70%, and mood-improvement effects increase by 125%. (During this time, this can lead to a state of elation.)","Tem uma resposta fisiológica especial ao ser chicoteado. Atinge o efeito completo após 1 chicotada e ganha 60 de Humor. Pelos próximos 15 minutos, a taxa de declínio do Humor diminui em 70%, e os efeitos de melhora do Humor aumentam em 125%. (Durante esse tempo, isso pode levar a um estado de euforia.)",,Nenhum,Preferences,Preferências,t7_img_0075_06_01.webp,New
https://github.com/fantasfor/Soulmask/blob/main/Talentos/IconesTalentos/t7_img_0076_06_01.webp?raw=true,Likes boar,Gosta de javali,"Feels joyful when a boar is nearby, gaining 20 Mood at fixed intervals, with a 30% reduction in Mood decline rate for the next 15 minutes, and mood-improvement effects increased by 75%.","Sente-se alegre quando um javali está por perto, ganhando 20 de Humor em intervalos fixos, com redução de 30% na taxa de declínio do Humor pelos próximos 15 minutos, e efeitos de melhora do Humor aumentados em 75%.",,Nenhum,Preferences,Preferências,t7_img_0076_06_01.webp,New
https://github.com/fantasfor/Soulmask/blob/main/Talentos/IconesTalentos/t7_img_0077_05_01.webp?raw=true,Likes boar,Gosta de javali,"Feeling joyful when a boar is nearby, gaining 40 Mood at fixed intervals, with the Mood decline rate reduced by 50% for the next 15 minutes, and mood-improvement effects increased by 100%.","Sente-se alegre quando um javali está por perto, ganhando 40 de Humor em intervalos fixos, com a taxa de declínio do Humor reduzida em 50% pelos próximos 15 minutos, e efeitos de melhora do Humor aumentados em 100%.",,Nenhum,Preferences,Preferências,t7_img_0077_05_01.webp,New
https://github.com/fantasfor/Soulmask/blob/main/Talentos/IconesTalentos/t7_img_0078_06_01.webp?raw=true,Loves Boar,Adora javali,"Feels joyful when a boar is nearby, gaining 60 Mood at fixed intervals, with a 70% reduction in Mood decline rate for the next 15 minutes, and mood-improvement effects increased by 125%. (During this time, Mood can reach the Elated state.)","Sente-se alegre quando um javali está por perto, ganhando 60 de Humor em intervalos fixos, com redução de 70% na taxa de declínio do Humor pelos próximos 15 minutos, e efeitos de melhora do Humor aumentados em 125%. (Durante esse tempo, o Humor pode atingir o estado de Euforia.)",,Nenhum,Preferences,Preferências,t7_img_0078_06_01.webp,New
https://github.com/fantasfor/Soulmask/blob/main/Talentos/IconesTalentos/t7_img_0079_06_01.webp?raw=true,Likes camel,Gosta de camelo,"Feels joyful when a camel is nearby, gaining [20,40] Mood at fixed intervals, with a [30,50]% reduced rate of Mood decline for the next 15 minutes, and mood-improvement effects enhanced by [75,100]%.","Sente-se alegre quando um camelo está por perto, ganhando [20,40] de Humor em intervalos fixos, com taxa de declínio do Humor reduzida em [30,50]% pelos próximos 15 minutos, e efeitos de melhora do Humor aprimorados em [75,100]%.",,Nenhum,Preferences,Preferências,t7_img_0079_06_01.webp,New
https://github.com/fantasfor/Soulmask/blob/main/Talentos/IconesTalentos/t7_img_0080_06_01.webp?raw=true,Loves camel,Adora camelo,"Feels joyful when a camel is nearby, gaining 60 Mood at fixed intervals, with a 70% reduction in Mood decline rate for the next 15 minutes, and mood-improvement effects increased by 125%. (During this time, Mood can reach the Elated state.)","Sente-se alegre quando um camelo está por perto, ganhando 60 de Humor em intervalos fixos, com redução de 70% na taxa de declínio do Humor pelos próximos 15 minutos, e efeitos de melhora do Humor aumentados em 125%. (Durante esse tempo, o Humor pode atingir o estado de Euforia.)",,Nenhum,Preferences,Preferências,t7_img_0080_06_01.webp,New
https://github.com/fantasfor/Soulmask/blob/main/Talentos/IconesTalentos/t7_img_0081_06_01.webp?raw=true,Likes donkey,Gosta de burro,"Feels joyful when a donkey is nearby, gaining [20,40] Mood at fixed intervals, with a [30,50]% reduction in Mood decline rate for the next 15 minutes, and mood-improvement effects increased by [75,100]%.","Sente-se alegre quando um burro está por perto, ganhando [20,40] de Humor em intervalos fixos, com redução de [30,50]% na taxa de declínio do Humor pelos próximos 15 minutos, e efeitos de melhora do Humor aumentados em [75,100]%.",,Nenhum,Preferences,Preferências,t7_img_0081_06_01.webp,New
https://github.com/fantasfor/Soulmask/blob/main/Talentos/IconesTalentos/t7_img_0082_06_01.webp?raw=true,Loves donkey,Adora burro,"Feels joyful when a donkey is nearby, gaining 60 Mood at fixed intervals, and for the next 15 minutes, the rate of Mood decline decreases by 70%, with mood-improvement effects increased by 125%. (During this time, Mood can reach the Elated state.)","Sente-se alegre quando um burro está por perto, ganhando 60 de Humor em intervalos fixos, e pelos próximos 15 minutos, a taxa de declínio do Humor diminui em 70%, com efeitos de melhora do Humor aumentados em 125%. (Durante esse tempo, o Humor pode atingir o estado de Euforia.)",,Nenhum,Preferences,Preferências,t7_img_0082_06_01.webp,New
https://github.com/fantasfor/Soulmask/blob/main/Talentos/IconesTalentos/t7_img_0083_06_01.webp?raw=true,Likes Rhino,Gosta de rinoceronte,"Feels joyful when a rhino is nearby, gaining [20,40] Mood at fixed intervals, with a [30,50]% reduced rate of Mood decline for the next 15 minutes, and mood-improvement effects increased by [75,100]%.","Sente-se alegre quando um rinoceronte está por perto, ganhando [20,40] de Humor em intervalos fixos, com taxa de declínio do Humor reduzida em [30,50]% pelos próximos 15 minutos, e efeitos de melhora do Humor aumentados em [75,100]%.",,Nenhum,Preferences,Preferências,t7_img_0083_06_01.webp,New
https://github.com/fantasfor/Soulmask/blob/main/Talentos/IconesTalentos/t7_img_0084_06_01.webp?raw=true,Loves Rhino,Adora rinoceronte,"Feels joyful when a rhino is nearby, gaining 60 Mood at fixed intervals, with a 70% reduction in Mood decline rate for the next 15 minutes, and mood-improvement effects increased by 125%. (During this time, Mood can reach the Elated state.)","Sente-se alegre quando um rinoceronte está por perto, ganhando 60 de Humor em intervalos fixos, com redução de 70% na taxa de declínio do Humor pelos próximos 15 minutos, e efeitos de melhora do Humor aumentados em 125%. (Durante esse tempo, o Humor pode atingir o estado de Euforia.)",,Nenhum,Preferences,Preferências,t7_img_0084_06_01.webp,New
https://github.com/fantasfor/Soulmask/blob/main/Talentos/IconesTalentos/t7_img_0085_06_01.webp?raw=true,Likes hippopotamus,Gosta de hipopótamo,"Feels joyful when hippos are nearby, gaining [20,40] Mood at fixed intervals, with a [30,50]% reduction in Mood decline rate for the next 15 minutes, and mood-improvement effects increased by [75,100]%.","Sente-se alegre quando hipopótamos estão por perto, ganhando [20,40] de Humor em intervalos fixos, com redução de [30,50]% na taxa de declínio do Humor pelos próximos 15 minutos, e efeitos de melhora do Humor aumentados em [75,100]%.",,Nenhum,Preferences,Preferências,t7_img_0085_06_01.webp,New
https://github.com/fantasfor/Soulmask/blob/main/Talentos/IconesTalentos/t7_img_0086_06_01.webp?raw=true,Loves hippopotamus,Adora hipopótamo,"Feels joyful when a hippo is nearby, gaining 60 Mood at fixed intervals, with a 70% reduction in Mood decline rate for the next 15 minutes, and mood-improvement effects increased by 125%. (During this time, Mood can reach the Elated state.)","Sente-se alegre quando um hipopótamo está por perto, ganhando 60 de Humor em intervalos fixos, com redução de 70% na taxa de declínio do Humor pelos próximos 15 minutos, e efeitos de melhora do Humor aumentados em 125%. (Durante esse tempo, o Humor pode atingir o estado de Euforia.)",,Nenhum,Preferences,Preferências,t7_img_0086_06_01.webp,New
https://github.com/fantasfor/Soulmask/blob/main/Talentos/IconesTalentos/t7_img_0087_06_01.webp?raw=true,Likes flamingo,Gosta de flamingo,"Feels joyful when a flamingo is nearby, gaining [20,40] Mood at fixed intervals, with a [30,50]% reduction in Mood decline rate for the next 15 minutes, and mood-improvement effects increased by [75,100]%.","Sente-se alegre quando um flamingo está por perto, ganhando [20,40] de Humor em intervalos fixos, com redução de [30,50]% na taxa de declínio do Humor pelos próximos 15 minutos, e efeitos de melhora do Humor aumentados em [75,100]%.",,Nenhum,Preferences,Preferências,t7_img_0087_06_01.webp,New
https://github.com/fantasfor/Soulmask/blob/main/Talentos/IconesTalentos/t7_img_0088_06_01.webp?raw=true,Loves flamingo,Adora flamingo,"Feels joyful when a flamingo is nearby, gaining 60 Mood at fixed intervals, with a 70% reduction in Mood decline rate for the next 15 minutes, and mood-improvement effects increased by 125%. (During this time, Mood can reach the Elated state.)","Sente-se alegre quando um flamingo está por perto, ganhando 60 de Humor em intervalos fixos, com redução de 70% na taxa de declínio do Humor pelos próximos 15 minutos, e efeitos de melhora do Humor aumentados em 125%. (Durante esse tempo, o Humor pode atingir o estado de Euforia.)",,Nenhum,Preferences,Preferências,t7_img_0088_06_01.webp,New
https://github.com/fantasfor/Soulmask/blob/main/Talentos/IconesTalentos/t7_img_0089_06_01.webp?raw=true,Likes longhorn,Gosta de boi longhorn,"Feels joyful when a longhorn is nearby, gaining [20,40] Mood at fixed intervals, with a [30,50]% reduction in Mood decline rate for the next 15 minutes, and mood-improvement effects increased by [75,100]%.","Sente-se alegre quando um boi longhorn está por perto, ganhando [20,40] de Humor em intervalos fixos, com redução de [30,50]% na taxa de declínio do Humor pelos próximos 15 minutos, e efeitos de melhora do Humor aumentados em [75,100]%.",,Nenhum,Preferences,Preferências,t7_img_0089_06_01.webp,New
https://github.com/fantasfor/Soulmask/blob/main/Talentos/IconesTalentos/t7_img_0090_06_01.webp?raw=true,Loves longhorn,Adora boi longhorn,"Feels joyful when a longhorn is nearby, gaining 60 Mood at fixed intervals, with a 70% reduction in Mood decline rate for the next 15 minutes, and mood-improvement effects increased by 125%. (During this time, Mood can reach the Elated state.)","Sente-se alegre quando um boi longhorn está por perto, ganhando 60 de Humor em intervalos fixos, com redução de 70% na taxa de declínio do Humor pelos próximos 15 minutos, e efeitos de melhora do Humor aumentados em 125%. (Durante esse tempo, o Humor pode atingir o estado de Euforia.)",,Nenhum,Preferences,Preferências,t7_img_0090_06_01.webp,New
https://github.com/fantasfor/Soulmask/blob/main/Talentos/IconesTalentos/t7_img_0091_06_01.webp?raw=true,Likes armadillo lizard,Gosta de lagarto-tatu,"Feeling joyful when an armadillo lizard is nearby, gaining [20,40] Mood at fixed intervals, with a [30,50]% reduction in Mood decline rate for the next 15 minutes, and mood-improvement effects increased by [75,100]%.","Sente-se alegre quando um lagarto-tatu está por perto, ganhando [20,40] de Humor em intervalos fixos, com redução de [30,50]% na taxa de declínio do Humor pelos próximos 15 minutos, e efeitos de melhora do Humor aumentados em [75,100]%.",,Nenhum,Preferences,Preferências,t7_img_0091_06_01.webp,New
https://github.com/fantasfor/Soulmask/blob/main/Talentos/IconesTalentos/t7_img_0092_06_01.webp?raw=true,Loves armadillo lizard,Adora lagarto-tatu,"Feels joyful when an armadillo lizard is nearby, gaining 60 Mood at fixed intervals, with a 70% reduction in Mood decline rate for the next 15 minutes, and mood-improvement effects increased by 125%. (During this time, Mood can reach the Elated state.)","Sente-se alegre quando um lagarto-tatu está por perto, ganhando 60 de Humor em intervalos fixos, com redução de 70% na taxa de declínio do Humor pelos próximos 15 minutos, e efeitos de melhora do Humor aumentados em 125%. (Durante esse tempo, o Humor pode atingir o estado de Euforia.)",,Nenhum,Preferences,Preferências,t7_img_0092_06_01.webp,New
https://github.com/fantasfor/Soulmask/blob/main/Talentos/IconesTalentos/t7_img_0093_06_01.webp?raw=true,Likes piranhas,Gosta de piranhas,"Feels joyful when piranhas are nearby, gaining [20,40] Mood at fixed intervals, with a [30,50]% reduction in Mood decline rate for the next 15 minutes, and mood-improvement effects increased by [75,100]%.","Sente-se alegre quando piranhas estão por perto, ganhando [20,40] de Humor em intervalos fixos, com redução de [30,50]% na taxa de declínio do Humor pelos próximos 15 minutos, e efeitos de melhora do Humor aumentados em [75,100]%.",,Nenhum,Preferences,Preferências,t7_img_0093_06_01.webp,New
https://github.com/fantasfor/Soulmask/blob/main/Talentos/IconesTalentos/t7_img_0094_06_01.webp?raw=true,Loves piranhas,Adora piranhas,"Feeling joyful when piranhas are nearby, gaining 60 Mood at fixed intervals, and for the next 15 minutes, the rate of Mood decline decreases by 70%, with mood-improvement effects increased by 125%. (During this time, Mood can reach the Elated state.)","Sente-se alegre quando piranhas estão por perto, ganhando 60 de Humor em intervalos fixos, e pelos próximos 15 minutos, a taxa de declínio do Humor diminui em 70%, com efeitos de melhora do Humor aumentados em 125%. (Durante esse tempo, o Humor pode atingir o estado de Euforia.)",,Nenhum,Preferences,Preferências,t7_img_0094_06_01.webp,New
https://github.com/fantasfor/Soulmask/blob/main/Talentos/IconesTalentos/t7_img_0095_06_01.webp?raw=true,Likes chicken,Gosta de Galinha,"Feels joyful when chickens are nearby, gaining [20,40] Mood at fixed intervals, with a [30,50]% reduction in Mood decline rate for the next 15 minutes, and mood-improvement effects increased by [75,100]%.","Sente-se alegre quando galinhas estão por perto, ganhando [20,40] de Humor em intervalos fixos, com redução de [30,50]% na taxa de declínio do Humor pelos próximos 15 minutos, e efeitos de melhora do Humor aumentados em [75,100]%.",,Nenhum,Preferences,Preferências,t7_img_0095_06_01.webp,New
https://github.com/fantasfor/Soulmask/blob/main/Talentos/IconesTalentos/t7_img_0096_06_01.webp?raw=true,Loves chicken,Gosta de galinha,"Feels joyful when chickens are nearby, gaining 60 Mood at fixed intervals, and for the next 15 minutes, the rate of Mood decline decreases by 70%, with mood-improvement effects increased by 125%. (During this time, Mood can reach the Elated state.)","Sente-se alegre quando galinhas estão por perto, ganhando 60 de Humor em intervalos fixos, e pelos próximos 15 minutos, a taxa de declínio do Humor diminui em 70%, com efeitos de melhora do Humor aumentados em 125%. (Durante esse tempo, o Humor pode atingir o estado de Euforia.)",,Nenhum,Preferences,Preferências,t7_img_0096_06_01.webp,New
https://github.com/fantasfor/Soulmask/blob/main/Talentos/IconesTalentos/t7_img_0097_06_01.webp?raw=true,Likes tortoise,Gosta de tartaruga,"Feels joyful when a tortoise is nearby, gaining [20,40] Mood at fixed intervals, with a [30,50]% reduction in Mood decline rate for the next 15 minutes, and mood-improvement effects increased by [75,100]%.","Sente-se alegre quando uma tartaruga está por perto, ganhando [20,40] de Humor em intervalos fixos, com redução de [30,50]% na taxa de declínio do Humor pelos próximos 15 minutos, e efeitos de melhora do Humor aumentados em [75,100]%.",,Nenhum,Preferences,Preferências,t7_img_0097_06_01.webp,New
https://github.com/fantasfor/Soulmask/blob/main/Talentos/IconesTalentos/t7_img_0098_06_01.webp?raw=true,Loves tortoise,Gosta de elefante gigante,"Feels joyful when a tortoise is nearby, gaining 60 Mood at fixed intervals, with a 70% reduction in Mood decline rate for the next 15 minutes, and mood-improvement effects increased by 125%. (During this time, Mood can reach the Elated state.)","Sente-se alegre quando uma tartaruga está por perto, ganhando 60 de Humor em intervalos fixos, com redução de 70% na taxa de declínio do Humor pelos próximos 15 minutos, e efeitos de melhora do Humor aumentados em 125%. (Durante esse tempo, o Humor pode atingir o estado de Euforia.)",,Nenhum,Preferences,Preferências,t7_img_0098_06_01.webp,New
https://github.com/fantasfor/Soulmask/blob/main/Talentos/IconesTalentos/t7_img_0099_06_01.webp?raw=true,Likes giant elephant,Gosta de elefante gigante,"Feels joyful when a giant elephant is nearby, gaining [20,40] Mood at fixed intervals, with a [30,50]% reduction in Mood decline rate for the next 15 minutes, and mood-improvement effects increased by [75,100]%.","Sente-se alegre quando um elefante gigante está por perto, ganhando [20,40] de Humor em intervalos fixos, com redução de [30,50]% na taxa de declínio do Humor pelos próximos 15 minutos, e efeitos de melhora do Humor aumentados em [75,100]%.",,Nenhum,Preferences,Preferências,t7_img_0099_06_01.webp,New
https://github.com/fantasfor/Soulmask/blob/main/Talentos/IconesTalentos/t7_img_0100_06_01.webp?raw=true,Loves giant elephant,Gosta de animais,"Feels joyful when a giant elephant is nearby, gaining 60 Mood at fixed intervals, with a 70% reduction in Mood decline rate for the next 15 minutes, and mood-improvement effects increased by 125%. (During this time, Mood can reach the Elated state.)","Sente-se alegre quando um elefante gigante está por perto, ganhando 60 de Humor em intervalos fixos, com redução de 70% na taxa de declínio do Humor pelos próximos 15 minutos, e efeitos de melhora do Humor aumentados em 125%. (Durante esse tempo, o Humor pode atingir o estado de Euforia.)",,Nenhum,Preferences,Preferências,t7_img_0100_06_01.webp,New
https://github.com/fantasfor/Soulmask/blob/main/Talentos/IconesTalentos/t7_img_0101_06_01.webp?raw=true,Likes animals,Gosta de animais,"Feels joyful when any animal is nearby, gaining [20,40] Mood at fixed intervals, with a [30,50]% reduction in Mood decline rate for the next 15 minutes, and mood-improvement effects increased by [75,100]%.","Sente-se alegre quando qualquer animal está por perto, ganhando [20,40] de Humor em intervalos fixos, com redução de [30,50]% na taxa de declínio do Humor pelos próximos 15 minutos, e efeitos de melhora do Humor aumentados em [75,100]%.",,Nenhum,Preferences,Preferências,t7_img_0101_06_01.webp,New
https://github.com/fantasfor/Soulmask/blob/main/Talentos/IconesTalentos/t7_img_0102_06_01.webp?raw=true,Loves animals,Aversão a javali,"Feels joyful when any animal is nearby, gaining 60 Mood at fixed intervals, with a 70% reduction in Mood decline rate for the next 15 minutes, and mood-improvement effects increased by 125%. (During this time, Mood can reach the Elated state.)","Sente-se alegre quando qualquer animal está por perto, ganhando 60 de Humor em intervalos fixos, com redução de 70% na taxa de declínio do Humor pelos próximos 15 minutos, e efeitos de melhora do Humor aumentados em 125%. (Durante esse tempo, o Humor pode atingir o estado de Euforia.)",,Nenhum,Preferences,Preferências,t7_img_0102_06_01.webp,New
https://github.com/fantasfor/Soulmask/blob/main/Talentos/IconesTalentos/t11_img_0067_06_01.webp?raw=true,Aversion to boar,Não gosta de javali,"Feels aversion to boars and Mood drops by [2,4] when near them. For the next 5 minutes, the rate of mood decline increases by [50,75]%, while mood-improvement effects decrease by [20,40]%.","Sente aversão a javalis e o Humor cai [2,4] quando próximo a eles. Pelos próximos 5 minutos, a taxa de declínio do Humor aumenta em [50,75]%, enquanto os efeitos de melhora do Humor diminuem em [20,40]%.",,Nenhum,Preferences,Preferências,t11_img_0067_06_01.webp,New
https://github.com/fantasfor/Soulmask/blob/main/Talentos/IconesTalentos/t11_img_0068_06_01.webp?raw=true,Dislikes boar,Aversão a camelo,"Feels nauseous near a boar and loses 6 Mood. For the next 5 minutes, the rate of mood decline increases by 100%, and mood-improving effects decrease by 60%. (During this time, Mood can reach Melancholy state.)","Sente náusea perto de um javali e perde 6 de Humor. Pelos próximos 5 minutos, a taxa de declínio do Humor aumenta em 100%, e os efeitos de melhora do Humor diminuem em 60%. (Durante esse tempo, o Humor pode atingir o estado de Melancolia.)",,Nenhum,Preferences,Preferências,t11_img_0068_06_01.webp,New
https://github.com/fantasfor/Soulmask/blob/main/Talentos/IconesTalentos/t11_img_0069_06_01.webp?raw=true,Aversion to camel,Não gosta de camelo,"Feels aversion to camels and Mood drops by [2,4] when near them. For the next 5 minutes, the rate of mood decline increases by [50,75]%, while mood-improvement effects decrease by [20,40]%.","Sente aversão a camelos e o Humor cai [2,4] quando próximo a eles. Pelos próximos 5 minutos, a taxa de declínio do Humor aumenta em [50,75]%, enquanto os efeitos de melhora do Humor diminuem em [20,40]%.",,Nenhum,Preferences,Preferências,t11_img_0069_06_01.webp,New
https://github.com/fantasfor/Soulmask/blob/main/Talentos/IconesTalentos/t11_img_0070_06_01.webp?raw=true,Dislikes camel,Aversão a burro,"Feels nauseous near a camel and loses 6 Mood. For the next 5 minutes, the rate of mood decline increases by 100%, and mood-improving effects decrease by 60%. (During this time, Mood can reach Melancholy state.)","Sente náusea perto de um camelo e perde 6 de Humor. Pelos próximos 5 minutos, a taxa de declínio do Humor aumenta em 100%, e os efeitos de melhora do Humor diminuem em 60%. (Durante esse tempo, o Humor pode atingir o estado de Melancolia.)",,Nenhum,Preferences,Preferências,t11_img_0070_06_01.webp,New
https://github.com/fantasfor/Soulmask/blob/main/Talentos/IconesTalentos/t11_img_0071_06_01.webp?raw=true,Aversion to donkey,Não gosta de burro,"Feels aversion to donkeys and Mood drops by [2,4] when near them. For the next 5 minutes, the rate of mood decline increases by [50,75]%, while mood-improvement effects decrease by [20,40]%.","Sente aversão a burros e o Humor cai [2,4] quando próximo a eles. Pelos próximos 5 minutos, a taxa de declínio do Humor aumenta em [50,75]%, enquanto os efeitos de melhora do Humor diminuem em [20,40]%.",,Nenhum,Preferences,Preferências,t11_img_0071_06_01.webp,New
https://github.com/fantasfor/Soulmask/blob/main/Talentos/IconesTalentos/t11_img_0072_06_01.webp?raw=true,Dislikes donkey,Aversão a rinoceronte,"Feels nauseous near a donkey and loses 6 Mood. For the next 5 minutes, the rate of mood decline increases by 100%, and mood-improving effects decrease by 60%. (During this time, Mood can reach Melancholy state.)","Sente náusea perto de um burro e perde 6 de Humor. Pelos próximos 5 minutos, a taxa de declínio do Humor aumenta em 100%, e os efeitos de melhora do Humor diminuem em 60%. (Durante esse tempo, o Humor pode atingir o estado de Melancolia.)",,Nenhum,Preferences,Preferências,t11_img_0072_06_01.webp,New
https://github.com/fantasfor/Soulmask/blob/main/Talentos/IconesTalentos/t11_img_0073_06_01.webp?raw=true,Aversion to Rhino,Não gosta de rinoceronte,"Feels aversion to rhinos and Mood drops by [2,4] when near them. For the next 5 minutes, the rate of mood decline increases by [50,75]%, while mood-improvement effects decrease by [20,40]%.","Sente aversão a rinocerontes e o Humor cai [2,4] quando próximo a eles. Pelos próximos 5 minutos, a taxa de declínio do Humor aumenta em [50,75]%, enquanto os efeitos de melhora do Humor diminuem em [20,40]%.",,Nenhum,Preferences,Preferências,t11_img_0073_06_01.webp,New
https://github.com/fantasfor/Soulmask/blob/main/Talentos/IconesTalentos/t11_img_0074_06_01.webp?raw=true,Dislikes Rhino,Aversão a hipopótamo,"Feels nauseous near a rhino and loses 6 Mood. For the next 5 minutes, the rate of mood decline increases by 100%, and mood-improving effects decrease by 60%. (During this time, Mood can reach Melancholy state.)","Sente náusea perto de um rinoceronte e perde 6 de Humor. Pelos próximos 5 minutos, a taxa de declínio do Humor aumenta em 100%, e os efeitos de melhora do Humor diminuem em 60%. (Durante esse tempo, o Humor pode atingir o estado de Melancolia.)",,Nenhum,Preferences,Preferências,t11_img_0074_06_01.webp,New
https://github.com/fantasfor/Soulmask/blob/main/Talentos/IconesTalentos/t11_img_0075_06_01.webp?raw=true,Aversion to hippopotamus,Não gosta de hipopótamo,"Feels aversion to hippos and Mood drops by [2,4] when near them. For the next 5 minutes, the rate of mood decline increases by [50,75]%, while mood-improvement effects decrease by [20,40]%.","Sente aversão a hipopótamos e o Humor cai [2,4] quando próximo a eles. Pelos próximos 5 minutos, a taxa de declínio do Humor aumenta em [50,75]%, enquanto os efeitos de melhora do Humor diminuem em [20,40]%.",,Nenhum,Preferences,Preferências,t11_img_0075_06_01.webp,New
https://github.com/fantasfor/Soulmask/blob/main/Talentos/IconesTalentos/t11_img_0076_06_01.webp?raw=true,Dislikes hippopotamus,Aversão a flamingo,"Feels nauseous near a hippo and loses 6 Mood. For the next 5 minutes, the rate of mood decline increases by 100%, and mood-improving effects decrease by 60%. (During this time, Mood can reach Melancholy state.)","Sente náusea perto de um hipopótamo e perde 6 de Humor. Pelos próximos 5 minutos, a taxa de declínio do Humor aumenta em 100%, e os efeitos de melhora do Humor diminuem em 60%. (Durante esse tempo, o Humor pode atingir o estado de Melancolia.)",,Nenhum,Preferences,Preferências,t11_img_0076_06_01.webp,New
https://github.com/fantasfor/Soulmask/blob/main/Talentos/IconesTalentos/t11_img_0077_06_01.webp?raw=true,Aversion to flamingo,Não gosta de flamingo,"Feels aversion to flamingos and Mood drops by [2,4] when near them. For the next 5 minutes, the rate of mood decline increases by [50,75]%, while mood-improvement effects decrease by [20,40]%.","Sente aversão a flamingos e o Humor cai [2,4] quando próximo a eles. Pelos próximos 5 minutos, a taxa de declínio do Humor aumenta em [50,75]%, enquanto os efeitos de melhora do Humor diminuem em [20,40]%.",,Nenhum,Preferences,Preferências,t11_img_0077_06_01.webp,New
https://github.com/fantasfor/Soulmask/blob/main/Talentos/IconesTalentos/t11_img_0078_06_01.webp?raw=true,Dislikes flamingo,Aversão a boi longhorn,"Feels nauseous near flamingos and loses 6 Mood. For the next 5 minutes, the rate of mood decline increases by 100%, and mood-improving effects decrease by 60%. (During this time, Mood can reach Melancholy state.)","Sente náusea perto de flamingos e perde 6 de Humor. Pelos próximos 5 minutos, a taxa de declínio do Humor aumenta em 100%, e os efeitos de melhora do Humor diminuem em 60%. (Durante esse tempo, o Humor pode atingir o estado de Melancolia.)",,Nenhum,Preferences,Preferências,t11_img_0078_06_01.webp,New
https://github.com/fantasfor/Soulmask/blob/main/Talentos/IconesTalentos/t11_img_0079_06_01.webp?raw=true,Aversion to longhorn,Não gosta de boi longhorn,"Feels aversion to longhorns and Mood drops by [2,4] when near them. For the next 5 minutes, the rate of mood decline increases by [50,75]%, while mood-improvement effects decrease by [20,40]%.","Sente aversão a longhorns e o Humor cai [2,4] quando próximo a eles. Pelos próximos 5 minutos, a taxa de declínio do Humor aumenta em [50,75]%, enquanto os efeitos de melhora do Humor diminuem em [20,40]%.",,Nenhum,Preferences,Preferências,t11_img_0079_06_01.webp,New
https://github.com/fantasfor/Soulmask/blob/main/Talentos/IconesTalentos/t11_img_0080_06_01.webp?raw=true,Dislikes Longhorn,Aversão a tatu-lagarto,"Feels nauseous near a longhorn and loses 6 Mood. For the next 5 minutes, the rate of mood decline increases by 100%, and mood-improving effects decrease by 60%. (During this time, Mood can reach Melancholy state.)","Sente náusea perto de um longhorn e perde 6 de Humor. Pelos próximos 5 minutos, a taxa de declínio do Humor aumenta em 100%, e os efeitos de melhora do Humor diminuem em 60%. (Durante esse tempo, o Humor pode atingir o estado de Melancolia.)",,Nenhum,Preferences,Preferências,t11_img_0080_06_01.webp,New
https://github.com/fantasfor/Soulmask/blob/main/Talentos/IconesTalentos/t11_img_0081_06_01.webp?raw=true,Aversion to armadillo lizard,Não gosta de tatu-lagarto,"Feels aversion to armadillo lizards and Mood drops by [2,4] when near them. For the next 5 minutes, the rate of mood decline increases by [50,75]%, while mood-improvement effects decrease by [20,40]%.","Sente aversão a lagartos-tatu e o Humor cai [2,4] quando próximo a eles. Pelos próximos 5 minutos, a taxa de declínio do Humor aumenta em [50,75]%, enquanto os efeitos de melhora do Humor diminuem em [20,40]%.",,Nenhum,Preferences,Preferências,t11_img_0081_06_01.webp,New
https://github.com/fantasfor/Soulmask/blob/main/Talentos/IconesTalentos/t11_img_0082_06_01.webp?raw=true,Dislikes armadillo lizard,Aversão a piranhas,"Feels nauseous near an armadillo lizard and loses 6 Mood. For the next 5 minutes, the rate of mood decline increases by 100%, and mood-improving effects decrease by 60%. (During this time, Mood can reach Melancholy state.)","Sente náusea perto de um lagarto-tatu e perde 6 de Humor. Pelos próximos 5 minutos, a taxa de declínio do Humor aumenta em 100%, e os efeitos de melhora do Humor diminuem em 60%. (Durante esse tempo, o Humor pode atingir o estado de Melancolia.)",,Nenhum,Preferences,Preferências,t11_img_0082_06_01.webp,New
https://github.com/fantasfor/Soulmask/blob/main/Talentos/IconesTalentos/t11_img_0083_06_01.webp?raw=true,Aversion to piranhas,Não gosta de piranhas,"Feels aversion when near piranhas; Mood drops by [2,4], and for the next 5 minutes, the rate of mood decline increases by [50,75]%, while mood-improvement effects decrease by [20,40]%.","Sente aversão quando perto de piranhas; o Humor cai [2,4], e pelos próximos 5 minutos, a taxa de declínio do Humor aumenta em [50,75]%, enquanto os efeitos de melhora do Humor diminuem em [20,40]%.",,Nenhum,Preferences,Preferências,t11_img_0083_06_01.webp,New
https://github.com/fantasfor/Soulmask/blob/main/Talentos/IconesTalentos/t11_img_0084_06_01.webp?raw=true,Dislikes piranhas,Aversão a galinha,"Feels nauseous near piranhas and loses 6 Mood. For the next 5 minutes, the rate of mood decline increases by 100%, and mood-improving effects decrease by 60%. (During this time, Mood can reach Melancholy state.)","Sente náusea perto de piranhas e perde 6 de Humor. Pelos próximos 5 minutos, a taxa de declínio do Humor aumenta em 100%, e os efeitos de melhora do Humor diminuem em 60%. (Durante esse tempo, o Humor pode atingir o estado de Melancolia.)",,Nenhum,Preferences,Preferências,t11_img_0084_06_01.webp,New
https://github.com/fantasfor/Soulmask/blob/main/Talentos/IconesTalentos/t11_img_0085_06_01.webp?raw=true,Aversion to chicken,Não gosta de galinha,"Feels aversion to chickens and Mood drops by [2,4] when near them. For the next 5 minutes, the rate of mood decline increases by [50,75]%, while mood-improvement effects decrease by [20,40]%.","Sente aversão a galinhas e o Humor cai [2,4] quando próximo a elas. Pelos próximos 5 minutos, a taxa de declínio do Humor aumenta em [50,75]%, enquanto os efeitos de melhora do Humor diminuem em [20,40]%.",,Nenhum,Preferences,Preferências,t11_img_0085_06_01.webp,New
https://github.com/fantasfor/Soulmask/blob/main/Talentos/IconesTalentos/t11_img_0086_06_01.webp?raw=true,Dislikes chicken,Aversão a tartaruga,"Feels nauseous near chickens and loses 6 Mood. For the next 5 minutes, the rate of mood decline increases by 100%, and mood-improving effects decrease by 60%. (During this time, Mood can reach Melancholy state.)","Sente náusea perto de galinhas e perde 6 de Humor. Pelos próximos 5 minutos, a taxa de declínio do Humor aumenta em 100%, e os efeitos de melhora do Humor diminuem em 60%. (Durante esse tempo, o Humor pode atingir o estado de Melancolia.)",,Nenhum,Preferences,Preferências,t11_img_0086_06_01.webp,New
https://github.com/fantasfor/Soulmask/blob/main/Talentos/IconesTalentos/t11_img_0087_06_01.webp?raw=true,Aversion to tortoise,Não gosta de tartaruga,"Feels aversion to tortoises and Mood drops by [2,4] when near them. For the next 5 minutes, the rate of mood decline increases by [50,75]%, while mood-improvement effects decrease by [20,40]%.","Sente aversão a tartarugas e o Humor cai [2,4] quando próximo a elas. Pelos próximos 5 minutos, a taxa de declínio do Humor aumenta em [50,75]%, enquanto os efeitos de melhora do Humor diminuem em [20,40]%.",,Nenhum,Preferences,Preferências,t11_img_0087_06_01.webp,New
https://github.com/fantasfor/Soulmask/blob/main/Talentos/IconesTalentos/t11_img_0088_06_01.webp?raw=true,Dislikes tortoise,Aversão a elefante gigante,"Feels nauseous near a tortoise and loses 6 Mood. For the next 5 minutes, the rate of mood decline increases by 100%, and mood-improving effects decrease by 60%. (During this time, Mood can reach Melancholy state.)","Sente náusea perto de uma tartaruga e perde 6 de Humor. Pelos próximos 5 minutos, a taxa de declínio do Humor aumenta em 100%, e os efeitos de melhora do Humor diminuem em 60%. (Durante esse tempo, o Humor pode atingir o estado de Melancolia.)",,Nenhum,Preferences,Preferências,t11_img_0088_06_01.webp,New
https://github.com/fantasfor/Soulmask/blob/main/Talentos/IconesTalentos/t11_img_0089_06_01.webp?raw=true,Aversion to giant elephant,Não gosta de elefante gigante,"Feels aversion to giant elephants and Mood drops by [2,4] when near them. For the next 5 minutes, the rate of mood decline increases by [50,75]%, while mood-improvement effects decrease by [20,40]%.","Sente aversão a elefantes gigantes e o Humor cai [2,4] quando próximo a eles. Pelos próximos 5 minutos, a taxa de declínio do Humor aumenta em [50,75]%, enquanto os efeitos de melhora do Humor diminuem em [20,40]%.",,Nenhum,Preferences,Preferências,t11_img_0089_06_01.webp,New
https://github.com/fantasfor/Soulmask/blob/main/Talentos/IconesTalentos/t11_img_0090_06_01.webp?raw=true,Dislikes giant elephant,Aversão a animais,"Feels nauseous near a giant elephant and loses 6 Mood. For the next 5 minutes, the rate of mood decline increases by 100%, and mood-improving effects decrease by 60%. (During this time, Mood can reach Melancholy state.)","Sente náusea perto de um elefante gigante e perde 6 de Humor. Pelos próximos 5 minutos, a taxa de declínio do Humor aumenta em 100%, e os efeitos de melhora do Humor diminuem em 60%. (Durante esse tempo, o Humor pode atingir o estado de Melancolia.)",,Nenhum,Preferences,Preferências,t11_img_0090_06_01.webp,New
https://github.com/fantasfor/Soulmask/blob/main/Talentos/IconesTalentos/t11_img_0091_06_01.webp?raw=true,Aversion to animals,Não gosta de animais,"Feels aversion to any animal and Mood drops by [2,4] when near them. For the next 5 minutes, the rate of mood decline increases by [50,75]%, while mood-improvement effects decrease by [20,40]%.","Sente aversão a qualquer animal e o Humor cai [2,4] quando próximo a eles. Pelos próximos 5 minutos, a taxa de declínio do Humor aumenta em [50,75]%, enquanto os efeitos de melhora do Humor diminuem em [20,40]%.",,Nenhum,Preferences,Preferências,t11_img_0091_06_01.webp,New
https://github.com/fantasfor/Soulmask/blob/main/Talentos/IconesTalentos/t11_img_0092_06_01.webp?raw=true,Dislikes animals,Aversão a Animais,"Feels nauseous near any animal and loses 6 Mood. For the next 5 minutes, the rate of mood decline increases by 100%, and mood-improving effects decrease by 60%. (During this time, Mood can reach Melancholy state.)","Sente náusea perto de qualquer animal e perde 6 de Humor. Pelos próximos 5 minutos, a taxa de declínio do Humor aumenta em 100%, e os efeitos de melhora do Humor diminuem em 60%. (Durante esse tempo, o Humor pode atingir o estado de Melancolia.)",,Nenhum,Preferences,Preferências,t11_img_0092_06_01.webp,New
